,,,,,,,,,,,,,,,,,,,,,,,,,,,,,,
,"IMPORTANT:
1->10->2->3->-4>...",,Revisit - new,,,Annotator,,,,,,,,,,,,,,,,,,,,,,,,Revisit
question,video_path,task,,State 1,State 2,,perceptual_challenge,state_type,inference_demand,Exclude,,,,,,,,,,,,,,,,,,,,
"From the reader's perspective, how many pages were turned? Answer with a positive number if the page number increased (turned forward), a negative number if it decreased (turned backward), or 0 if it remained the same.",/nas2/benchmarks/vpi/real/processed/book/0001_pt1.mp4,book,No,Count,Atmoic,Sihyun,Action ambiguity,Counter,Readout,FALSE,,,,,,,,,,,,,,,,,,,,No
"From the reader's perspective, how many pages were turned? Answer with a positive number if the page number increased (turned forward), a negative number if it decreased (turned backward), or 0 if it remained the same.",/nas2/benchmarks/vpi/real/processed/book/0002_pt1.mp4,book,No,Count,Atmoic,Sihyun,Action ambiguity,Counter,Readout,FALSE,,,,,,,,,,,,,,,,,,,,No
"From the reader's perspective, how many pages were turned? Answer with a positive number if the page number increased (turned forward), a negative number if it decreased (turned backward), or 0 if it remained the same.",/nas2/benchmarks/vpi/real/processed/book/0003_pt1.mp4,book,No,Count,Atmoic,Sihyun,Action ambiguity,Counter,Readout,FALSE,,,,,,,,,,,,,,,,,,,,No
"From the reader's perspective, how many pages were turned? Answer with a positive number if the page number increased (turned forward), a negative number if it decreased (turned backward), or 0 if it remained the same.",/nas2/benchmarks/vpi/real/processed/book/0004_pt1.mp4,book,No,Count,Atmoic,Sihyun,Action ambiguity,Counter,Readout,FALSE,,,,,,,,,,,,,,,,,,,,No
"From the reader's perspective, how many pages were turned? Answer with a positive number if the page number increased (turned forward), a negative number if it decreased (turned backward), or 0 if it remained the same.",/nas2/benchmarks/vpi/real/processed/book/0005_pt1.mp4,book,No,Count,Atmoic,Sihyun,Action ambiguity,Counter,Readout,FALSE,,,,,,,,,,,,,,,,,,,,No
"From the reader's perspective, how many pages were turned? Answer with a positive number if the page number increased (turned forward), a negative number if it decreased (turned backward), or 0 if it remained the same.",/nas2/benchmarks/vpi/real/processed/book/0006_pt1.mp4,book,No,Count,Atmoic,Sihyun,Action ambiguity,Counter,Readout,FALSE,,,,,,,,,,,,,,,,,,,,No
"From the reader's perspective, how many pages were turned? Answer with a positive number if the page number increased (turned forward), a negative number if it decreased (turned backward), or 0 if it remained the same.",/nas2/benchmarks/vpi/real/processed/book/0007_pt1.mp4,book,No,Count,Atmoic,Sihyun,Action ambiguity,Counter,Readout,FALSE,,,,,,,,,,,,,,,,,,,,No
"From the reader's perspective, how many pages were turned? Answer with a positive number if the page number increased (turned forward), a negative number if it decreased (turned backward), or 0 if it remained the same.",/nas2/benchmarks/vpi/real/processed/book/0008_pt1.mp4,book,No,Count,Atmoic,Sihyun,Action ambiguity,Counter,Readout,FALSE,,,,,,,,,,,,,,,,,,,,No
"From the reader's perspective, how many pages were turned? Answer with a positive number if the page number increased (turned forward), a negative number if it decreased (turned backward), or 0 if it remained the same.",/nas2/benchmarks/vpi/real/processed/book/0009_pt1.mp4,book,No,Count,Atmoic,Sihyun,Action ambiguity,Counter,Readout,FALSE,,,,,,,,,,,,,,,,,,,,No
"From the reader's perspective, how many pages were turned? Answer with a positive number if the page number increased (turned forward), a negative number if it decreased (turned backward), or 0 if it remained the same.",/nas2/benchmarks/vpi/real/processed/book/0010_pt1.mp4,book,No,Count,Atmoic,Sihyun,Action ambiguity,Counter,Readout,FALSE,,,,,,,,,,,,,,,,,,,,No
"A ball was placed at corner 1 (Top-Left). At the end of the video, at which corner (1-4) is the ball now? Corner mapping: 1=Top-Left, 2=Top-Right, 3=Bottom-Right, 4=Bottom-Left.
 
 (A) 4
 (B) 1
 (C) 3
 (D) 2",/nas2/benchmarks/vpi/real/processed/tilt_box/0001_pt1.mp4,tilt_box,No,Location,Atmoic,Sihyun,Occlusion,Discrete location,Readout,FALSE,,,,,,,,,,,,,,,,,,,,No
"A ball was placed at corner 3 (Bottom-Right). At the end of the video, at which corner (1-4) is the ball now? Corner mapping: 1=Top-Left, 2=Top-Right, 3=Bottom-Right, 4=Bottom-Left.
 
 (A) 2
 (B) 4
 (C) 3
 (D) 1",/nas2/benchmarks/vpi/real/processed/tilt_box/0002_pt1.mp4,tilt_box,No,Location,Atmoic,Sihyun,Occlusion,Discrete location,Readout,FALSE,,,,,,,,,,,,,,,,,,,,No
"A ball was placed at corner 2 (Top-Right). At the end of the video, at which corner (1-4) is the ball now? Corner mapping: 1=Top-Left, 2=Top-Right, 3=Bottom-Right, 4=Bottom-Left.
 
 (A) 4
 (B) 1
 (C) 3
 (D) 2",/nas2/benchmarks/vpi/real/processed/tilt_box/0003_pt1.mp4,tilt_box,No,Location,Atmoic,Sihyun,Occlusion,Discrete location,Readout,FALSE,,,,,,,,,,,,,,,,,,,,No
"A ball was placed at corner 4 (Bottom-Left). At the end of the video, at which corner (1-4) is the ball now? Corner mapping: 1=Top-Left, 2=Top-Right, 3=Bottom-Right, 4=Bottom-Left.
 
 (A) 2
 (B) 1
 (C) 4
 (D) 3",/nas2/benchmarks/vpi/real/processed/tilt_box/0004_pt1.mp4,tilt_box,No,Location,Atmoic,Sihyun,Occlusion,Discrete location,Readout,FALSE,,,,,,,,,,,,,,,,,,,,No
"A ball was placed at corner 3 (Bottom-Right). At the end of the video, at which corner (1-4) is the ball now? Corner mapping: 1=Top-Left, 2=Top-Right, 3=Bottom-Right, 4=Bottom-Left.
 
 (A) 4
 (B) 1
 (C) 2
 (D) 3",/nas2/benchmarks/vpi/real/processed/tilt_box/0005_pt1.mp4,tilt_box,No,Location,Atmoic,Sihyun,Occlusion,Discrete location,Readout,FALSE,,,,,,,,,,,,,,,,,,,,No
"A ball was placed at corner 1 (Top-Left). At the end of the video, at which corner (1-4) is the ball now? Corner mapping: 1=Top-Left, 2=Top-Right, 3=Bottom-Right, 4=Bottom-Left.
 
 (A) 2
 (B) 4
 (C) 1
 (D) 3",/nas2/benchmarks/vpi/real/processed/tilt_box/0006_pt1.mp4,tilt_box,No,Location,Atmoic,Sihyun,Occlusion,Discrete location,Readout,FALSE,,,,,,,,,,,,,,,,,,,,No
"A ball was placed at corner 3 (Bottom-Right). At the end of the video, at which corner (1-4) is the ball now? Corner mapping: 1=Top-Left, 2=Top-Right, 3=Bottom-Right, 4=Bottom-Left.
 
 (A) 2
 (B) 3
 (C) 4
 (D) 1",/nas2/benchmarks/vpi/real/processed/tilt_box/0007_pt1.mp4,tilt_box,No,Location,Atmoic,Sihyun,Occlusion,Discrete location,Readout,FALSE,,,,,,,,,,,,,,,,,,,,No
"A ball was placed at corner 1 (Top-Left). At the end of the video, at which corner (1-4) is the ball now? Corner mapping: 1=Top-Left, 2=Top-Right, 3=Bottom-Right, 4=Bottom-Left.
 
 (A) 3
 (B) 1
 (C) 4
 (D) 2",/nas2/benchmarks/vpi/real/processed/tilt_box/0008_pt1.mp4,tilt_box,No,Location,Atmoic,Sihyun,Occlusion,Discrete location,Readout,FALSE,,,,,,,,,,,,,,,,,,,,No
"A ball was placed at corner 3 (Bottom-Right). At the end of the video, at which corner (1-4) is the ball now? Corner mapping: 1=Top-Left, 2=Top-Right, 3=Bottom-Right, 4=Bottom-Left.
 
 (A) 4
 (B) 2
 (C) 1
 (D) 3",/nas2/benchmarks/vpi/real/processed/tilt_box/0009_pt1.mp4,tilt_box,No,Location,Atmoic,Sihyun,Occlusion,Discrete location,Readout,FALSE,,,,,,,,,,,,,,,,,,,,No
"A ball was placed at corner 4 (Bottom-Left). At the end of the video, at which corner (1-4) is the ball now? Corner mapping: 1=Top-Left, 2=Top-Right, 3=Bottom-Right, 4=Bottom-Left.
 
 (A) 1
 (B) 2
 (C) 3
 (D) 4",/nas2/benchmarks/vpi/real/processed/tilt_box/0010_pt1.mp4,tilt_box,No,Location,Atmoic,Sihyun,Occlusion,Discrete location,Readout,FALSE,,,,,,,,,,,,,,,,,,,,No
"At the end of the video, which position is the cup (that contains the smaller cup) in? Left, Center, or Right? Answer from the viewer's perspective.
 
 (A) Center
 (B) Left
 (C) Right",/nas2/benchmarks/vpi/real/processed/shell_game/0001_pt1.mp4,shell_game,No,Location,Atmoic,Sihyun,"Occlusion, Homogeneity",Continuous location,Readout,FALSE,,,,,,,,,,,,,,,,,,,,No
"At the end of the video, which position is the cup (that contains the smaller cup) in? Left, Center, or Right? Answer from the viewer's perspective.
 
 (A) Center
 (B) Right
 (C) Left",/nas2/benchmarks/vpi/real/processed/shell_game/0002_pt1.mp4,shell_game,No,Location,Atmoic,Sihyun,"Occlusion, Homogeneity",Continuous location,Readout,FALSE,,,,,,,,,,,,,,,,,,,,No
"At the end of the video, which position is the cup (that contains the smaller cup) in? Left, Center, or Right? Answer from the viewer's perspective.
 
 (A) Right
 (B) Left
 (C) Center",/nas2/benchmarks/vpi/real/processed/shell_game/0003_pt1.mp4,shell_game,No,Location,Atmoic,Sihyun,"Occlusion, Homogeneity",Continuous location,Readout,FALSE,,,,,,,,,,,,,,,,,,,,No
"At the end of the video, which position is the cup (that contains the smaller cup) in? Left, Center, or Right? Answer from the viewer's perspective.
 
 (A) Center
 (B) Left
 (C) Right",/nas2/benchmarks/vpi/real/processed/shell_game/0004_pt1.mp4,shell_game,No,Location,Atmoic,Sihyun,"Occlusion, Homogeneity",Continuous location,Readout,FALSE,,,,,,,,,,,,,,,,,,,,No
"At the end of the video, which position is the cup (that contains the smaller cup) in? Left, Center, or Right? Answer from the viewer's perspective.
 
 (A) Right
 (B) Left
 (C) Center",/nas2/benchmarks/vpi/real/processed/shell_game/0005_pt1.mp4,shell_game,No,Location,Atmoic,Sihyun,"Occlusion, Homogeneity",Continuous location,Readout,FALSE,,,,,,,,,,,,,,,,,,,,No
"At the end of the video, which position is the cup (that contains the smaller cup) in? Left, Center, or Right? Answer from the viewer's perspective.
 
 (A) Left
 (B) Center
 (C) Right",/nas2/benchmarks/vpi/real/processed/shell_game/0006_pt1.mp4,shell_game,No,Location,Atmoic,Sihyun,"Occlusion, Homogeneity",Continuous location,Readout,FALSE,,,,,,,,,,,,,,,,,,,,No
"At the end of the video, which position is the cup (that contains the smaller cup) in? Left, Center, or Right? Answer from the viewer's perspective.
 
 (A) Center
 (B) Right
 (C) Left",/nas2/benchmarks/vpi/real/processed/shell_game/0007_pt1.mp4,shell_game,No,Location,Atmoic,Sihyun,"Occlusion, Homogeneity",Continuous location,Readout,FALSE,,,,,,,,,,,,,,,,,,,,No
"At the end of the video, which position is the cup (that contains the smaller cup) in? Left, Center, or Right? Answer from the viewer's perspective.
 
 (A) Center
 (B) Left
 (C) Right",/nas2/benchmarks/vpi/real/processed/shell_game/0008_pt1.mp4,shell_game,No,Location,Atmoic,Sihyun,"Occlusion, Homogeneity",Continuous location,Readout,FALSE,,,,,,,,,,,,,,,,,,,,No
"At the end of the video, which position is the cup (that contains the smaller cup) in? Left, Center, or Right? Answer from the viewer's perspective.
 
 (A) Center
 (B) Right
 (C) Left",/nas2/benchmarks/vpi/real/processed/shell_game/0009_pt1.mp4,shell_game,No,Location,Atmoic,Sihyun,"Occlusion, Homogeneity",Continuous location,Readout,FALSE,,,,,,,,,,,,,,,,,,,,No
"At the end of the video, which position is the cup (that contains the smaller cup) in? Left, Center, or Right? Answer from the viewer's perspective.
 
 (A) Right
 (B) Center
 (C) Left",/nas2/benchmarks/vpi/real/processed/shell_game/0010_pt1.mp4,shell_game,No,Location,Atmoic,Sihyun,"Occlusion, Homogeneity",Continuous location,Readout,FALSE,,,,,,,,,,,,,,,,,,,,No
"What word was typed on the keyboard?
 
 (A) engrapple
 (B) interpole
 (C) incapable
 (D) pineapple",/nas2/benchmarks/vpi/real/processed/keyboard/0001_pt1.mp4,keyboard,No,Location,Sequence,Sihyun,"Symbolic decoding, Action ambiguity",Sequence,Readout,FALSE,,,,,,,,,,,,,,,,,,,,No
"What word was typed on the keyboard?
 
 (A) egestion
 (B) questman
 (C) adustion
 (D) question",/nas2/benchmarks/vpi/real/processed/keyboard/0002_pt1.mp4,keyboard,No,Location,Sequence,Sihyun,"Symbolic decoding, Action ambiguity",Sequence,Readout,FALSE,,,,,,,,,,,,,,,,,,,,No
"What word was typed on the keyboard?
 
 (A) anatomize
 (B) customize
 (C) castorite
 (D) burtonize",/nas2/benchmarks/vpi/real/processed/keyboard/0003_pt1.mp4,keyboard,No,Location,Sequence,Sihyun,"Symbolic decoding, Action ambiguity",Sequence,Readout,FALSE,,,,,,,,,,,,,,,,,,,,No
"What word was typed on the keyboard?
 
 (A) chrismary
 (B) christmas
 (C) christiad
 (D) christian",/nas2/benchmarks/vpi/real/processed/keyboard/0004_pt1.mp4,keyboard,No,Location,Sequence,Sihyun,"Symbolic decoding, Action ambiguity",Sequence,Readout,FALSE,,,,,,,,,,,,,,,,,,,,No
"What word was typed on the keyboard?
 
 (A) staggard
 (B) standard
 (C) spaniard
 (D) standage",/nas2/benchmarks/vpi/real/processed/keyboard/0005_pt1.mp4,keyboard,No,Location,Sequence,Sihyun,"Symbolic decoding, Action ambiguity",Sequence,Readout,FALSE,,,,,,,,,,,,,,,,,,,,No
"What word was typed on the keyboard?
 
 (A) warplane
 (B) acrylate
 (C) airedale
 (D) airplane",/nas2/benchmarks/vpi/real/processed/keyboard/0006_pt1.mp4,keyboard,No,Location,Sequence,Sihyun,"Symbolic decoding, Action ambiguity",Sequence,Readout,FALSE,,,,,,,,,,,,,,,,,,,,No
"What word was typed on the keyboard?
 
 (A) monitor
 (B) ignitor
 (C) donator
 (D) genitor",/nas2/benchmarks/vpi/real/processed/keyboard/0007_pt1.mp4,keyboard,No,Location,Sequence,Sihyun,"Symbolic decoding, Action ambiguity",Sequence,Readout,FALSE,,,,,,,,,,,,,,,,,,,,No
"What word was typed on the keyboard?
 
 (A) stairless
 (B) smearcase
 (C) stairwise
 (D) staircase",/nas2/benchmarks/vpi/real/processed/keyboard/0008_pt1.mp4,keyboard,No,Location,Sequence,Sihyun,"Symbolic decoding, Action ambiguity",Sequence,Readout,FALSE,,,,,,,,,,,,,,,,,,,,No
"What word was typed on the keyboard?
 
 (A) bricking
 (B) drinking
 (C) chinking
 (D) blinking",/nas2/benchmarks/vpi/real/processed/keyboard/0009_pt1.mp4,keyboard,No,Location,Sequence,Sihyun,"Symbolic decoding, Action ambiguity",Sequence,Readout,FALSE,,,,,,,,,,,,,,,,,,,,No
"What word was typed on the keyboard?
 
 (A) inherence
 (B) deference
 (C) inference
 (D) imperence",/nas2/benchmarks/vpi/real/processed/keyboard/0010_pt1.mp4,keyboard,No,Location,Sequence,Sihyun,"Symbolic decoding, Action ambiguity",Sequence,Readout,FALSE,,,,,,,,,,,,,,,,,,,,No
"What text message is encoded by the Morse light flashes? Use this Morse mapping: A=.-, B=-..., C=-.-., D=-.., E=., F=..-., G=--., H=...., I=.., J=.---, K=-.-, L=.-.., M=--, N=-., O=---, P=.--., Q=--.-, R=.-., S=..., T=-, U=..-, V=...-, W=.--, X=-..-, Y=-.--, Z=--.., 0=-----, 1=.----, 2=..---, 3=...--, 4=....-, 5=....., 6=-...., 7=--..., 8=---.., 9=----., .=.-.-.-, ,=--..--, ?=..--.., '=.----., !=-.-.--, /=-..-., (=-.--., )=-.--.-, &=.-..., :=---..., ;=-.-.-., ==-...-, +=.-.-., -=-....-, _=..--.-, ""=.-..-., $=...-..-, @=.--.-.
 
 (A) ABELE
 (B) APPLY
 (C) AMPLE
 (D) APPLE",/nas2/benchmarks/vpi/real/processed/morse/0001_pt1.mp4,morse,No,Attribute,Sequence,Sihyun,Symbolic decoding,Sequence,Readout,FALSE,,,,,,,,,,,,,,,,,,,,No
"What text message is encoded by the Morse light flashes? Use this Morse mapping: A=.-, B=-..., C=-.-., D=-.., E=., F=..-., G=--., H=...., I=.., J=.---, K=-.-, L=.-.., M=--, N=-., O=---, P=.--., Q=--.-, R=.-., S=..., T=-, U=..-, V=...-, W=.--, X=-..-, Y=-.--, Z=--.., 0=-----, 1=.----, 2=..---, 3=...--, 4=....-, 5=....., 6=-...., 7=--..., 8=---.., 9=----., .=.-.-.-, ,=--..--, ?=..--.., '=.----., !=-.-.--, /=-..-., (=-.--., )=-.--.-, &=.-..., :=---..., ;=-.-.-., ==-...-, +=.-.-., -=-....-, _=..--.-, ""=.-..-., $=...-..-, @=.--.-.
 
 (A) BANABA
 (B) ANANAS
 (C) ANANDA
 (D) BANANA",/nas2/benchmarks/vpi/real/processed/morse/0002_pt1.mp4,morse,No,Attribute,Sequence,Sihyun,Symbolic decoding,Sequence,Readout,FALSE,,,,,,,,,,,,,,,,,,,,No
"What text message is encoded by the Morse light flashes? Use this Morse mapping: A=.-, B=-..., C=-.-., D=-.., E=., F=..-., G=--., H=...., I=.., J=.---, K=-.-, L=.-.., M=--, N=-., O=---, P=.--., Q=--.-, R=.-., S=..., T=-, U=..-, V=...-, W=.--, X=-..-, Y=-.--, Z=--.., 0=-----, 1=.----, 2=..---, 3=...--, 4=....-, 5=....., 6=-...., 7=--..., 8=---.., 9=----., .=.-.-.-, ,=--..--, ?=..--.., '=.----., !=-.-.--, /=-..-., (=-.--., )=-.--.-, &=.-..., :=---..., ;=-.-.-., ==-...-, +=.-.-., -=-....-, _=..--.-, ""=.-..-., $=...-..-, @=.--.-.
 
 (A) PHENE
 (B) PHONE
 (C) PHONY
 (D) PHONO",/nas2/benchmarks/vpi/real/processed/morse/0003_pt1.mp4,morse,No,Attribute,Sequence,Sihyun,Symbolic decoding,Sequence,Readout,FALSE,,,,,,,,,,,,,,,,,,,,No
"What text message is encoded by the Morse light flashes? Use this Morse mapping: A=.-, B=-..., C=-.-., D=-.., E=., F=..-., G=--., H=...., I=.., J=.---, K=-.-, L=.-.., M=--, N=-., O=---, P=.--., Q=--.-, R=.-., S=..., T=-, U=..-, V=...-, W=.--, X=-..-, Y=-.--, Z=--.., 0=-----, 1=.----, 2=..---, 3=...--, 4=....-, 5=....., 6=-...., 7=--..., 8=---.., 9=----., .=.-.-.-, ,=--..--, ?=..--.., '=.----., !=-.-.--, /=-..-., (=-.--., )=-.--.-, &=.-..., :=---..., ;=-.-.-., ==-...-, +=.-.-., -=-....-, _=..--.-, ""=.-..-., $=...-..-, @=.--.-.
 
 (A) LIGHT
 (B) EIGHT
 (C) DIGHT
 (D) BIGHT",/nas2/benchmarks/vpi/real/processed/morse/0004_pt1.mp4,morse,No,Attribute,Sequence,Sihyun,Symbolic decoding,Sequence,Readout,FALSE,,,,,,,,,,,,,,,,,,,,No
"What text message is encoded by the Morse light flashes? Use this Morse mapping: A=.-, B=-..., C=-.-., D=-.., E=., F=..-., G=--., H=...., I=.., J=.---, K=-.-, L=.-.., M=--, N=-., O=---, P=.--., Q=--.-, R=.-., S=..., T=-, U=..-, V=...-, W=.--, X=-..-, Y=-.--, Z=--.., 0=-----, 1=.----, 2=..---, 3=...--, 4=....-, 5=....., 6=-...., 7=--..., 8=---.., 9=----., .=.-.-.-, ,=--..--, ?=..--.., '=.----., !=-.-.--, /=-..-., (=-.--., )=-.--.-, &=.-..., :=---..., ;=-.-.-., ==-...-, +=.-.-., -=-....-, _=..--.-, ""=.-..-., $=...-..-, @=.--.-.
 
 (A) SHIRK
 (B) SHIRE
 (C) SHIRT
 (D) SHIFT",/nas2/benchmarks/vpi/real/processed/morse/0005_pt1.mp4,morse,No,Attribute,Sequence,Sihyun,Symbolic decoding,Sequence,Readout,FALSE,,,,,,,,,,,,,,,,,,,,No
"What text message is encoded by the Morse light flashes? Use this Morse mapping: A=.-, B=-..., C=-.-., D=-.., E=., F=..-., G=--., H=...., I=.., J=.---, K=-.-, L=.-.., M=--, N=-., O=---, P=.--., Q=--.-, R=.-., S=..., T=-, U=..-, V=...-, W=.--, X=-..-, Y=-.--, Z=--.., 0=-----, 1=.----, 2=..---, 3=...--, 4=....-, 5=....., 6=-...., 7=--..., 8=---.., 9=----., .=.-.-.-, ,=--..--, ?=..--.., '=.----., !=-.-.--, /=-..-., (=-.--., )=-.--.-, &=.-..., :=---..., ;=-.-.-., ==-...-, +=.-.-., -=-....-, _=..--.-, ""=.-..-., $=...-..-, @=.--.-.
 
 (A) CAPTOR
 (B) LAWTON
 (C) LAPTOP
 (D) LACTOL",/nas2/benchmarks/vpi/real/processed/morse/0006_pt1.mp4,morse,No,Attribute,Sequence,Sihyun,Symbolic decoding,Sequence,Readout,FALSE,,,,,,,,,,,,,,,,,,,,No
"What text message is encoded by the Morse light flashes? Use this Morse mapping: A=.-, B=-..., C=-.-., D=-.., E=., F=..-., G=--., H=...., I=.., J=.---, K=-.-, L=.-.., M=--, N=-., O=---, P=.--., Q=--.-, R=.-., S=..., T=-, U=..-, V=...-, W=.--, X=-..-, Y=-.--, Z=--.., 0=-----, 1=.----, 2=..---, 3=...--, 4=....-, 5=....., 6=-...., 7=--..., 8=---.., 9=----., .=.-.-.-, ,=--..--, ?=..--.., '=.----., !=-.-.--, /=-..-., (=-.--., )=-.--.-, &=.-..., :=---..., ;=-.-.-., ==-...-, +=.-.-., -=-....-, _=..--.-, ""=.-..-., $=...-..-, @=.--.-.
 
 (A) FABLE
 (B) GABLE
 (C) TABLE
 (D) CABLE",/nas2/benchmarks/vpi/real/processed/morse/0007_pt1.mp4,morse,No,Attribute,Sequence,Sihyun,Symbolic decoding,Sequence,Readout,FALSE,,,,,,,,,,,,,,,,,,,,No
"What text message is encoded by the Morse light flashes? Use this Morse mapping: A=.-, B=-..., C=-.-., D=-.., E=., F=..-., G=--., H=...., I=.., J=.---, K=-.-, L=.-.., M=--, N=-., O=---, P=.--., Q=--.-, R=.-., S=..., T=-, U=..-, V=...-, W=.--, X=-..-, Y=-.--, Z=--.., 0=-----, 1=.----, 2=..---, 3=...--, 4=....-, 5=....., 6=-...., 7=--..., 8=---.., 9=----., .=.-.-.-, ,=--..--, ?=..--.., '=.----., !=-.-.--, /=-..-., (=-.--., )=-.--.-, &=.-..., :=---..., ;=-.-.-., ==-...-, +=.-.-., -=-....-, _=..--.-, ""=.-..-., $=...-..-, @=.--.-.
 
 (A) ZABRA
 (B) BEIRA
 (C) BESRA
 (D) ZEBRA",/nas2/benchmarks/vpi/real/processed/morse/0008_pt1.mp4,morse,No,Attribute,Sequence,Sihyun,Symbolic decoding,Sequence,Readout,FALSE,,,,,,,,,,,,,,,,,,,,No
"What text message is encoded by the Morse light flashes? Use this Morse mapping: A=.-, B=-..., C=-.-., D=-.., E=., F=..-., G=--., H=...., I=.., J=.---, K=-.-, L=.-.., M=--, N=-., O=---, P=.--., Q=--.-, R=.-., S=..., T=-, U=..-, V=...-, W=.--, X=-..-, Y=-.--, Z=--.., 0=-----, 1=.----, 2=..---, 3=...--, 4=....-, 5=....., 6=-...., 7=--..., 8=---.., 9=----., .=.-.-.-, ,=--..--, ?=..--.., '=.----., !=-.-.--, /=-..-., (=-.--., )=-.--.-, &=.-..., :=---..., ;=-.-.-., ==-...-, +=.-.-., -=-....-, _=..--.-, ""=.-..-., $=...-..-, @=.--.-.
 
 (A) CAMARA
 (B) BAIERA
 (C) BAHERA
 (D) CAMERA",/nas2/benchmarks/vpi/real/processed/morse/0009_pt1.mp4,morse,No,Attribute,Sequence,Sihyun,Symbolic decoding,Sequence,Readout,FALSE,,,,,,,,,,,,,,,,,,,,No
"What text message is encoded by the Morse light flashes? Use this Morse mapping: A=.-, B=-..., C=-.-., D=-.., E=., F=..-., G=--., H=...., I=.., J=.---, K=-.-, L=.-.., M=--, N=-., O=---, P=.--., Q=--.-, R=.-., S=..., T=-, U=..-, V=...-, W=.--, X=-..-, Y=-.--, Z=--.., 0=-----, 1=.----, 2=..---, 3=...--, 4=....-, 5=....., 6=-...., 7=--..., 8=---.., 9=----., .=.-.-.-, ,=--..--, ?=..--.., '=.----., !=-.-.--, /=-..-., (=-.--., )=-.--.-, &=.-..., :=---..., ;=-.-.-., ==-...-, +=.-.-., -=-....-, _=..--.-, ""=.-..-., $=...-..-, @=.--.-.
 
 (A) COFFEE
 (B) COFFER
 (C) COFFEA
 (D) COFFLE",/nas2/benchmarks/vpi/real/processed/morse/0010_pt1.mp4,morse,No,Attribute,Sequence,Sihyun,Symbolic decoding,Sequence,Readout,FALSE,,,,,,,,,,,,,,,,,,,,No
"Which two numbers on the number pad were not pressed? Answer with two numbers separated by a comma.
 
 (A) 0,7
 (B) 1,7
 (C) 5,7
 (D) 2,7",/nas2/benchmarks/vpi/real/processed/numberpad/0001_pt1.mp4,numberpad,No,Location,Set,Sihyun,"Action ambiguity, Symbolic decoding",Set,Readout,FALSE,,,,,,,,,,,,,,,,,,,,No
"Which two numbers on the number pad were not pressed? Answer with two numbers separated by a comma.
 
 (A) 2,4
 (B) 1,4
 (C) 0,4
 (D) 3,4",/nas2/benchmarks/vpi/real/processed/numberpad/0002_pt1.mp4,numberpad,No,Location,Set,Sihyun,"Action ambiguity, Symbolic decoding",Set,Readout,FALSE,,,,,,,,,,,,,,,,,,,,No
"Which two numbers on the number pad were not pressed? Answer with two numbers separated by a comma.
 
 (A) 5,9
 (B) 0,9
 (C) 2,9
 (D) 1,9",/nas2/benchmarks/vpi/real/processed/numberpad/0003_pt1.mp4,numberpad,No,Location,Set,Sihyun,"Action ambiguity, Symbolic decoding",Set,Readout,FALSE,,,,,,,,,,,,,,,,,,,,No
"Which two numbers on the number pad were not pressed? Answer with two numbers separated by a comma.
 
 (A) 0,7
 (B) 0,3
 (C) 0,2
 (D) 0,1",/nas2/benchmarks/vpi/real/processed/numberpad/0004_pt1.mp4,numberpad,No,Location,Set,Sihyun,"Action ambiguity, Symbolic decoding",Set,Readout,FALSE,,,,,,,,,,,,,,,,,,,,No
"Which two numbers on the number pad were not pressed? Answer with two numbers separated by a comma.
 
 (A) 2,6
 (B) 0,6
 (C) 4,6
 (D) 1,6",/nas2/benchmarks/vpi/real/processed/numberpad/0005_pt1.mp4,numberpad,No,Location,Set,Sihyun,"Action ambiguity, Symbolic decoding",Set,Readout,FALSE,,,,,,,,,,,,,,,,,,,,No
"Which two numbers on the number pad were not pressed? Answer with two numbers separated by a comma.
 
 (A) 1,2
 (B) 1,3
 (C) 1,8
 (D) 0,8",/nas2/benchmarks/vpi/real/processed/numberpad/0006_pt1.mp4,numberpad,No,Location,Set,Sihyun,"Action ambiguity, Symbolic decoding",Set,Readout,FALSE,,,,,,,,,,,,,,,,,,,,No
"Which two numbers on the number pad were not pressed? Answer with two numbers separated by a comma.
 
 (A) 2,3
 (B) 0,9
 (C) 1,9
 (D) 2,9",/nas2/benchmarks/vpi/real/processed/numberpad/0007_pt1.mp4,numberpad,No,Location,Set,Sihyun,"Action ambiguity, Symbolic decoding",Set,Readout,FALSE,,,,,,,,,,,,,,,,,,,,No
"Which two numbers on the number pad were not pressed? Answer with two numbers separated by a comma.
 
 (A) 2,5
 (B) 0,5
 (C) 3,5
 (D) 1,5",/nas2/benchmarks/vpi/real/processed/numberpad/0008_pt1.mp4,numberpad,No,Location,Set,Sihyun,"Action ambiguity, Symbolic decoding",Set,Readout,FALSE,,,,,,,,,,,,,,,,,,,,No
"Which two numbers on the number pad were not pressed? Answer with two numbers separated by a comma.
 
 (A) 0,8
 (B) 7,8
 (C) 1,8
 (D) 2,8",/nas2/benchmarks/vpi/real/processed/numberpad/0009_pt1.mp4,numberpad,No,Location,Set,Sihyun,"Action ambiguity, Symbolic decoding",Set,Readout,FALSE,,,,,,,,,,,,,,,,,,,,No
"Which two numbers on the number pad were not pressed? Answer with two numbers separated by a comma.
 
 (A) 0,4
 (B) 1,4
 (C) 2,4
 (D) 2,3",/nas2/benchmarks/vpi/real/processed/numberpad/0010_pt1.mp4,numberpad,No,Location,Set,Sihyun,"Action ambiguity, Symbolic decoding",Set,Readout,FALSE,,,,,,,,,,,,,,,,,,,,No
"What animal is drawn on the cup that is 1st from the bottom?
 
 (A) giraffe
 (B) tiger
 (C) alligator
 (D) monkey",/nas2/benchmarks/vpi/real/processed/cup_stacking/0001_pt1.mp4,cup_stacking_1st,No,Attribute,Sequence,Sihyun,Occlusion,Indexed attributes,Readout,FALSE,,,,,,,,,,,,,,,,,,,,No
"What animal is drawn on the cup that is 1st from the bottom?
 
 (A) zebra
 (B) lion
 (C) elephant
 (D) monkey",/nas2/benchmarks/vpi/real/processed/cup_stacking/0002_pt1.mp4,cup_stacking_1st,No,Attribute,Sequence,Sihyun,Occlusion,Indexed attributes,Readout,FALSE,,,,,,,,,,,,,,,,,,,,No
"What animal is drawn on the cup that is 1st from the bottom?
 
 (A) elephant
 (B) tiger
 (C) giraffe
 (D) alligator",/nas2/benchmarks/vpi/real/processed/cup_stacking/0003.mp4,cup_stacking_1st,,Attribute,Dict,Sihyun,Occlusion,Indexed attributes,Readout,TRUE,,,,,,,,,,,,,,,,,,,,No
"What animal is drawn on the cup that is 1st from the bottom?
 
 (A) elephant
 (B) zebra
 (C) giraffe
 (D) lion",/nas2/benchmarks/vpi/real/processed/cup_stacking/0004.mp4,cup_stacking_1st,,Attribute,Dict,Sihyun,Occlusion,Indexed attributes,Readout,TRUE,,,,,,,,,,,,,,,,,,,,No
"What animal is drawn on the cup that is 1st from the bottom?
 
 (A) monkey
 (B) hippo
 (C) tiger
 (D) zebra",/nas2/benchmarks/vpi/real/processed/cup_stacking/0005_pt1.mp4,cup_stacking_1st,No,Attribute,Sequence,Sihyun,Occlusion,Indexed attributes,Readout,FALSE,,,,,,,,,,,,,,,,,,,,No
"What animal is drawn on the cup that is 1st from the bottom?
 
 (A) hippo
 (B) giraffe
 (C) tiger
 (D) elephant",/nas2/benchmarks/vpi/real/processed/cup_stacking/0006.mp4,cup_stacking_1st,,Attribute,Dict,Sihyun,Occlusion,Indexed attributes,Readout,TRUE,,,,,,,,,,,,,,,,,,,,No
"What animal is drawn on the cup that is 1st from the bottom?
 
 (A) hippo
 (B) giraffe
 (C) elephant
 (D) lion",/nas2/benchmarks/vpi/real/processed/cup_stacking/0007.mp4,cup_stacking_1st,,Attribute,Dict,Sihyun,Occlusion,Indexed attributes,Readout,TRUE,,,,,,,,,,,,,,,,,,,,No
"What animal is drawn on the cup that is 1st from the bottom?
 
 (A) monkey
 (B) giraffe
 (C) hippo
 (D) lion",/nas2/benchmarks/vpi/real/processed/cup_stacking/0008.mp4,cup_stacking_1st,,Attribute,Dict,Sihyun,Occlusion,Indexed attributes,Readout,TRUE,,,,,,,,,,,,,,,,,,,,No
"What animal is drawn on the cup that is 1st from the bottom?
 
 (A) giraffe
 (B) elephant
 (C) lion
 (D) zebra",/nas2/benchmarks/vpi/real/processed/cup_stacking/0009_pt1.mp4,cup_stacking_1st,No,Attribute,Sequence,Sihyun,Occlusion,Indexed attributes,Readout,FALSE,,,,,,,,,,,,,,,,,,,,No
"What animal is drawn on the cup that is 1st from the bottom?
 
 (A) monkey
 (B) tiger
 (C) lion
 (D) elephant",/nas2/benchmarks/vpi/real/processed/cup_stacking/0010.mp4,cup_stacking_1st,,Attribute,Dict,Sihyun,Occlusion,Indexed attributes,Readout,TRUE,,,,,,,,,,,,,,,,,,,,No
"What animal is drawn on the cup that is 2nd from the bottom?
 
 (A) monkey
 (B) lion
 (C) hippo
 (D) elephant",/nas2/benchmarks/vpi/real/processed/cup_stacking/0001.mp4,cup_stacking_2nd,,Attribute,Dict,Sihyun,Occlusion,Indexed attributes,Readout,TRUE,,,,,,,,,,,,,,,,,,,,No
"What animal is drawn on the cup that is 2nd from the bottom?
 
 (A) alligator
 (B) elephant
 (C) tiger
 (D) zebra",/nas2/benchmarks/vpi/real/processed/cup_stacking/0002_pt1.mp4,cup_stacking_2nd,No,Attribute,Sequence,Sihyun,Occlusion,Indexed attributes,Readout,FALSE,,,,,,,,,,,,,,,,,,,,No
"What animal is drawn on the cup that is 2nd from the bottom?
 
 (A) giraffe
 (B) alligator
 (C) monkey
 (D) lion",/nas2/benchmarks/vpi/real/processed/cup_stacking/0003.mp4,cup_stacking_2nd,,Attribute,Dict,Sihyun,Occlusion,Indexed attributes,Readout,TRUE,,,,,,,,,,,,,,,,,,,,No
"What animal is drawn on the cup that is 2nd from the bottom?
 
 (A) elephant
 (B) giraffe
 (C) hippo
 (D) tiger",/nas2/benchmarks/vpi/real/processed/cup_stacking/0004.mp4,cup_stacking_2nd,,Attribute,Dict,Sihyun,Occlusion,Indexed attributes,Readout,TRUE,,,,,,,,,,,,,,,,,,,,No
"What animal is drawn on the cup that is 2nd from the bottom?
 
 (A) alligator
 (B) giraffe
 (C) elephant
 (D) monkey",/nas2/benchmarks/vpi/real/processed/cup_stacking/0005.mp4,cup_stacking_2nd,,Attribute,Dict,Sihyun,Occlusion,Indexed attributes,Readout,TRUE,,,,,,,,,,,,,,,,,,,,No
"What animal is drawn on the cup that is 2nd from the bottom?
 
 (A) hippo
 (B) elephant
 (C) tiger
 (D) zebra",/nas2/benchmarks/vpi/real/processed/cup_stacking/0006_pt1.mp4,cup_stacking_2nd,No,Attribute,Sequence,Sihyun,Occlusion,Indexed attributes,Readout,FALSE,,,,,,,,,,,,,,,,,,,,No
"What animal is drawn on the cup that is 2nd from the bottom?
 
 (A) monkey
 (B) giraffe
 (C) alligator
 (D) tiger",/nas2/benchmarks/vpi/real/processed/cup_stacking/0007.mp4,cup_stacking_2nd,,Attribute,Dict,Sihyun,Occlusion,Indexed attributes,Readout,TRUE,,,,,,,,,,,,,,,,,,,,No
"What animal is drawn on the cup that is 2nd from the bottom?
 
 (A) alligator
 (B) giraffe
 (C) zebra
 (D) tiger",/nas2/benchmarks/vpi/real/processed/cup_stacking/0008.mp4,cup_stacking_2nd,,Attribute,Dict,Sihyun,Occlusion,Indexed attributes,Readout,TRUE,,,,,,,,,,,,,,,,,,,,No
"What animal is drawn on the cup that is 2nd from the bottom?
 
 (A) elephant
 (B) tiger
 (C) alligator
 (D) lion",/nas2/benchmarks/vpi/real/processed/cup_stacking/0009_pt1.mp4,cup_stacking_2nd,No,Attribute,Sequence,Sihyun,Occlusion,Indexed attributes,Readout,FALSE,,,,,,,,,,,,,,,,,,,,No
"What animal is drawn on the cup that is 2nd from the bottom?
 
 (A) elephant
 (B) zebra
 (C) giraffe
 (D) tiger",/nas2/benchmarks/vpi/real/processed/cup_stacking/0010.mp4,cup_stacking_2nd,,Attribute,Dict,Sihyun,Occlusion,Indexed attributes,Readout,TRUE,,,,,,,,,,,,,,,,,,,,No
"What animal is drawn on the cup that is 3rd from the bottom?
 
 (A) hippo
 (B) giraffe
 (C) elephant
 (D) alligator",/nas2/benchmarks/vpi/real/processed/cup_stacking/0001.mp4,cup_stacking_3rd,,Attribute,Dict,Sihyun,Occlusion,Indexed attributes,Readout,TRUE,,,,,,,,,,,,,,,,,,,,No
"What animal is drawn on the cup that is 3rd from the bottom?
 
 (A) zebra
 (B) monkey
 (C) hippo
 (D) lion",/nas2/benchmarks/vpi/real/processed/cup_stacking/0002.mp4,cup_stacking_3rd,,Attribute,Dict,Sihyun,Occlusion,Indexed attributes,Readout,TRUE,,,,,,,,,,,,,,,,,,,,No
"What animal is drawn on the cup that is 3rd from the bottom?
 
 (A) tiger
 (B) alligator
 (C) hippo
 (D) giraffe",/nas2/benchmarks/vpi/real/processed/cup_stacking/0003_pt1.mp4,cup_stacking_3rd,No,Attribute,Sequence,Sihyun,Occlusion,Indexed attributes,Readout,FALSE,,,,,,,,,,,,,,,,,,,,No
"What animal is drawn on the cup that is 3rd from the bottom?
 
 (A) monkey
 (B) tiger
 (C) alligator
 (D) giraffe",/nas2/benchmarks/vpi/real/processed/cup_stacking/0004.mp4,cup_stacking_3rd,,Attribute,Dict,Sihyun,Occlusion,Indexed attributes,Readout,TRUE,,,,,,,,,,,,,,,,,,,,No
"What animal is drawn on the cup that is 3rd from the bottom?
 
 (A) zebra
 (B) tiger
 (C) giraffe
 (D) monkey",/nas2/benchmarks/vpi/real/processed/cup_stacking/0005.mp4,cup_stacking_3rd,,Attribute,Dict,Sihyun,Occlusion,Indexed attributes,Readout,TRUE,,,,,,,,,,,,,,,,,,,,No
"What animal is drawn on the cup that is 3rd from the bottom?
 
 (A) lion
 (B) hippo
 (C) zebra
 (D) giraffe",/nas2/benchmarks/vpi/real/processed/cup_stacking/0006_pt1.mp4,cup_stacking_3rd,No,Attribute,Sequence,Sihyun,Occlusion,Indexed attributes,Readout,FALSE,,,,,,,,,,,,,,,,,,,,No
"What animal is drawn on the cup that is 3rd from the bottom?
 
 (A) alligator
 (B) giraffe
 (C) lion
 (D) tiger",/nas2/benchmarks/vpi/real/processed/cup_stacking/0007.mp4,cup_stacking_3rd,,Attribute,Dict,Sihyun,Occlusion,Indexed attributes,Readout,TRUE,,,,,,,,,,,,,,,,,,,,No
"What animal is drawn on the cup that is 3rd from the bottom?
 
 (A) lion
 (B) giraffe
 (C) zebra
 (D) elephant",/nas2/benchmarks/vpi/real/processed/cup_stacking/0008.mp4,cup_stacking_3rd,,Attribute,Dict,Sihyun,Occlusion,Indexed attributes,Readout,TRUE,,,,,,,,,,,,,,,,,,,,No
"What animal is drawn on the cup that is 3rd from the bottom?
 
 (A) tiger
 (B) elephant
 (C) hippo
 (D) monkey",/nas2/benchmarks/vpi/real/processed/cup_stacking/0009.mp4,cup_stacking_3rd,,Attribute,Dict,Sihyun,Occlusion,Indexed attributes,Readout,TRUE,,,,,,,,,,,,,,,,,,,,No
"What animal is drawn on the cup that is 3rd from the bottom?
 
 (A) zebra
 (B) lion
 (C) hippo
 (D) giraffe",/nas2/benchmarks/vpi/real/processed/cup_stacking/0010_pt1.mp4,cup_stacking_3rd,No,Attribute,Sequence,Sihyun,Occlusion,Indexed attributes,Readout,FALSE,,,,,,,,,,,,,,,,,,,,No
"What animal is drawn on the cup that is 4th from the bottom?
 
 (A) tiger
 (B) hippo
 (C) elephant
 (D) alligator",/nas2/benchmarks/vpi/real/processed/cup_stacking/0001.mp4,cup_stacking_4th,,Attribute,Dict,Sihyun,Occlusion,Indexed attributes,Readout,TRUE,,,,,,,,,,,,,,,,,,,,No
"What animal is drawn on the cup that is 4th from the bottom?
 
 (A) lion
 (B) monkey
 (C) hippo
 (D) zebra",/nas2/benchmarks/vpi/real/processed/cup_stacking/0002.mp4,cup_stacking_4th,,Attribute,Dict,Sihyun,Occlusion,Indexed attributes,Readout,TRUE,,,,,,,,,,,,,,,,,,,,No
"What animal is drawn on the cup that is 4th from the bottom?
 
 (A) elephant
 (B) tiger
 (C) monkey
 (D) zebra",/nas2/benchmarks/vpi/real/processed/cup_stacking/0003_pt1.mp4,cup_stacking_4th,No,Attribute,Sequence,Sihyun,Occlusion,Indexed attributes,Readout,FALSE,,,,,,,,,,,,,,,,,,,,No
"What animal is drawn on the cup that is 4th from the bottom?
 
 (A) zebra
 (B) tiger
 (C) monkey
 (D) lion",/nas2/benchmarks/vpi/real/processed/cup_stacking/0004.mp4,cup_stacking_4th,,Attribute,Dict,Sihyun,Occlusion,Indexed attributes,Readout,TRUE,,,,,,,,,,,,,,,,,,,,No
"What animal is drawn on the cup that is 4th from the bottom?
 
 (A) hippo
 (B) tiger
 (C) alligator
 (D) monkey",/nas2/benchmarks/vpi/real/processed/cup_stacking/0005.mp4,cup_stacking_4th,,Attribute,Dict,Sihyun,Occlusion,Indexed attributes,Readout,TRUE,,,,,,,,,,,,,,,,,,,,No
"What animal is drawn on the cup that is 4th from the bottom?
 
 (A) elephant
 (B) hippo
 (C) lion
 (D) monkey",/nas2/benchmarks/vpi/real/processed/cup_stacking/0006.mp4,cup_stacking_4th,,Attribute,Dict,Sihyun,Occlusion,Indexed attributes,Readout,TRUE,,,,,,,,,,,,,,,,,,,,No
"What animal is drawn on the cup that is 4th from the bottom?
 
 (A) giraffe
 (B) elephant
 (C) hippo
 (D) zebra",/nas2/benchmarks/vpi/real/processed/cup_stacking/0007_pt1.mp4,cup_stacking_4th,No,Attribute,Sequence,Sihyun,Occlusion,Indexed attributes,Readout,FALSE,,,,,,,,,,,,,,,,,,,,No
"What animal is drawn on the cup that is 4th from the bottom?
 
 (A) alligator
 (B) tiger
 (C) zebra
 (D) giraffe",/nas2/benchmarks/vpi/real/processed/cup_stacking/0008.mp4,cup_stacking_4th,,Attribute,Dict,Sihyun,Occlusion,Indexed attributes,Readout,TRUE,,,,,,,,,,,,,,,,,,,,No
"What animal is drawn on the cup that is 4th from the bottom?
 
 (A) monkey
 (B) hippo
 (C) zebra
 (D) giraffe",/nas2/benchmarks/vpi/real/processed/cup_stacking/0009.mp4,cup_stacking_4th,,Attribute,Dict,Sihyun,Occlusion,Indexed attributes,Readout,TRUE,,,,,,,,,,,,,,,,,,,,No
"What animal is drawn on the cup that is 4th from the bottom?
 
 (A) hippo
 (B) alligator
 (C) tiger
 (D) zebra",/nas2/benchmarks/vpi/real/processed/cup_stacking/0010_pt1.mp4,cup_stacking_4th,No,Attribute,Sequence,Sihyun,Occlusion,Indexed attributes,Readout,FALSE,,,,,,,,,,,,,,,,,,,,No
"What animal is drawn on the cup that is 5th from the bottom?
 
 (A) tiger
 (B) hippo
 (C) zebra
 (D) elephant",/nas2/benchmarks/vpi/real/processed/cup_stacking/0001.mp4,cup_stacking_5th,,Attribute,Dict,Sihyun,Occlusion,Indexed attributes,Readout,TRUE,,,,,,,,,,,,,,,,,,,,No
"What animal is drawn on the cup that is 5th from the bottom?
 
 (A) monkey
 (B) tiger
 (C) lion
 (D) alligator",/nas2/benchmarks/vpi/real/processed/cup_stacking/0002.mp4,cup_stacking_5th,,Attribute,Dict,Sihyun,Occlusion,Indexed attributes,Readout,TRUE,,,,,,,,,,,,,,,,,,,,No
"What animal is drawn on the cup that is 5th from the bottom?
 
 (A) lion
 (B) zebra
 (C) monkey
 (D) alligator",/nas2/benchmarks/vpi/real/processed/cup_stacking/0003.mp4,cup_stacking_5th,,Attribute,Dict,Sihyun,Occlusion,Indexed attributes,Readout,TRUE,,,,,,,,,,,,,,,,,,,,No
"What animal is drawn on the cup that is 5th from the bottom?
 
 (A) elephant
 (B) tiger
 (C) lion
 (D) alligator",/nas2/benchmarks/vpi/real/processed/cup_stacking/0004_pt1.mp4,cup_stacking_5th,No,Attribute,Sequence,Sihyun,Occlusion,Indexed attributes,Readout,FALSE,,,,,,,,,,,,,,,,,,,,No
"What animal is drawn on the cup that is 5th from the bottom?
 
 (A) hippo
 (B) lion
 (C) giraffe
 (D) alligator",/nas2/benchmarks/vpi/real/processed/cup_stacking/0005.mp4,cup_stacking_5th,,Attribute,Dict,Sihyun,Occlusion,Indexed attributes,Readout,TRUE,,,,,,,,,,,,,,,,,,,,No
"What animal is drawn on the cup that is 5th from the bottom?
 
 (A) tiger
 (B) monkey
 (C) lion
 (D) zebra",/nas2/benchmarks/vpi/real/processed/cup_stacking/0006.mp4,cup_stacking_5th,,Attribute,Dict,Sihyun,Occlusion,Indexed attributes,Readout,TRUE,,,,,,,,,,,,,,,,,,,,No
"What animal is drawn on the cup that is 5th from the bottom?
 
 (A) hippo
 (B) monkey
 (C) elephant
 (D) zebra",/nas2/benchmarks/vpi/real/processed/cup_stacking/0007_pt1.mp4,cup_stacking_5th,No,Attribute,Sequence,Sihyun,Occlusion,Indexed attributes,Readout,FALSE,,,,,,,,,,,,,,,,,,,,No
"What animal is drawn on the cup that is 5th from the bottom?
 
 (A) elephant
 (B) lion
 (C) alligator
 (D) hippo",/nas2/benchmarks/vpi/real/processed/cup_stacking/0008.mp4,cup_stacking_5th,,Attribute,Dict,Sihyun,Occlusion,Indexed attributes,Readout,TRUE,,,,,,,,,,,,,,,,,,,,No
"What animal is drawn on the cup that is 5th from the bottom?
 
 (A) tiger
 (B) elephant
 (C) lion
 (D) hippo",/nas2/benchmarks/vpi/real/processed/cup_stacking/0009.mp4,cup_stacking_5th,,Attribute,Dict,Sihyun,Occlusion,Indexed attributes,Readout,TRUE,,,,,,,,,,,,,,,,,,,,No
"What animal is drawn on the cup that is 5th from the bottom?
 
 (A) elephant
 (B) monkey
 (C) giraffe
 (D) tiger",/nas2/benchmarks/vpi/real/processed/cup_stacking/0010.mp4,cup_stacking_5th,,Attribute,Dict,Sihyun,Occlusion,Indexed attributes,Readout,TRUE,,,,,,,,,,,,,,,,,,,,No
"What animal is drawn on the cup that is 6th from the bottom?
 
 (A) elephant
 (B) monkey
 (C) lion
 (D) giraffe",/nas2/benchmarks/vpi/real/processed/cup_stacking/0001_pt1.mp4,cup_stacking_6th,No,Attribute,Sequence,Sihyun,Occlusion,Indexed attributes,Readout,FALSE,,,,,,,,,,,,,,,,,,,,No
"What animal is drawn on the cup that is 6th from the bottom?
 
 (A) zebra
 (B) tiger
 (C) elephant
 (D) giraffe",/nas2/benchmarks/vpi/real/processed/cup_stacking/0002.mp4,cup_stacking_6th,,Attribute,Dict,Sihyun,Occlusion,Indexed attributes,Readout,TRUE,,,,,,,,,,,,,,,,,,,,No
"What animal is drawn on the cup that is 6th from the bottom?
 
 (A) hippo
 (B) tiger
 (C) giraffe
 (D) lion",/nas2/benchmarks/vpi/real/processed/cup_stacking/0003.mp4,cup_stacking_6th,,Attribute,Dict,Sihyun,Occlusion,Indexed attributes,Readout,TRUE,,,,,,,,,,,,,,,,,,,,No
"What animal is drawn on the cup that is 6th from the bottom?
 
 (A) monkey
 (B) hippo
 (C) giraffe
 (D) lion",/nas2/benchmarks/vpi/real/processed/cup_stacking/0004_pt1.mp4,cup_stacking_6th,No,Attribute,Sequence,Sihyun,Occlusion,Indexed attributes,Readout,FALSE,,,,,,,,,,,,,,,,,,,,No
"What animal is drawn on the cup that is 6th from the bottom?
 
 (A) monkey
 (B) lion
 (C) elephant
 (D) zebra",/nas2/benchmarks/vpi/real/processed/cup_stacking/0005.mp4,cup_stacking_6th,,Attribute,Dict,Sihyun,Occlusion,Indexed attributes,Readout,TRUE,,,,,,,,,,,,,,,,,,,,No
"What animal is drawn on the cup that is 6th from the bottom?
 
 (A) alligator
 (B) tiger
 (C) zebra
 (D) hippo",/nas2/benchmarks/vpi/real/processed/cup_stacking/0006.mp4,cup_stacking_6th,,Attribute,Dict,Sihyun,Occlusion,Indexed attributes,Readout,TRUE,,,,,,,,,,,,,,,,,,,,No
"What animal is drawn on the cup that is 6th from the bottom?
 
 (A) alligator
 (B) zebra
 (C) tiger
 (D) lion",/nas2/benchmarks/vpi/real/processed/cup_stacking/0007.mp4,cup_stacking_6th,,Attribute,Dict,Sihyun,Occlusion,Indexed attributes,Readout,TRUE,,,,,,,,,,,,,,,,,,,,No
"What animal is drawn on the cup that is 6th from the bottom?
 
 (A) elephant
 (B) lion
 (C) monkey
 (D) zebra",/nas2/benchmarks/vpi/real/processed/cup_stacking/0008_pt1.mp4,cup_stacking_6th,No,Attribute,Sequence,Sihyun,Occlusion,Indexed attributes,Readout,FALSE,,,,,,,,,,,,,,,,,,,,No
"What animal is drawn on the cup that is 6th from the bottom?
 
 (A) giraffe
 (B) elephant
 (C) monkey
 (D) zebra",/nas2/benchmarks/vpi/real/processed/cup_stacking/0009.mp4,cup_stacking_6th,,Attribute,Dict,Sihyun,Occlusion,Indexed attributes,Readout,TRUE,,,,,,,,,,,,,,,,,,,,No
"What animal is drawn on the cup that is 6th from the bottom?
 
 (A) monkey
 (B) zebra
 (C) lion
 (D) giraffe",/nas2/benchmarks/vpi/real/processed/cup_stacking/0010.mp4,cup_stacking_6th,,Attribute,Dict,Sihyun,Occlusion,Indexed attributes,Readout,TRUE,,,,,,,,,,,,,,,,,,,,No
"What animal is drawn on the cup that is 7th from the bottom?
 
 (A) zebra
 (B) monkey
 (C) elephant
 (D) tiger",/nas2/benchmarks/vpi/real/processed/cup_stacking/0001_pt1.mp4,cup_stacking_7th,No,Attribute,Sequence,Sihyun,Occlusion,Indexed attributes,Readout,FALSE,,,,,,,,,,,,,,,,,,,,No
"What animal is drawn on the cup that is 7th from the bottom?
 
 (A) lion
 (B) elephant
 (C) hippo
 (D) giraffe",/nas2/benchmarks/vpi/real/processed/cup_stacking/0002.mp4,cup_stacking_7th,,Attribute,Dict,Sihyun,Occlusion,Indexed attributes,Readout,TRUE,,,,,,,,,,,,,,,,,,,,No
"What animal is drawn on the cup that is 7th from the bottom?
 
 (A) elephant
 (B) lion
 (C) monkey
 (D) zebra",/nas2/benchmarks/vpi/real/processed/cup_stacking/0003.mp4,cup_stacking_7th,,Attribute,Dict,Sihyun,Occlusion,Indexed attributes,Readout,TRUE,,,,,,,,,,,,,,,,,,,,No
"What animal is drawn on the cup that is 7th from the bottom?
 
 (A) elephant
 (B) tiger
 (C) alligator
 (D) giraffe",/nas2/benchmarks/vpi/real/processed/cup_stacking/0004.mp4,cup_stacking_7th,,Attribute,Dict,Sihyun,Occlusion,Indexed attributes,Readout,TRUE,,,,,,,,,,,,,,,,,,,,No
"What animal is drawn on the cup that is 7th from the bottom?
 
 (A) alligator
 (B) elephant
 (C) giraffe
 (D) hippo",/nas2/benchmarks/vpi/real/processed/cup_stacking/0005_pt1.mp4,cup_stacking_7th,No,Attribute,Sequence,Sihyun,Occlusion,Indexed attributes,Readout,FALSE,,,,,,,,,,,,,,,,,,,,No
"What animal is drawn on the cup that is 7th from the bottom?
 
 (A) monkey
 (B) hippo
 (C) elephant
 (D) tiger",/nas2/benchmarks/vpi/real/processed/cup_stacking/0006.mp4,cup_stacking_7th,,,,Sihyun,Occlusion,Indexed attributes,Readout,TRUE,,,,,,,,,,,,,,,,,,,,No
"What animal is drawn on the cup that is 7th from the bottom?
 
 (A) elephant
 (B) giraffe
 (C) tiger
 (D) alligator",/nas2/benchmarks/vpi/real/processed/cup_stacking/0007.mp4,cup_stacking_7th,,,,Sihyun,Occlusion,Indexed attributes,Readout,TRUE,,,,,,,,,,,,,,,,,,,,No
"What animal is drawn on the cup that is 7th from the bottom?
 
 (A) lion
 (B) giraffe
 (C) monkey
 (D) hippo",/nas2/benchmarks/vpi/real/processed/cup_stacking/0008_pt1.mp4,cup_stacking_7th,No,Attribute,Sequence,Sihyun,Occlusion,Indexed attributes,Readout,FALSE,,,,,,,,,,,,,,,,,,,,No
"What animal is drawn on the cup that is 7th from the bottom?
 
 (A) monkey
 (B) zebra
 (C) hippo
 (D) tiger",/nas2/benchmarks/vpi/real/processed/cup_stacking/0009.mp4,cup_stacking_7th,,,,Sihyun,Occlusion,Indexed attributes,Readout,TRUE,,,,,,,,,,,,,,,,,,,,No
"What animal is drawn on the cup that is 7th from the bottom?
 
 (A) monkey
 (B) giraffe
 (C) elephant
 (D) tiger",/nas2/benchmarks/vpi/real/processed/cup_stacking/0010.mp4,cup_stacking_7th,,,,Sihyun,Occlusion,Indexed attributes,Readout,TRUE,,,,,,,,,,,,,,,,,,,,No
"In the video, papers and chopsticks are being distributed into cups so that each cup has the same amount. How many green papers need to be added so that all cups have the same number of green papers?",/nas2/benchmarks/vpi/real/processed/packing_order/0001.mp4,packing_order_green,,,,Sihyun,Occlusion,Indexed counters,Project,TRUE,,,,,,,,,,,,,,,,,,,,No
"In the video, papers and chopsticks are being distributed into cups so that each cup has the same amount. How many green papers need to be added so that all cups have the same number of green papers?",/nas2/benchmarks/vpi/real/processed/packing_order/0002_pt1.mp4,packing_order_green,No,Count,Dict,Sihyun,Occlusion,Indexed counters,Project,FALSE,,,,,,,,,,,,,,,,,,,,No
"In the video, papers and chopsticks are being distributed into cups so that each cup has the same amount. How many green papers need to be added so that all cups have the same number of green papers?",/nas2/benchmarks/vpi/real/processed/packing_order/0003.mp4,packing_order_green,,,,Sihyun,Occlusion,Indexed counters,Project,TRUE,,,,,,,,,,,,,,,,,,,,No
"In the video, papers and chopsticks are being distributed into cups so that each cup has the same amount. How many green papers need to be added so that all cups have the same number of green papers?",/nas2/benchmarks/vpi/real/processed/packing_order/0004_pt1.mp4,packing_order_green,No,Count,Dict,Sihyun,Occlusion,Indexed counters,Project,FALSE,,,,,,,,,,,,,,,,,,,,No
"In the video, papers and chopsticks are being distributed into cups so that each cup has the same amount. How many green papers need to be added so that all cups have the same number of green papers?",/nas2/benchmarks/vpi/real/processed/packing_order/0005.mp4,packing_order_green,,,,Sihyun,Occlusion,Indexed counters,Project,TRUE,,,,,,,,,,,,,,,,,,,,No
"In the video, papers and chopsticks are being distributed into cups so that each cup has the same amount. How many green papers need to be added so that all cups have the same number of green papers?",/nas2/benchmarks/vpi/real/processed/packing_order/0006_pt1.mp4,packing_order_green,No,Count,Dict,Sihyun,Occlusion,Indexed counters,Project,FALSE,,,,,,,,,,,,,,,,,,,,No
"In the video, papers and chopsticks are being distributed into cups so that each cup has the same amount. How many green papers need to be added so that all cups have the same number of green papers?",/nas2/benchmarks/vpi/real/processed/packing_order/0007.mp4,packing_order_green,,,,Sihyun,Occlusion,Indexed counters,Project,TRUE,,,,,,,,,,,,,,,,,,,,No
"In the video, papers and chopsticks are being distributed into cups so that each cup has the same amount. How many green papers need to be added so that all cups have the same number of green papers?",/nas2/benchmarks/vpi/real/processed/packing_order/0008_pt1.mp4,packing_order_green,No,Count,Dict,Sihyun,Occlusion,Indexed counters,Project,FALSE,,,,,,,,,,,,,,,,,,,,No
"In the video, papers and chopsticks are being distributed into cups so that each cup has the same amount. How many green papers need to be added so that all cups have the same number of green papers?",/nas2/benchmarks/vpi/real/processed/packing_order/0009.mp4,packing_order_green,,,,Sihyun,Occlusion,Indexed counters,Project,TRUE,,,,,,,,,,,,,,,,,,,,No
"In the video, papers and chopsticks are being distributed into cups so that each cup has the same amount. How many green papers need to be added so that all cups have the same number of green papers?",/nas2/benchmarks/vpi/real/processed/packing_order/0010_pt1.mp4,packing_order_green,No,Count,Dict,Sihyun,Occlusion,Indexed counters,Project,FALSE,,,,,,,,,,,,,,,,,,,,No
"In the video, papers and chopsticks are being distributed into cups so that each cup has the same amount. How many blue papers need to be added so that all cups have the same number of blue papers?",/nas2/benchmarks/vpi/real/processed/packing_order/0001.mp4,packing_order_blue,,,,Sihyun,Occlusion,Indexed counters,Project,TRUE,,,,,,,,,,,,,,,,,,,,No
"In the video, papers and chopsticks are being distributed into cups so that each cup has the same amount. How many blue papers need to be added so that all cups have the same number of blue papers?",/nas2/benchmarks/vpi/real/processed/packing_order/0002_pt1.mp4,packing_order_blue,No,Count,Dict,Sihyun,Occlusion,Indexed counters,Project,FALSE,,,,,,,,,,,,,,,,,,,,No
"In the video, papers and chopsticks are being distributed into cups so that each cup has the same amount. How many blue papers need to be added so that all cups have the same number of blue papers?",/nas2/benchmarks/vpi/real/processed/packing_order/0003.mp4,packing_order_blue,,,,Sihyun,Occlusion,Indexed counters,Project,TRUE,,,,,,,,,,,,,,,,,,,,No
"In the video, papers and chopsticks are being distributed into cups so that each cup has the same amount. How many blue papers need to be added so that all cups have the same number of blue papers?",/nas2/benchmarks/vpi/real/processed/packing_order/0004_pt1.mp4,packing_order_blue,No,Count,Dict,Sihyun,Occlusion,Indexed counters,Project,FALSE,,,,,,,,,,,,,,,,,,,,No
"In the video, papers and chopsticks are being distributed into cups so that each cup has the same amount. How many blue papers need to be added so that all cups have the same number of blue papers?",/nas2/benchmarks/vpi/real/processed/packing_order/0005.mp4,packing_order_blue,,,,Sihyun,Occlusion,Indexed counters,Project,TRUE,,,,,,,,,,,,,,,,,,,,No
"In the video, papers and chopsticks are being distributed into cups so that each cup has the same amount. How many blue papers need to be added so that all cups have the same number of blue papers?",/nas2/benchmarks/vpi/real/processed/packing_order/0006_pt1.mp4,packing_order_blue,No,Count,Dict,Sihyun,Occlusion,Indexed counters,Project,FALSE,,,,,,,,,,,,,,,,,,,,No
"In the video, papers and chopsticks are being distributed into cups so that each cup has the same amount. How many blue papers need to be added so that all cups have the same number of blue papers?",/nas2/benchmarks/vpi/real/processed/packing_order/0007.mp4,packing_order_blue,,,,Sihyun,Occlusion,Indexed counters,Project,TRUE,,,,,,,,,,,,,,,,,,,,No
"In the video, papers and chopsticks are being distributed into cups so that each cup has the same amount. How many blue papers need to be added so that all cups have the same number of blue papers?",/nas2/benchmarks/vpi/real/processed/packing_order/0008_pt1.mp4,packing_order_blue,No,Count,Dict,Sihyun,Occlusion,Indexed counters,Project,FALSE,,,,,,,,,,,,,,,,,,,,No
"In the video, papers and chopsticks are being distributed into cups so that each cup has the same amount. How many blue papers need to be added so that all cups have the same number of blue papers?",/nas2/benchmarks/vpi/real/processed/packing_order/0009.mp4,packing_order_blue,,,,Sihyun,Occlusion,Indexed counters,Project,TRUE,,,,,,,,,,,,,,,,,,,,No
"In the video, papers and chopsticks are being distributed into cups so that each cup has the same amount. How many blue papers need to be added so that all cups have the same number of blue papers?",/nas2/benchmarks/vpi/real/processed/packing_order/0010_pt1.mp4,packing_order_blue,No,Count,Dict,Sihyun,Occlusion,Indexed counters,Project,FALSE,,,,,,,,,,,,,,,,,,,,No
"In the video, papers and chopsticks are being distributed into cups so that each cup has the same amount. How many yellow papers need to be added so that all cups have the same number of yellow papers?",/nas2/benchmarks/vpi/real/processed/packing_order/0001.mp4,packing_order_yellow,,,,Sihyun,Occlusion,Indexed counters,Project,TRUE,,,,,,,,,,,,,,,,,,,,No
"In the video, papers and chopsticks are being distributed into cups so that each cup has the same amount. How many yellow papers need to be added so that all cups have the same number of yellow papers?",/nas2/benchmarks/vpi/real/processed/packing_order/0002.mp4,packing_order_yellow,,,,Sihyun,Occlusion,Indexed counters,Project,TRUE,,,,,,,,,,,,,,,,,,,,No
"In the video, papers and chopsticks are being distributed into cups so that each cup has the same amount. How many yellow papers need to be added so that all cups have the same number of yellow papers?",/nas2/benchmarks/vpi/real/processed/packing_order/0003_pt1.mp4,packing_order_yellow,No,Count,Dict,Sihyun,Occlusion,Indexed counters,Project,FALSE,,,,,,,,,,,,,,,,,,,,No
"In the video, papers and chopsticks are being distributed into cups so that each cup has the same amount. How many yellow papers need to be added so that all cups have the same number of yellow papers?",/nas2/benchmarks/vpi/real/processed/packing_order/0004.mp4,packing_order_yellow,,,,Sihyun,Occlusion,Indexed counters,Project,TRUE,,,,,,,,,,,,,,,,,,,,No
"In the video, papers and chopsticks are being distributed into cups so that each cup has the same amount. How many yellow papers need to be added so that all cups have the same number of yellow papers?",/nas2/benchmarks/vpi/real/processed/packing_order/0005_pt1.mp4,packing_order_yellow,No,Count,Dict,Sihyun,Occlusion,Indexed counters,Project,FALSE,,,,,,,,,,,,,,,,,,,,No
"In the video, papers and chopsticks are being distributed into cups so that each cup has the same amount. How many yellow papers need to be added so that all cups have the same number of yellow papers?",/nas2/benchmarks/vpi/real/processed/packing_order/0006.mp4,packing_order_yellow,,,,Sihyun,Occlusion,Indexed counters,Project,TRUE,,,,,,,,,,,,,,,,,,,,No
"In the video, papers and chopsticks are being distributed into cups so that each cup has the same amount. How many yellow papers need to be added so that all cups have the same number of yellow papers?",/nas2/benchmarks/vpi/real/processed/packing_order/0007_pt1.mp4,packing_order_yellow,No,Count,Dict,Sihyun,Occlusion,Indexed counters,Project,FALSE,,,,,,,,,,,,,,,,,,,,No
"In the video, papers and chopsticks are being distributed into cups so that each cup has the same amount. How many yellow papers need to be added so that all cups have the same number of yellow papers?",/nas2/benchmarks/vpi/real/processed/packing_order/0008.mp4,packing_order_yellow,,,,Sihyun,Occlusion,Indexed counters,Project,TRUE,,,,,,,,,,,,,,,,,,,,No
"In the video, papers and chopsticks are being distributed into cups so that each cup has the same amount. How many yellow papers need to be added so that all cups have the same number of yellow papers?",/nas2/benchmarks/vpi/real/processed/packing_order/0009_pt1.mp4,packing_order_yellow,No,Count,Dict,Sihyun,Occlusion,Indexed counters,Project,FALSE,,,,,,,,,,,,,,,,,,,,No
"In the video, papers and chopsticks are being distributed into cups so that each cup has the same amount. How many yellow papers need to be added so that all cups have the same number of yellow papers?",/nas2/benchmarks/vpi/real/processed/packing_order/0010.mp4,packing_order_yellow,,,,Sihyun,Occlusion,Indexed counters,Project,TRUE,,,,,,,,,,,,,,,,,,,,No
"In the video, papers and chopsticks are being distributed into cups so that each cup has the same amount. How many chopsticks need to be added so that all cups have the same number of chopsticks?",/nas2/benchmarks/vpi/real/processed/packing_order/0001_pt1.mp4,packing_order_chopsticks,No,Count,Dict,Sihyun,None,Indexed counters,Project,FALSE,,,,,,,,,,,,,,,,,,,,No
"In the video, papers and chopsticks are being distributed into cups so that each cup has the same amount. How many chopsticks need to be added so that all cups have the same number of chopsticks?",/nas2/benchmarks/vpi/real/processed/packing_order/0002.mp4,packing_order_chopsticks,,,,Sihyun,None,Indexed counters,Project,TRUE,,,,,,,,,,,,,,,,,,,,No
"In the video, papers and chopsticks are being distributed into cups so that each cup has the same amount. How many chopsticks need to be added so that all cups have the same number of chopsticks?",/nas2/benchmarks/vpi/real/processed/packing_order/0003_pt1.mp4,packing_order_chopsticks,No,Count,Dict,Sihyun,None,Indexed counters,Project,FALSE,,,,,,,,,,,,,,,,,,,,No
"In the video, papers and chopsticks are being distributed into cups so that each cup has the same amount. How many chopsticks need to be added so that all cups have the same number of chopsticks?",/nas2/benchmarks/vpi/real/processed/packing_order/0004.mp4,packing_order_chopsticks,,,,Sihyun,None,Indexed counters,Project,TRUE,,,,,,,,,,,,,,,,,,,,No
"In the video, papers and chopsticks are being distributed into cups so that each cup has the same amount. How many chopsticks need to be added so that all cups have the same number of chopsticks?",/nas2/benchmarks/vpi/real/processed/packing_order/0005_pt1.mp4,packing_order_chopsticks,No,Count,Dict,Sihyun,None,Indexed counters,Project,FALSE,,,,,,,,,,,,,,,,,,,,No
"In the video, papers and chopsticks are being distributed into cups so that each cup has the same amount. How many chopsticks need to be added so that all cups have the same number of chopsticks?",/nas2/benchmarks/vpi/real/processed/packing_order/0006.mp4,packing_order_chopsticks,,,,Sihyun,None,Indexed counters,Project,TRUE,,,,,,,,,,,,,,,,,,,,No
"In the video, papers and chopsticks are being distributed into cups so that each cup has the same amount. How many chopsticks need to be added so that all cups have the same number of chopsticks?",/nas2/benchmarks/vpi/real/processed/packing_order/0007_pt1.mp4,packing_order_chopsticks,No,Count,Dict,Sihyun,None,Indexed counters,Project,FALSE,,,,,,,,,,,,,,,,,,,,No
"In the video, papers and chopsticks are being distributed into cups so that each cup has the same amount. How many chopsticks need to be added so that all cups have the same number of chopsticks?",/nas2/benchmarks/vpi/real/processed/packing_order/0008.mp4,packing_order_chopsticks,,,,Sihyun,None,Indexed counters,Project,TRUE,,,,,,,,,,,,,,,,,,,,No
"In the video, papers and chopsticks are being distributed into cups so that each cup has the same amount. How many chopsticks need to be added so that all cups have the same number of chopsticks?",/nas2/benchmarks/vpi/real/processed/packing_order/0009_pt1.mp4,packing_order_chopsticks,No,Count,Dict,Sihyun,None,Indexed counters,Project,FALSE,,,,,,,,,,,,,,,,,,,,No
"In the video, papers and chopsticks are being distributed into cups so that each cup has the same amount. How many chopsticks need to be added so that all cups have the same number of chopsticks?",/nas2/benchmarks/vpi/real/processed/packing_order/0010.mp4,packing_order_chopsticks,,,,Sihyun,None,Indexed counters,Project,TRUE,,,,,,,,,,,,,,,,,,,,No
"In the video, cards are revealed one by one and sorted by their symbol. How many diamond cards were revealed?",/nas2/benchmarks/vpi/real/showing_card/0001.mp4,showing_card_count_diamond,No,Count,Dict,Sihyun,None,Indexed counters,Readout,TRUE,,,,,,,,,,,,,,,,,,,,No
"In the video, cards are revealed one by one and sorted by their symbol. How many diamond cards were revealed?",/nas2/benchmarks/vpi/real/showing_card/0002.mp4,showing_card_count_diamond,,,,Sihyun,None,Indexed counters,Readout,TRUE,,,,,,,,,,,,,,,,,,,,No
"In the video, cards are revealed one by one and sorted by their symbol. How many diamond cards were revealed?",/nas2/benchmarks/vpi/real/showing_card/0003.mp4,showing_card_count_diamond,,,,Sihyun,None,Indexed counters,Readout,TRUE,,,,,,,,,,,,,,,,,,,,No
"In the video, cards are revealed one by one and sorted by their symbol. How many diamond cards were revealed?",/nas2/benchmarks/vpi/real/showing_card/0004.mp4,showing_card_count_diamond,,,,Sihyun,None,Indexed counters,Readout,TRUE,,,,,,,,,,,,,,,,,,,,No
"In the video, cards are revealed one by one and sorted by their symbol. How many diamond cards were revealed?",/nas2/benchmarks/vpi/real/showing_card/0005.mp4,showing_card_count_diamond,,,,Sihyun,None,Indexed counters,Readout,TRUE,,,,,,,,,,,,,,,,,,,,No
"In the video, cards are revealed one by one and sorted by their symbol. How many diamond cards were revealed?",/nas2/benchmarks/vpi/real/showing_card/0006.mp4,showing_card_count_diamond,,,,Sihyun,None,Indexed counters,Readout,TRUE,,,,,,,,,,,,,,,,,,,,No
"In the video, cards are revealed one by one and sorted by their symbol. How many diamond cards were revealed?",/nas2/benchmarks/vpi/real/showing_card/0007.mp4,showing_card_count_diamond,,,,Sihyun,None,Indexed counters,Readout,TRUE,,,,,,,,,,,,,,,,,,,,No
"In the video, cards are revealed one by one and sorted by their symbol. How many diamond cards were revealed?",/nas2/benchmarks/vpi/real/showing_card/0008.mp4,showing_card_count_diamond,,,,Sihyun,None,Indexed counters,Readout,TRUE,,,,,,,,,,,,,,,,,,,,No
"In the video, cards are revealed one by one and sorted by their symbol. How many diamond cards were revealed?",/nas2/benchmarks/vpi/real/showing_card/0009.mp4,showing_card_count_diamond,,,,Sihyun,None,Indexed counters,Readout,TRUE,,,,,,,,,,,,,,,,,,,,No
"In the video, cards are revealed one by one and sorted by their symbol. How many diamond cards were revealed?",/nas2/benchmarks/vpi/real/showing_card/0010.mp4,showing_card_count_diamond,,,,Sihyun,None,Indexed counters,Readout,TRUE,,,,,,,,,,,,,,,,,,,,No
"In the video, cards are revealed one by one and sorted by their symbol. How many heart cards were revealed?",/nas2/benchmarks/vpi/real/showing_card/0001.mp4,showing_card_count_heart,,,,Sihyun,None,Indexed counters,Readout,TRUE,,,,,,,,,,,,,,,,,,,,No
"In the video, cards are revealed one by one and sorted by their symbol. How many heart cards were revealed?",/nas2/benchmarks/vpi/real/showing_card/0002.mp4,showing_card_count_heart,,,,Sihyun,None,Indexed counters,Readout,TRUE,,,,,,,,,,,,,,,,,,,,No
"In the video, cards are revealed one by one and sorted by their symbol. How many heart cards were revealed?",/nas2/benchmarks/vpi/real/showing_card/0003.mp4,showing_card_count_heart,,,,Sihyun,None,Indexed counters,Readout,TRUE,,,,,,,,,,,,,,,,,,,,No
"In the video, cards are revealed one by one and sorted by their symbol. How many heart cards were revealed?",/nas2/benchmarks/vpi/real/showing_card/0004.mp4,showing_card_count_heart,,,,Sihyun,None,Indexed counters,Readout,TRUE,,,,,,,,,,,,,,,,,,,,No
"In the video, cards are revealed one by one and sorted by their symbol. How many heart cards were revealed?",/nas2/benchmarks/vpi/real/showing_card/0005.mp4,showing_card_count_heart,,,,Sihyun,None,Indexed counters,Readout,TRUE,,,,,,,,,,,,,,,,,,,,No
"In the video, cards are revealed one by one and sorted by their symbol. How many heart cards were revealed?",/nas2/benchmarks/vpi/real/showing_card/0006.mp4,showing_card_count_heart,,,,Sihyun,None,Indexed counters,Readout,TRUE,,,,,,,,,,,,,,,,,,,,No
"In the video, cards are revealed one by one and sorted by their symbol. How many heart cards were revealed?",/nas2/benchmarks/vpi/real/showing_card/0007.mp4,showing_card_count_heart,,,,Sihyun,None,Indexed counters,Readout,TRUE,,,,,,,,,,,,,,,,,,,,No
"In the video, cards are revealed one by one and sorted by their symbol. How many heart cards were revealed?",/nas2/benchmarks/vpi/real/showing_card/0008.mp4,showing_card_count_heart,,,,Sihyun,None,Indexed counters,Readout,TRUE,,,,,,,,,,,,,,,,,,,,No
"In the video, cards are revealed one by one and sorted by their symbol. How many heart cards were revealed?",/nas2/benchmarks/vpi/real/showing_card/0009.mp4,showing_card_count_heart,,,,Sihyun,None,Indexed counters,Readout,TRUE,,,,,,,,,,,,,,,,,,,,No
"In the video, cards are revealed one by one and sorted by their symbol. How many heart cards were revealed?",/nas2/benchmarks/vpi/real/showing_card/0010.mp4,showing_card_count_heart,,,,Sihyun,None,Indexed counters,Readout,TRUE,,,,,,,,,,,,,,,,,,,,No
"In the video, cards are revealed one by one and sorted by their symbol. How many club cards were revealed?",/nas2/benchmarks/vpi/real/showing_card/0001.mp4,showing_card_count_club,,,,Sihyun,None,Indexed counters,Readout,TRUE,,,,,,,,,,,,,,,,,,,,No
"In the video, cards are revealed one by one and sorted by their symbol. How many club cards were revealed?",/nas2/benchmarks/vpi/real/showing_card/0002.mp4,showing_card_count_club,,,,Sihyun,None,Indexed counters,Readout,TRUE,,,,,,,,,,,,,,,,,,,,No
"In the video, cards are revealed one by one and sorted by their symbol. How many club cards were revealed?",/nas2/benchmarks/vpi/real/showing_card/0003.mp4,showing_card_count_club,,,,Sihyun,None,Indexed counters,Readout,TRUE,,,,,,,,,,,,,,,,,,,,No
"In the video, cards are revealed one by one and sorted by their symbol. How many club cards were revealed?",/nas2/benchmarks/vpi/real/showing_card/0004.mp4,showing_card_count_club,,,,Sihyun,None,Indexed counters,Readout,TRUE,,,,,,,,,,,,,,,,,,,,No
"In the video, cards are revealed one by one and sorted by their symbol. How many club cards were revealed?",/nas2/benchmarks/vpi/real/showing_card/0005.mp4,showing_card_count_club,,,,Sihyun,None,Indexed counters,Readout,TRUE,,,,,,,,,,,,,,,,,,,,No
"In the video, cards are revealed one by one and sorted by their symbol. How many club cards were revealed?",/nas2/benchmarks/vpi/real/showing_card/0006.mp4,showing_card_count_club,,,,Sihyun,None,Indexed counters,Readout,TRUE,,,,,,,,,,,,,,,,,,,,No
"In the video, cards are revealed one by one and sorted by their symbol. How many club cards were revealed?",/nas2/benchmarks/vpi/real/showing_card/0007.mp4,showing_card_count_club,,,,Sihyun,None,Indexed counters,Readout,TRUE,,,,,,,,,,,,,,,,,,,,No
"In the video, cards are revealed one by one and sorted by their symbol. How many club cards were revealed?",/nas2/benchmarks/vpi/real/showing_card/0008.mp4,showing_card_count_club,,,,Sihyun,None,Indexed counters,Readout,TRUE,,,,,,,,,,,,,,,,,,,,No
"In the video, cards are revealed one by one and sorted by their symbol. How many club cards were revealed?",/nas2/benchmarks/vpi/real/showing_card/0009.mp4,showing_card_count_club,,,,Sihyun,None,Indexed counters,Readout,TRUE,,,,,,,,,,,,,,,,,,,,No
"In the video, cards are revealed one by one and sorted by their symbol. How many club cards were revealed?",/nas2/benchmarks/vpi/real/showing_card/0010.mp4,showing_card_count_club,,,,Sihyun,None,Indexed counters,Readout,TRUE,,,,,,,,,,,,,,,,,,,,No
"In the video, cards are revealed one by one and sorted by their symbol. How many spade cards were revealed?",/nas2/benchmarks/vpi/real/showing_card/0001.mp4,showing_card_count_spade,,,,Sihyun,None,Indexed counters,Readout,TRUE,,,,,,,,,,,,,,,,,,,,No
"In the video, cards are revealed one by one and sorted by their symbol. How many spade cards were revealed?",/nas2/benchmarks/vpi/real/showing_card/0002.mp4,showing_card_count_spade,,,,Sihyun,None,Indexed counters,Readout,TRUE,,,,,,,,,,,,,,,,,,,,No
"In the video, cards are revealed one by one and sorted by their symbol. How many spade cards were revealed?",/nas2/benchmarks/vpi/real/showing_card/0003.mp4,showing_card_count_spade,,,,Sihyun,None,Indexed counters,Readout,TRUE,,,,,,,,,,,,,,,,,,,,No
"In the video, cards are revealed one by one and sorted by their symbol. How many spade cards were revealed?",/nas2/benchmarks/vpi/real/showing_card/0004.mp4,showing_card_count_spade,,,,Sihyun,None,Indexed counters,Readout,TRUE,,,,,,,,,,,,,,,,,,,,No
"In the video, cards are revealed one by one and sorted by their symbol. How many spade cards were revealed?",/nas2/benchmarks/vpi/real/showing_card/0005.mp4,showing_card_count_spade,,,,Sihyun,None,Indexed counters,Readout,TRUE,,,,,,,,,,,,,,,,,,,,No
"In the video, cards are revealed one by one and sorted by their symbol. How many spade cards were revealed?",/nas2/benchmarks/vpi/real/showing_card/0006.mp4,showing_card_count_spade,,,,Sihyun,None,Indexed counters,Readout,TRUE,,,,,,,,,,,,,,,,,,,,No
"In the video, cards are revealed one by one and sorted by their symbol. How many spade cards were revealed?",/nas2/benchmarks/vpi/real/showing_card/0007.mp4,showing_card_count_spade,,,,Sihyun,None,Indexed counters,Readout,TRUE,,,,,,,,,,,,,,,,,,,,No
"In the video, cards are revealed one by one and sorted by their symbol. How many spade cards were revealed?",/nas2/benchmarks/vpi/real/showing_card/0008.mp4,showing_card_count_spade,,,,Sihyun,None,Indexed counters,Readout,TRUE,,,,,,,,,,,,,,,,,,,,No
"In the video, cards are revealed one by one and sorted by their symbol. How many spade cards were revealed?",/nas2/benchmarks/vpi/real/showing_card/0009.mp4,showing_card_count_spade,,,,Sihyun,None,Indexed counters,Readout,TRUE,,,,,,,,,,,,,,,,,,,,No
"In the video, cards are revealed one by one and sorted by their symbol. How many spade cards were revealed?",/nas2/benchmarks/vpi/real/showing_card/0010.mp4,showing_card_count_spade,,,,Sihyun,None,Indexed counters,Readout,TRUE,,,,,,,,,,,,,,,,,,,,No
"In the video, cards are revealed one by one and sorted by their symbol. Which symbol had the most cards?
 
 (A) heart
 (B) club
 (C) spade
 (D) diamond",/nas2/benchmarks/vpi/real/showing_card/0001.mp4,showing_card_most,,,,Sihyun,None,Indexed counters,Compare,TRUE,,,,,,,,,,,,,,,,,,,,No
"In the video, cards are revealed one by one and sorted by their symbol. Which symbol had the most cards?
 
 (A) club
 (B) diamond
 (C) spade
 (D) heart",/nas2/benchmarks/vpi/real/showing_card/0002.mp4,showing_card_most,,,,Sihyun,None,Indexed counters,Compare,TRUE,,,,,,,,,,,,,,,,,,,,No
"In the video, cards are revealed one by one and sorted by their symbol. Which symbol had the most cards?
 
 (A) spade
 (B) diamond
 (C) club
 (D) heart",/nas2/benchmarks/vpi/real/showing_card/0003.mp4,showing_card_most,,,,Sihyun,None,Indexed counters,Compare,TRUE,,,,,,,,,,,,,,,,,,,,No
"In the video, cards are revealed one by one and sorted by their symbol. Which symbol had the most cards?",/nas2/benchmarks/vpi/real/showing_card/0004.mp4,showing_card_most,,,,Sihyun,None,Indexed counters,Compare,TRUE,,,,,,,,,,,,,,,,,,,,No
"In the video, cards are revealed one by one and sorted by their symbol. Which symbol had the most cards?",/nas2/benchmarks/vpi/real/showing_card/0005.mp4,showing_card_most,,,,Sihyun,None,Indexed counters,Compare,TRUE,,,,,,,,,,,,,,,,,,,,No
"In the video, cards are revealed one by one and sorted by their symbol. Which symbol had the most cards?
 
 (A) heart
 (B) club
 (C) diamond
 (D) spade",/nas2/benchmarks/vpi/real/showing_card/0006.mp4,showing_card_most,,,,Sihyun,None,Indexed counters,Compare,TRUE,,,,,,,,,,,,,,,,,,,,No
"In the video, cards are revealed one by one and sorted by their symbol. Which symbol had the most cards?",/nas2/benchmarks/vpi/real/showing_card/0007.mp4,showing_card_most,,,,Sihyun,None,Indexed counters,Compare,TRUE,,,,,,,,,,,,,,,,,,,,No
"In the video, cards are revealed one by one and sorted by their symbol. Which symbol had the most cards?
 
 (A) club
 (B) diamond
 (C) heart
 (D) spade",/nas2/benchmarks/vpi/real/showing_card/0008.mp4,showing_card_most,,,,Sihyun,None,Indexed counters,Compare,TRUE,,,,,,,,,,,,,,,,,,,,No
"In the video, cards are revealed one by one and sorted by their symbol. Which symbol had the most cards?
 
 (A) diamond
 (B) club
 (C) spade
 (D) heart",/nas2/benchmarks/vpi/real/showing_card/0009.mp4,showing_card_most,,,,Sihyun,None,Indexed counters,Compare,TRUE,,,,,,,,,,,,,,,,,,,,No
"In the video, cards are revealed one by one and sorted by their symbol. Which symbol had the most cards?
 
 (A) heart
 (B) spade
 (C) club
 (D) diamond",/nas2/benchmarks/vpi/real/showing_card/0010.mp4,showing_card_most,,,,Sihyun,None,Indexed counters,Compare,TRUE,,,,,,,,,,,,,,,,,,,,No
"In the video, cards are revealed one by one and sorted by their symbol. Which symbol had the least cards?
 
 (A) club
 (B) spade
 (C) diamond
 (D) heart",/nas2/benchmarks/vpi/real/showing_card/0001.mp4,showing_card_least,,,,Sihyun,None,Indexed counters,Compare,TRUE,,,,,,,,,,,,,,,,,,,,No
"In the video, cards are revealed one by one and sorted by their symbol. Which symbol had the least cards?",/nas2/benchmarks/vpi/real/showing_card/0002.mp4,showing_card_least,,,,Sihyun,None,Indexed counters,Compare,TRUE,,,,,,,,,,,,,,,,,,,,No
"In the video, cards are revealed one by one and sorted by their symbol. Which symbol had the least cards?
 
 (A) diamond
 (B) club
 (C) heart
 (D) spade",/nas2/benchmarks/vpi/real/showing_card/0003.mp4,showing_card_least,,,,Sihyun,None,Indexed counters,Compare,TRUE,,,,,,,,,,,,,,,,,,,,No
"In the video, cards are revealed one by one and sorted by their symbol. Which symbol had the least cards?
 
 (A) club
 (B) diamond
 (C) spade
 (D) heart",/nas2/benchmarks/vpi/real/showing_card/0004.mp4,showing_card_least,,,,Sihyun,None,Indexed counters,Compare,TRUE,,,,,,,,,,,,,,,,,,,,No
"In the video, cards are revealed one by one and sorted by their symbol. Which symbol had the least cards?",/nas2/benchmarks/vpi/real/showing_card/0005.mp4,showing_card_least,,,,Sihyun,None,Indexed counters,Compare,TRUE,,,,,,,,,,,,,,,,,,,,No
"In the video, cards are revealed one by one and sorted by their symbol. Which symbol had the least cards?",/nas2/benchmarks/vpi/real/showing_card/0006.mp4,showing_card_least,,,,Sihyun,None,Indexed counters,Compare,TRUE,,,,,,,,,,,,,,,,,,,,No
"In the video, cards are revealed one by one and sorted by their symbol. Which symbol had the least cards?
 
 (A) club
 (B) heart
 (C) diamond
 (D) spade",/nas2/benchmarks/vpi/real/showing_card/0007.mp4,showing_card_least,,,,Sihyun,None,Indexed counters,Compare,TRUE,,,,,,,,,,,,,,,,,,,,No
"In the video, cards are revealed one by one and sorted by their symbol. Which symbol had the least cards?
 
 (A) club
 (B) diamond
 (C) heart
 (D) spade",/nas2/benchmarks/vpi/real/showing_card/0008.mp4,showing_card_least,,,,Sihyun,None,Indexed counters,Compare,TRUE,,,,,,,,,,,,,,,,,,,,No
"In the video, cards are revealed one by one and sorted by their symbol. Which symbol had the least cards?
 
 (A) spade
 (B) heart
 (C) club
 (D) diamond",/nas2/benchmarks/vpi/real/showing_card/0009.mp4,showing_card_least,,,,Sihyun,None,Indexed counters,Compare,TRUE,,,,,,,,,,,,,,,,,,,,No
"In the video, cards are revealed one by one and sorted by their symbol. Which symbol had the least cards?
 
 (A) diamond
 (B) club
 (C) spade
 (D) heart",/nas2/benchmarks/vpi/real/showing_card/0010.mp4,showing_card_least,,,,Sihyun,None,Indexed counters,Compare,TRUE,,,,,,,,,,,,,,,,,,,,No
How many goal attempts are made in the video?,/nas2/benchmarks/vpi/real/processed/basketball/0001_pt1.mp4,basketball,,,,Sihyun,"Action ambiguity, Multi-entity attribution, Occlusion",Counter,Readout,TRUE,,,,,,,,,,,,,,,,,,,,No
"""What's the number of **different** players that make a shot attempt in the video?""",/nas2/benchmarks/vpi/real/processed/basketball/0001_pt10.mp4,basketball,No,Attribute,Set,Sihyun,"Action ambiguity, Multi-entity attribution, Occlusion",Set,Aggregate,FALSE,,,,,,,,,,,,,,,,,,,,No
What's the number of **different** players that make a shot attempt in the video?,/nas2/benchmarks/vpi/real/processed/basketball/0001_pt2.mp4,basketball,No,Attribute,Set,Sihyun,"Action ambiguity, Multi-entity attribution, Occlusion",Set,Readout,FALSE,,,,,,,,,,,,,,,,,,,,No
How many goal attempts are made in the video?,/nas2/benchmarks/vpi/real/processed/basketball/0001_pt3.mp4,basketball,No,Count,Atmoic,Sihyun,"Action ambiguity, Multi-entity attribution, Occlusion",Counter,Readout,FALSE,,,,,,,,,,,,,,,,,,,,No
How many times is the ball served in the video?,/nas2/benchmarks/vpi/real/processed/basketball/0001_pt4.mp4,basketball,No,Count,Atmoic,Sihyun,"Action ambiguity, Multi-entity attribution, Occlusion",Counter,Readout,FALSE,,,,,,,,,,,,,,,,,,,,No
What's the total field goal percentage in the video? Round to the nearest integer in percentage.,/nas2/benchmarks/vpi/real/processed/basketball/0001_pt5.mp4,basketball,No,Count,Dict,Sihyun,"Action ambiguity, Multi-entity attribution, Occlusion",Indexed counters,Aggregate,FALSE,,,,,,,,,,,,,,,,,,,,Yes
What's the total field goal percentage in the video? Round to the nearest integer in percentage.,/nas2/benchmarks/vpi/real/processed/basketball/0001_pt6.mp4,basketball,No,Count,Dict,Sihyun,"Action ambiguity, Multi-entity attribution, Occlusion",Indexed counters,Aggregate,FALSE,,,,,,,,,,,,,,,,,,,,No
How many passes are made by the end of the video?,/nas2/benchmarks/vpi/real/processed/basketball/0001_pt7.mp4,basketball,No,Count,Atmoic,Sihyun,"Action ambiguity, Multi-entity attribution, Occlusion",Counter,Readout,FALSE,,,,,,,,,,,,,,,,,,,,No
How many successful passes are made by the end of the video?,/nas2/benchmarks/vpi/real/processed/basketball/0001_pt8.mp4,basketball,No,Count,Atmoic,Sihyun,"Action ambiguity, Multi-entity attribution, Occlusion",Counter,Readout,FALSE,,,,,,,,,,,,,,,,,,,,No
How many goals are scored in the video?,/nas2/benchmarks/vpi/real/processed/basketball/0001_pt9.mp4,basketball,No,Count,Atmoic,Sihyun,"Action ambiguity, Multi-entity attribution, Occlusion",Counter,Readout,FALSE,,,,,,,,,,,,,,,,,,,,No
What's the field goal percentage of the player with black t-shirt?,/nas2/benchmarks/vpi/real/processed/basketball/0002_pt1.mp4,basketball,No,Count,Dict,Sihyun,"Action ambiguity, Multi-entity attribution, Camera motion",Indexed counters,Aggregate,FALSE,,,,,,,,,,,,,,,,,,,,No
What's the field goal percentage of the player with the white tank top? Round to the nearest integer in percentage.,/nas2/benchmarks/vpi/real/processed/basketball/0002_pt10.mp4,basketball,No,Count,Dict,Sihyun,"Action ambiguity, Multi-entity attribution, Camera motion",Indexed counters,Aggregate,FALSE,,,,,,,,,,,,,,,,,,,,No
What's the field goal percentage of the player with white tank top?,/nas2/benchmarks/vpi/real/processed/basketball/0002_pt2.mp4,basketball,No,Count,Dict,Sihyun,"Action ambiguity, Multi-entity attribution, Camera motion",Indexed counters,Aggregate,FALSE,,,,,,,,,,,,,,,,,,,,No
How many back-and-forth exchanges take place during the 1-on-1 game shown?,/nas2/benchmarks/vpi/real/processed/basketball/0002_pt3.mp4,basketball,No,Count,Atmoic,Sihyun,"Action ambiguity, Multi-entity attribution, Camera motion",Counter,Readout,FALSE,,,,,,,,,,,,,,,,,,,,No
How many three-pointers are made in the video by all players?,/nas2/benchmarks/vpi/real/processed/basketball/0002_pt4.mp4,basketball,No,Count,Atmoic,Sihyun,"Action ambiguity, Multi-entity attribution, Camera motion",Counter,Readout,FALSE,,,,,,,,,,,,,,,,,,,,No
How many three-pointers are made by the player with the light-colored shirt?,/nas2/benchmarks/vpi/real/processed/basketball/0002_pt5.mp4,basketball,No,Count,Atmoic,Sihyun,"Action ambiguity, Multi-entity attribution, Camera motion",Counter,Readout,FALSE,,,,,,,,,,,,,,,,,,,,No
How many successful defensive plays are made in the video?,/nas2/benchmarks/vpi/real/processed/basketball/0002_pt6.mp4,basketball,No,Count,Atmoic,Sihyun,"Action ambiguity, Multi-entity attribution, Camera motion",Counter,Readout,FALSE,,,,,,,,,,,,,,,,,,,,No
How many goals are scored by the player with the light-colored shirt?,/nas2/benchmarks/vpi/real/processed/basketball/0002_pt7.mp4,basketball,No,Count,Atmoic,Sihyun,"Action ambiguity, Multi-entity attribution, Camera motion",Counter,Readout,FALSE,,,,,,,,,,,,,,,,,,,,No
What's the total field goal percentage of both players in the video? Round to the nearest integer in percentage.,/nas2/benchmarks/vpi/real/processed/basketball/0002_pt8.mp4,basketball,No,Count,Dict,Sihyun,"Action ambiguity, Multi-entity attribution, Camera motion",Indexed counters,Aggregate,FALSE,,,,,,,,,,,,,,,,,,,,No
What's the ratio of three-pointers made to all goals scored by the player with the white tank top? Round to the nearest integer in percentage.,/nas2/benchmarks/vpi/real/processed/basketball/0002_pt9.mp4,basketball,No,Count,Dict,Sihyun,"Action ambiguity, Multi-entity attribution, Camera motion",Indexed counters,Aggregate,FALSE,,,,,,,,,,,,,,,,,,,,No
How many goal attempts are made in total?,/nas2/benchmarks/vpi/real/processed/basketball/0003_pt1.mp4,basketball,No,Count,Atmoic,Sihyun,"Action ambiguity, Multi-entity attribution, Camera motion, Occlusion",Counter,Readout,FALSE,,,,,,,,,,,,,,,,,,,,No
How many shots are made in total?,/nas2/benchmarks/vpi/real/processed/basketball/0003_pt1.mp4,basketball,No,Count,Atmoic,Sihyun,"Action ambiguity, Multi-entity attribution, Camera motion, Occlusion",Counter,Readout,FALSE,,,,,,,,,,,,,,,,,,,,No
How many 3-pointers are made in total?,/nas2/benchmarks/vpi/real/processed/basketball/0003_pt1.mp4,basketball,No,Count,Atmoic,Sihyun,"Action ambiguity, Multi-entity attribution, Camera motion, Occlusion",Counter,Readout,FALSE,,,,,,,,,,,,,,,,,,,,No
What's the total field goal percentage? Round to the nearest integer in percentage.,/nas2/benchmarks/vpi/real/processed/basketball/0003_pt1.mp4,basketball,No,Count,Dict,Sihyun,"Action ambiguity, Multi-entity attribution, Camera motion, Occlusion",Indexed counters,Aggregate,FALSE,,,,,,,,,,,,,,,,,,,,No
What's the total 3-pointer field goal percentage? Round to the nearest integer in percentage.,/nas2/benchmarks/vpi/real/processed/basketball/0003_pt1.mp4,basketball,No,Count,Dict,Sihyun,"Action ambiguity, Multi-entity attribution, Camera motion, Occlusion",Indexed counters,Aggregate,FALSE,,,,,,,,,,,,,,,,,,,,No
What's the largest number of shots made by one team?,/nas2/benchmarks/vpi/real/processed/basketball/0003_pt1.mp4,basketball,No,Count,Dict,Sihyun,"Action ambiguity, Multi-entity attribution, Camera motion, Occlusion",Indexed counters,Aggregate,FALSE,,,,,,,,,,,,,,,,,,,,No
What's the largest number of 3-pointers made by one team?,/nas2/benchmarks/vpi/real/processed/basketball/0003_pt1.mp4,basketball,No,Count,Dict,Sihyun,"Action ambiguity, Multi-entity attribution, Camera motion, Occlusion",Indexed counters,Aggregate,FALSE,,,,,,,,,,,,,,,,,,,,No
What's the largest field goal percentage by one team? Round to the nearest integer in percentage.,/nas2/benchmarks/vpi/real/processed/basketball/0003_pt1.mp4,basketball,No,Count,Dict,Sihyun,"Action ambiguity, Multi-entity attribution, Camera motion, Occlusion",Indexed counters,Aggregate,FALSE,,,,,,,,,,,,,,,,,,,,No
What's the largest 3-pointer field goal percentage by one team? Round to the nearest integer in percentage.,/nas2/benchmarks/vpi/real/processed/basketball/0003_pt1.mp4,basketball,No,Count,Dict,Sihyun,"Action ambiguity, Multi-entity attribution, Camera motion, Occlusion",Indexed counters,Aggregate,FALSE,,,,,,,,,,,,,,,,,,,,No
What's the largest number of goal attempts by a single player?,/nas2/benchmarks/vpi/real/processed/basketball/0003_pt1.mp4,basketball,No,Count,Dict,Sihyun,"Action ambiguity, Multi-entity attribution, Camera motion, Occlusion",Indexed counters,Aggregate,FALSE,,,,,,,,,,,,,,,,,,,,No
What's the largest number of shots made by a single player?,/nas2/benchmarks/vpi/real/processed/basketball/0003_pt1.mp4,basketball,No,Count,Dict,Sihyun,"Action ambiguity, Multi-entity attribution, Camera motion, Occlusion",Indexed counters,Aggregate,FALSE,,,,,,,,,,,,,,,,,,,,No
What's the largest number of 3-pointers made by a single player?,/nas2/benchmarks/vpi/real/processed/basketball/0003_pt1.mp4,basketball,No,Count,Dict,Sihyun,"Action ambiguity, Multi-entity attribution, Camera motion, Occlusion",Indexed counters,Aggregate,FALSE,,,,,,,,,,,,,,,,,,,,No
What's the largest field goal percentage by a single player? Round to the nearest integer in percentage.,/nas2/benchmarks/vpi/real/processed/basketball/0003_pt1.mp4,basketball,No,Count,Dict,Sihyun,"Action ambiguity, Multi-entity attribution, Camera motion, Occlusion",Indexed counters,Aggregate,FALSE,,,,,,,,,,,,,,,,,,,,No
What's the largest 3-pointer field goal percentage by a single player? Round to the nearest integer in percentage.,/nas2/benchmarks/vpi/real/processed/basketball/0003_pt1.mp4,basketball,No,Count,Dict,Sihyun,"Action ambiguity, Multi-entity attribution, Camera motion, Occlusion",Indexed counters,Aggregate,FALSE,,,,,,,,,,,,,,,,,,,,No
How many different players make a shot in the video?,/nas2/benchmarks/vpi/real/processed/basketball/0003_pt1.mp4,basketball,No,Attribute,Set,Sihyun,"Action ambiguity, Multi-entity attribution, Camera motion, Occlusion",Set,Aggregate,FALSE,,,,,,,,,,,,,,,,,,,,No
How many goal attempts are made in total?,/nas2/benchmarks/vpi/real/processed/basketball/0003_pt10.mp4,basketball,No,Count,Atmoic,Sihyun,"Action ambiguity, Multi-entity attribution, Camera motion, Occlusion",Counter,Readout,FALSE,,,,,,,,,,,,,,,,,,,,No
How many shots are made in total?,/nas2/benchmarks/vpi/real/processed/basketball/0003_pt10.mp4,basketball,No,Count,Atmoic,Sihyun,"Action ambiguity, Multi-entity attribution, Camera motion, Occlusion",Counter,Readout,FALSE,,,,,,,,,,,,,,,,,,,,No
How many 3-pointers are made in total?,/nas2/benchmarks/vpi/real/processed/basketball/0003_pt10.mp4,basketball,No,Count,Atmoic,Sihyun,"Action ambiguity, Multi-entity attribution, Camera motion, Occlusion",Counter,Readout,FALSE,,,,,,,,,,,,,,,,,,,,No
What's the total field goal percentage? Round to the nearest integer in percentage.,/nas2/benchmarks/vpi/real/processed/basketball/0003_pt10.mp4,basketball,No,Count,Dict,Sihyun,"Action ambiguity, Multi-entity attribution, Camera motion, Occlusion",Indexed counters,Aggregate,FALSE,,,,,,,,,,,,,,,,,,,,No
What's the total 3-pointer field goal percentage? Round to the nearest integer in percentage.,/nas2/benchmarks/vpi/real/processed/basketball/0003_pt10.mp4,basketball,No,Count,Dict,Sihyun,"Action ambiguity, Multi-entity attribution, Camera motion, Occlusion",Indexed counters,Aggregate,FALSE,,,,,,,,,,,,,,,,,,,,No
What's the largest number of shots made by one team?,/nas2/benchmarks/vpi/real/processed/basketball/0003_pt10.mp4,basketball,No,Count,Dict,Sihyun,"Action ambiguity, Multi-entity attribution, Camera motion, Occlusion",Indexed counters,Aggregate,FALSE,,,,,,,,,,,,,,,,,,,,No
What's the largest number of 3-pointers made by one team?,/nas2/benchmarks/vpi/real/processed/basketball/0003_pt10.mp4,basketball,No,Count,Dict,Sihyun,"Action ambiguity, Multi-entity attribution, Camera motion, Occlusion",Indexed counters,Aggregate,FALSE,,,,,,,,,,,,,,,,,,,,No
What's the largest field goal percentage by one team? Round to the nearest integer in percentage.,/nas2/benchmarks/vpi/real/processed/basketball/0003_pt10.mp4,basketball,No,Count,Dict,Sihyun,"Action ambiguity, Multi-entity attribution, Camera motion, Occlusion",Indexed counters,Aggregate,FALSE,,,,,,,,,,,,,,,,,,,,No
What's the largest 3-pointer field goal percentage by one team? Round to the nearest integer in percentage.,/nas2/benchmarks/vpi/real/processed/basketball/0003_pt10.mp4,basketball,No,Count,Dict,Sihyun,"Action ambiguity, Multi-entity attribution, Camera motion, Occlusion",Indexed counters,Aggregate,FALSE,,,,,,,,,,,,,,,,,,,,No
"""What's the number of **different** players that make a shot attempt in the video?""",/nas2/benchmarks/vpi/real/processed/basketball/0003_pt10.mp4,basketball,No,Attribute,Set,Sihyun,"Action ambiguity, Multi-entity attribution, Camera motion, Occlusion",Set,Aggregate,FALSE,,,,,,,,,,,,,,,,,,,,No
How many different players make a shot in the video?,/nas2/benchmarks/vpi/real/processed/basketball/0003_pt10.mp4,basketball,No,Attribute,Set,Sihyun,"Action ambiguity, Multi-entity attribution, Camera motion, Occlusion",Set,Aggregate,FALSE,,,,,,,,,,,,,,,,,,,,No
How many goal attempts are made in total?,/nas2/benchmarks/vpi/real/processed/basketball/0003_pt2.mp4,basketball,No,Count,Atmoic,Sihyun,"Action ambiguity, Multi-entity attribution, Camera motion, Occlusion",Counter,Readout,FALSE,,,,,,,,,,,,,,,,,,,,No
How many shots are made in total?,/nas2/benchmarks/vpi/real/processed/basketball/0003_pt2.mp4,basketball,No,Count,Atmoic,Sihyun,"Action ambiguity, Multi-entity attribution, Camera motion, Occlusion",Counter,Readout,FALSE,,,,,,,,,,,,,,,,,,,,No
How many 3-pointers are made in total?,/nas2/benchmarks/vpi/real/processed/basketball/0003_pt2.mp4,basketball,No,Count,Atmoic,Sihyun,"Action ambiguity, Multi-entity attribution, Camera motion, Occlusion",Counter,Readout,FALSE,,,,,,,,,,,,,,,,,,,,No
What's the total field goal percentage? Round to the nearest integer in percentage.,/nas2/benchmarks/vpi/real/processed/basketball/0003_pt2.mp4,basketball,No,Count,Dict,Sihyun,"Action ambiguity, Multi-entity attribution, Camera motion, Occlusion",Indexed counters,Aggregate,FALSE,,,,,,,,,,,,,,,,,,,,No
What's the total 3-pointer field goal percentage? Round to the nearest integer in percentage.,/nas2/benchmarks/vpi/real/processed/basketball/0003_pt2.mp4,basketball,No,Count,Dict,Sihyun,"Action ambiguity, Multi-entity attribution, Camera motion, Occlusion",Indexed counters,Aggregate,FALSE,,,,,,,,,,,,,,,,,,,,No
What's the largest number of shots made by one team?,/nas2/benchmarks/vpi/real/processed/basketball/0003_pt2.mp4,basketball,No,Count,Dict,Sihyun,"Action ambiguity, Multi-entity attribution, Camera motion, Occlusion",Indexed counters,Aggregate,FALSE,,,,,,,,,,,,,,,,,,,,No
What's the largest number of 3-pointers made by one team?,/nas2/benchmarks/vpi/real/processed/basketball/0003_pt2.mp4,basketball,No,Count,Dict,Sihyun,"Action ambiguity, Multi-entity attribution, Camera motion, Occlusion",Indexed counters,Aggregate,FALSE,,,,,,,,,,,,,,,,,,,,No
What's the largest field goal percentage by one team? Round to the nearest integer in percentage.,/nas2/benchmarks/vpi/real/processed/basketball/0003_pt2.mp4,basketball,No,Count,Dict,Sihyun,"Action ambiguity, Multi-entity attribution, Camera motion, Occlusion",Indexed counters,Aggregate,FALSE,,,,,,,,,,,,,,,,,,,,No
What's the largest 3-pointer field goal percentage by one team? Round to the nearest integer in percentage.,/nas2/benchmarks/vpi/real/processed/basketball/0003_pt2.mp4,basketball,No,Count,Dict,Sihyun,"Action ambiguity, Multi-entity attribution, Camera motion, Occlusion",Indexed counters,Aggregate,FALSE,,,,,,,,,,,,,,,,,,,,No
What's the largest number of goal attempts by a single player?,/nas2/benchmarks/vpi/real/processed/basketball/0003_pt2.mp4,basketball,No,Count,Dict,Sihyun,"Action ambiguity, Multi-entity attribution, Camera motion, Occlusion",Indexed counters,Aggregate,FALSE,,,,,,,,,,,,,,,,,,,,No
What's the largest number of shots made by a single player?,/nas2/benchmarks/vpi/real/processed/basketball/0003_pt2.mp4,basketball,No,Count,Dict,Sihyun,"Action ambiguity, Multi-entity attribution, Camera motion, Occlusion",Indexed counters,Aggregate,FALSE,,,,,,,,,,,,,,,,,,,,No
What's the largest number of 3-pointers made by a single player?,/nas2/benchmarks/vpi/real/processed/basketball/0003_pt2.mp4,basketball,No,Count,Dict,Sihyun,"Action ambiguity, Multi-entity attribution, Camera motion, Occlusion",Indexed counters,Aggregate,FALSE,,,,,,,,,,,,,,,,,,,,No
What's the largest field goal percentage by a single player? Round to the nearest integer in percentage.,/nas2/benchmarks/vpi/real/processed/basketball/0003_pt2.mp4,basketball,No,Count,Dict,Sihyun,"Action ambiguity, Multi-entity attribution, Camera motion, Occlusion",Indexed counters,Aggregate,FALSE,,,,,,,,,,,,,,,,,,,,No
What's the largest 3-pointer field goal percentage by a single player? Round to the nearest integer in percentage.,/nas2/benchmarks/vpi/real/processed/basketball/0003_pt2.mp4,basketball,No,Count,Dict,Sihyun,"Action ambiguity, Multi-entity attribution, Camera motion, Occlusion",Indexed counters,Aggregate,FALSE,,,,,,,,,,,,,,,,,,,,No
"""What's the number of **different** players that make a shot attempt in the video?""",/nas2/benchmarks/vpi/real/processed/basketball/0003_pt2.mp4,basketball,No,Attribute,Set,Sihyun,"Action ambiguity, Multi-entity attribution, Camera motion, Occlusion",Set,Aggregate,FALSE,,,,,,,,,,,,,,,,,,,,No
How many different players make a shot in the video?,/nas2/benchmarks/vpi/real/processed/basketball/0003_pt2.mp4,basketball,No,Attribute,Set,Sihyun,"Action ambiguity, Multi-entity attribution, Camera motion, Occlusion",Set,Aggregate,FALSE,,,,,,,,,,,,,,,,,,,,No
How many shots are made in total?,/nas2/benchmarks/vpi/real/processed/basketball/0003_pt3.mp4,basketball,No,Count,Atmoic,Sihyun,"Action ambiguity, Multi-entity attribution, Camera motion, Occlusion",Counter,Readout,FALSE,,,,,,,,,,,,,,,,,,,,No
How many 3-pointers are made in total?,/nas2/benchmarks/vpi/real/processed/basketball/0003_pt3.mp4,basketball,No,Count,Atmoic,Sihyun,"Action ambiguity, Multi-entity attribution, Camera motion, Occlusion",Counter,Readout,FALSE,,,,,,,,,,,,,,,,,,,,No
What's the total field goal percentage? Round to the nearest integer in percentage.,/nas2/benchmarks/vpi/real/processed/basketball/0003_pt3.mp4,basketball,No,Count,Dict,Sihyun,"Action ambiguity, Multi-entity attribution, Camera motion, Occlusion",Indexed counters,Aggregate,FALSE,,,,,,,,,,,,,,,,,,,,No
What's the total 3-pointer field goal percentage? Round to the nearest integer in percentage.,/nas2/benchmarks/vpi/real/processed/basketball/0003_pt3.mp4,basketball,No,Count,Dict,Sihyun,"Action ambiguity, Multi-entity attribution, Camera motion, Occlusion",Indexed counters,Aggregate,FALSE,,,,,,,,,,,,,,,,,,,,No
What's the largest number of shots made by one team?,/nas2/benchmarks/vpi/real/processed/basketball/0003_pt3.mp4,basketball,No,Count,Dict,Sihyun,"Action ambiguity, Multi-entity attribution, Camera motion, Occlusion",Indexed counters,Aggregate,FALSE,,,,,,,,,,,,,,,,,,,,No
What's the largest number of 3-pointers made by one team?,/nas2/benchmarks/vpi/real/processed/basketball/0003_pt3.mp4,basketball,No,Count,Dict,Sihyun,"Action ambiguity, Multi-entity attribution, Camera motion, Occlusion",Indexed counters,Aggregate,FALSE,,,,,,,,,,,,,,,,,,,,No
What's the largest field goal percentage by one team? Round to the nearest integer in percentage.,/nas2/benchmarks/vpi/real/processed/basketball/0003_pt3.mp4,basketball,No,Count,Dict,Sihyun,"Action ambiguity, Multi-entity attribution, Camera motion, Occlusion",Indexed counters,Aggregate,FALSE,,,,,,,,,,,,,,,,,,,,No
What's the largest 3-pointer field goal percentage by one team? Round to the nearest integer in percentage.,/nas2/benchmarks/vpi/real/processed/basketball/0003_pt3.mp4,basketball,No,Count,Dict,Sihyun,"Action ambiguity, Multi-entity attribution, Camera motion, Occlusion",Indexed counters,Aggregate,FALSE,,,,,,,,,,,,,,,,,,,,No
What's the largest number of goal attempts by a single player?,/nas2/benchmarks/vpi/real/processed/basketball/0003_pt3.mp4,basketball,No,Count,Dict,Sihyun,"Action ambiguity, Multi-entity attribution, Camera motion, Occlusion",Indexed counters,Aggregate,FALSE,,,,,,,,,,,,,,,,,,,,No
What's the largest number of shots made by a single player?,/nas2/benchmarks/vpi/real/processed/basketball/0003_pt3.mp4,basketball,No,Count,Dict,Sihyun,"Action ambiguity, Multi-entity attribution, Camera motion, Occlusion",Indexed counters,Aggregate,FALSE,,,,,,,,,,,,,,,,,,,,No
What's the largest number of 3-pointers made by a single player?,/nas2/benchmarks/vpi/real/processed/basketball/0003_pt3.mp4,basketball,No,Count,Dict,Sihyun,"Action ambiguity, Multi-entity attribution, Camera motion, Occlusion",Indexed counters,Aggregate,FALSE,,,,,,,,,,,,,,,,,,,,No
What's the largest field goal percentage by a single player? Round to the nearest integer in percentage.,/nas2/benchmarks/vpi/real/processed/basketball/0003_pt3.mp4,basketball,No,Count,Dict,Sihyun,"Action ambiguity, Multi-entity attribution, Camera motion, Occlusion",Indexed counters,Aggregate,FALSE,,,,,,,,,,,,,,,,,,,,No
What's the largest 3-pointer field goal percentage by a single player? Round to the nearest integer in percentage.,/nas2/benchmarks/vpi/real/processed/basketball/0003_pt3.mp4,basketball,No,Count,Dict,Sihyun,"Action ambiguity, Multi-entity attribution, Camera motion, Occlusion",Indexed counters,Aggregate,FALSE,,,,,,,,,,,,,,,,,,,,No
"""What's the number of **different** players that make a shot attempt in the video?""",/nas2/benchmarks/vpi/real/processed/basketball/0003_pt3.mp4,basketball,No,Attribute,Set,Sihyun,"Action ambiguity, Multi-entity attribution, Camera motion, Occlusion",Set,Aggregate,FALSE,,,,,,,,,,,,,,,,,,,,No
How many different players make a shot in the video?,/nas2/benchmarks/vpi/real/processed/basketball/0003_pt3.mp4,basketball,No,Attribute,Set,Sihyun,"Action ambiguity, Multi-entity attribution, Camera motion, Occlusion",Set,Aggregate,FALSE,,,,,,,,,,,,,,,,,,,,No
How many goal attempts are made in total?,/nas2/benchmarks/vpi/real/processed/basketball/0003_pt3.mp4,basketball,No,Count,Atmoic,Sihyun,"Action ambiguity, Multi-entity attribution, Camera motion, Occlusion",Counter,Readout,FALSE,,,,,,,,,,,,,,,,,,,,No
How many shots are made in total?,/nas2/benchmarks/vpi/real/processed/basketball/0003_pt4.mp4,basketball,No,Count,Atmoic,Sihyun,"Action ambiguity, Multi-entity attribution, Camera motion, Occlusion",Counter,Readout,FALSE,,,,,,,,,,,,,,,,,,,,No
How many 3-pointers are made in total?,/nas2/benchmarks/vpi/real/processed/basketball/0003_pt4.mp4,basketball,No,Count,Atmoic,Sihyun,"Action ambiguity, Multi-entity attribution, Camera motion, Occlusion",Counter,Readout,FALSE,,,,,,,,,,,,,,,,,,,,No
What's the total field goal percentage? Round to the nearest integer in percentage.,/nas2/benchmarks/vpi/real/processed/basketball/0003_pt4.mp4,basketball,No,Count,Dict,Sihyun,"Action ambiguity, Multi-entity attribution, Camera motion, Occlusion",Indexed counters,Aggregate,FALSE,,,,,,,,,,,,,,,,,,,,No
What's the total 3-pointer field goal percentage? Round to the nearest integer in percentage.,/nas2/benchmarks/vpi/real/processed/basketball/0003_pt4.mp4,basketball,No,Count,Dict,Sihyun,"Action ambiguity, Multi-entity attribution, Camera motion, Occlusion",Indexed counters,Aggregate,FALSE,,,,,,,,,,,,,,,,,,,,No
What's the largest number of shots made by one team?,/nas2/benchmarks/vpi/real/processed/basketball/0003_pt4.mp4,basketball,No,Count,Dict,Sihyun,"Action ambiguity, Multi-entity attribution, Camera motion, Occlusion",Indexed counters,Aggregate,FALSE,,,,,,,,,,,,,,,,,,,,No
What's the largest number of 3-pointers made by one team?,/nas2/benchmarks/vpi/real/processed/basketball/0003_pt4.mp4,basketball,No,Count,Dict,Sihyun,"Action ambiguity, Multi-entity attribution, Camera motion, Occlusion",Indexed counters,Aggregate,FALSE,,,,,,,,,,,,,,,,,,,,No
What's the largest field goal percentage by one team? Round to the nearest integer in percentage.,/nas2/benchmarks/vpi/real/processed/basketball/0003_pt4.mp4,basketball,No,Count,Dict,Sihyun,"Action ambiguity, Multi-entity attribution, Camera motion, Occlusion",Indexed counters,Aggregate,FALSE,,,,,,,,,,,,,,,,,,,,No
What's the largest 3-pointer field goal percentage by one team? Round to the nearest integer in percentage.,/nas2/benchmarks/vpi/real/processed/basketball/0003_pt4.mp4,basketball,No,Count,Dict,Sihyun,"Action ambiguity, Multi-entity attribution, Camera motion, Occlusion",Indexed counters,Aggregate,FALSE,,,,,,,,,,,,,,,,,,,,No
"""What's the number of **different** players that make a shot attempt in the video?""",/nas2/benchmarks/vpi/real/processed/basketball/0003_pt4.mp4,basketball,No,Attribute,Set,Sihyun,"Action ambiguity, Multi-entity attribution, Camera motion, Occlusion",Set,Aggregate,FALSE,,,,,,,,,,,,,,,,,,,,No
How many different players make a shot in the video?,/nas2/benchmarks/vpi/real/processed/basketball/0003_pt4.mp4,basketball,No,Attribute,Set,Sihyun,"Action ambiguity, Multi-entity attribution, Camera motion, Occlusion",Set,Aggregate,FALSE,,,,,,,,,,,,,,,,,,,,No
How many goal attempts are made in total?,/nas2/benchmarks/vpi/real/processed/basketball/0003_pt4.mp4,basketball,No,Count,Atmoic,Sihyun,"Action ambiguity, Multi-entity attribution, Camera motion, Occlusion",Counter,Readout,FALSE,,,,,,,,,,,,,,,,,,,,No
How many shots are made in total?,/nas2/benchmarks/vpi/real/processed/basketball/0003_pt5.mp4,basketball,No,Count,Atmoic,Sihyun,"Action ambiguity, Multi-entity attribution, Camera motion, Occlusion",Counter,Readout,FALSE,,,,,,,,,,,,,,,,,,,,No
How many 3-pointers are made in total?,/nas2/benchmarks/vpi/real/processed/basketball/0003_pt5.mp4,basketball,No,Count,Atmoic,Sihyun,"Action ambiguity, Multi-entity attribution, Camera motion, Occlusion",Counter,Readout,FALSE,,,,,,,,,,,,,,,,,,,,No
What's the total field goal percentage? Round to the nearest integer in percentage.,/nas2/benchmarks/vpi/real/processed/basketball/0003_pt5.mp4,basketball,No,Count,Dict,Sihyun,"Action ambiguity, Multi-entity attribution, Camera motion, Occlusion",Indexed counters,Aggregate,FALSE,,,,,,,,,,,,,,,,,,,,No
What's the total 3-pointer field goal percentage? Round to the nearest integer in percentage.,/nas2/benchmarks/vpi/real/processed/basketball/0003_pt5.mp4,basketball,No,Count,Dict,Sihyun,"Action ambiguity, Multi-entity attribution, Camera motion, Occlusion",Indexed counters,Aggregate,FALSE,,,,,,,,,,,,,,,,,,,,No
What's the largest number of shots made by one team?,/nas2/benchmarks/vpi/real/processed/basketball/0003_pt5.mp4,basketball,No,Count,Dict,Sihyun,"Action ambiguity, Multi-entity attribution, Camera motion, Occlusion",Indexed counters,Aggregate,FALSE,,,,,,,,,,,,,,,,,,,,No
What's the largest number of 3-pointers made by one team?,/nas2/benchmarks/vpi/real/processed/basketball/0003_pt5.mp4,basketball,No,Count,Dict,Sihyun,"Action ambiguity, Multi-entity attribution, Camera motion, Occlusion",Indexed counters,Aggregate,FALSE,,,,,,,,,,,,,,,,,,,,No
What's the largest field goal percentage by one team? Round to the nearest integer in percentage.,/nas2/benchmarks/vpi/real/processed/basketball/0003_pt5.mp4,basketball,No,Count,Dict,Sihyun,"Action ambiguity, Multi-entity attribution, Camera motion, Occlusion",Indexed counters,Aggregate,FALSE,,,,,,,,,,,,,,,,,,,,No
What's the largest 3-pointer field goal percentage by one team? Round to the nearest integer in percentage.,/nas2/benchmarks/vpi/real/processed/basketball/0003_pt5.mp4,basketball,No,Count,Dict,Sihyun,"Action ambiguity, Multi-entity attribution, Camera motion, Occlusion",Indexed counters,Aggregate,FALSE,,,,,,,,,,,,,,,,,,,,No
"""What's the number of **different** players that make a shot attempt in the video?""",/nas2/benchmarks/vpi/real/processed/basketball/0003_pt5.mp4,basketball,No,Attribute,Set,Sihyun,"Action ambiguity, Multi-entity attribution, Camera motion, Occlusion",Set,Aggregate,FALSE,,,,,,,,,,,,,,,,,,,,No
How many different players make a shot in the video?,/nas2/benchmarks/vpi/real/processed/basketball/0003_pt5.mp4,basketball,No,Attribute,Set,Sihyun,"Action ambiguity, Multi-entity attribution, Camera motion, Occlusion",Set,Aggregate,FALSE,,,,,,,,,,,,,,,,,,,,No
How many goal attempts are made in total?,/nas2/benchmarks/vpi/real/processed/basketball/0003_pt5.mp4,basketball,No,Count,Atmoic,Sihyun,"Action ambiguity, Multi-entity attribution, Camera motion, Occlusion",Counter,Readout,FALSE,,,,,,,,,,,,,,,,,,,,No
How many shots are made in total?,/nas2/benchmarks/vpi/real/processed/basketball/0003_pt6.mp4,basketball,No,Count,Atmoic,Sihyun,"Action ambiguity, Multi-entity attribution, Camera motion, Occlusion",Counter,Readout,FALSE,,,,,,,,,,,,,,,,,,,,No
How many 3-pointers are made in total?,/nas2/benchmarks/vpi/real/processed/basketball/0003_pt6.mp4,basketball,No,Count,Atmoic,Sihyun,"Action ambiguity, Multi-entity attribution, Camera motion, Occlusion",Counter,Readout,FALSE,,,,,,,,,,,,,,,,,,,,No
What's the total field goal percentage? Round to the nearest integer in percentage.,/nas2/benchmarks/vpi/real/processed/basketball/0003_pt6.mp4,basketball,No,Count,Dict,Sihyun,"Action ambiguity, Multi-entity attribution, Camera motion, Occlusion",Indexed counters,Aggregate,FALSE,,,,,,,,,,,,,,,,,,,,No
What's the total 3-pointer field goal percentage? Round to the nearest integer in percentage.,/nas2/benchmarks/vpi/real/processed/basketball/0003_pt6.mp4,basketball,No,Count,Dict,Sihyun,"Action ambiguity, Multi-entity attribution, Camera motion, Occlusion",Indexed counters,Aggregate,FALSE,,,,,,,,,,,,,,,,,,,,No
What's the largest number of shots made by one team?,/nas2/benchmarks/vpi/real/processed/basketball/0003_pt6.mp4,basketball,No,Count,Dict,Sihyun,"Action ambiguity, Multi-entity attribution, Camera motion, Occlusion",Indexed counters,Aggregate,FALSE,,,,,,,,,,,,,,,,,,,,No
What's the largest number of 3-pointers made by one team?,/nas2/benchmarks/vpi/real/processed/basketball/0003_pt6.mp4,basketball,No,Count,Dict,Sihyun,"Action ambiguity, Multi-entity attribution, Camera motion, Occlusion",Indexed counters,Aggregate,FALSE,,,,,,,,,,,,,,,,,,,,No
What's the largest field goal percentage by one team? Round to the nearest integer in percentage.,/nas2/benchmarks/vpi/real/processed/basketball/0003_pt6.mp4,basketball,No,Count,Dict,Sihyun,"Action ambiguity, Multi-entity attribution, Camera motion, Occlusion",Indexed counters,Aggregate,FALSE,,,,,,,,,,,,,,,,,,,,No
What's the largest 3-pointer field goal percentage by one team? Round to the nearest integer in percentage.,/nas2/benchmarks/vpi/real/processed/basketball/0003_pt6.mp4,basketball,No,Count,Dict,Sihyun,"Action ambiguity, Multi-entity attribution, Camera motion, Occlusion",Indexed counters,Aggregate,FALSE,,,,,,,,,,,,,,,,,,,,No
"""What's the number of **different** players that make a shot attempt in the video?""",/nas2/benchmarks/vpi/real/processed/basketball/0003_pt6.mp4,basketball,No,Attribute,Set,Sihyun,"Action ambiguity, Multi-entity attribution, Camera motion, Occlusion",Set,Aggregate,FALSE,,,,,,,,,,,,,,,,,,,,No
How many different players make a shot in the video?,/nas2/benchmarks/vpi/real/processed/basketball/0003_pt6.mp4,basketball,No,Attribute,Set,Sihyun,"Action ambiguity, Multi-entity attribution, Camera motion, Occlusion",Set,Aggregate,FALSE,,,,,,,,,,,,,,,,,,,,No
How many goal attempts are made in total?,/nas2/benchmarks/vpi/real/processed/basketball/0003_pt6.mp4,basketball,No,Count,Atmoic,Sihyun,"Action ambiguity, Multi-entity attribution, Camera motion, Occlusion",Counter,Readout,FALSE,,,,,,,,,,,,,,,,,,,,No
How many goal attempts are made in total?,/nas2/benchmarks/vpi/real/processed/basketball/0003_pt7.mp4,basketball,No,Count,Atmoic,Sihyun,"Action ambiguity, Multi-entity attribution, Camera motion, Occlusion",Counter,Readout,FALSE,,,,,,,,,,,,,,,,,,,,No
How many shots are made in total?,/nas2/benchmarks/vpi/real/processed/basketball/0003_pt7.mp4,basketball,No,Count,Atmoic,Sihyun,"Action ambiguity, Multi-entity attribution, Camera motion, Occlusion",Counter,Readout,FALSE,,,,,,,,,,,,,,,,,,,,No
How many 3-pointers are made in total?,/nas2/benchmarks/vpi/real/processed/basketball/0003_pt7.mp4,basketball,No,Count,Dict,Sihyun,"Action ambiguity, Multi-entity attribution, Camera motion, Occlusion",Counter,Readout,FALSE,,,,,,,,,,,,,,,,,,,,No
What's the total field goal percentage? Round to the nearest integer in percentage.,/nas2/benchmarks/vpi/real/processed/basketball/0003_pt7.mp4,basketball,No,Count,Dict,Sihyun,"Action ambiguity, Multi-entity attribution, Camera motion, Occlusion",Indexed counters,Aggregate,FALSE,,,,,,,,,,,,,,,,,,,,No
What's the total 3-pointer field goal percentage? Round to the nearest integer in percentage.,/nas2/benchmarks/vpi/real/processed/basketball/0003_pt7.mp4,basketball,No,Count,Dict,Sihyun,"Action ambiguity, Multi-entity attribution, Camera motion, Occlusion",Indexed counters,Aggregate,FALSE,,,,,,,,,,,,,,,,,,,,No
What's the largest number of shots made by one team?,/nas2/benchmarks/vpi/real/processed/basketball/0003_pt7.mp4,basketball,No,Count,Dict,Sihyun,"Action ambiguity, Multi-entity attribution, Camera motion, Occlusion",Indexed counters,Aggregate,FALSE,,,,,,,,,,,,,,,,,,,,No
What's the largest number of 3-pointers made by one team?,/nas2/benchmarks/vpi/real/processed/basketball/0003_pt7.mp4,basketball,No,Count,Dict,Sihyun,"Action ambiguity, Multi-entity attribution, Camera motion, Occlusion",Indexed counters,Aggregate,FALSE,,,,,,,,,,,,,,,,,,,,No
What's the largest field goal percentage by one team? Round to the nearest integer in percentage.,/nas2/benchmarks/vpi/real/processed/basketball/0003_pt7.mp4,basketball,No,Count,Dict,Sihyun,"Action ambiguity, Multi-entity attribution, Camera motion, Occlusion",Indexed counters,Aggregate,FALSE,,,,,,,,,,,,,,,,,,,,No
What's the largest 3-pointer field goal percentage by one team? Round to the nearest integer in percentage.,/nas2/benchmarks/vpi/real/processed/basketball/0003_pt7.mp4,basketball,No,Count,Dict,Sihyun,"Action ambiguity, Multi-entity attribution, Camera motion, Occlusion",Indexed counters,Aggregate,FALSE,,,,,,,,,,,,,,,,,,,,No
"""What's the number of **different** players that make a shot attempt in the video?""",/nas2/benchmarks/vpi/real/processed/basketball/0003_pt7.mp4,basketball,No,Attribute,Set,Sihyun,"Action ambiguity, Multi-entity attribution, Camera motion, Occlusion",Set,Aggregate,FALSE,,,,,,,,,,,,,,,,,,,,No
How many different players make a shot in the video?,/nas2/benchmarks/vpi/real/processed/basketball/0003_pt7.mp4,basketball,No,Attribute,Set,Sihyun,"Action ambiguity, Multi-entity attribution, Camera motion, Occlusion",Set,Aggregate,FALSE,,,,,,,,,,,,,,,,,,,,No
How many shots are made in total?,/nas2/benchmarks/vpi/real/processed/basketball/0003_pt8.mp4,basketball,No,Count,Atmoic,Sihyun,"Action ambiguity, Multi-entity attribution, Camera motion, Occlusion",Counter,Readout,FALSE,,,,,,,,,,,,,,,,,,,,No
How many 3-pointers are made in total?,/nas2/benchmarks/vpi/real/processed/basketball/0003_pt8.mp4,basketball,No,Count,Atmoic,Sihyun,"Action ambiguity, Multi-entity attribution, Camera motion, Occlusion",Counter,Readout,FALSE,,,,,,,,,,,,,,,,,,,,No
What's the total field goal percentage? Round to the nearest integer in percentage.,/nas2/benchmarks/vpi/real/processed/basketball/0003_pt8.mp4,basketball,No,Count,Atmoic,Sihyun,"Action ambiguity, Multi-entity attribution, Camera motion, Occlusion",Indexed counters,Aggregate,FALSE,,,,,,,,,,,,,,,,,,,,No
What's the total 3-pointer field goal percentage? Round to the nearest integer in percentage.,/nas2/benchmarks/vpi/real/processed/basketball/0003_pt8.mp4,basketball,No,Count,Dict,Sihyun,"Action ambiguity, Multi-entity attribution, Camera motion, Occlusion",Indexed counters,Aggregate,FALSE,,,,,,,,,,,,,,,,,,,,No
What's the largest number of shots made by one team?,/nas2/benchmarks/vpi/real/processed/basketball/0003_pt8.mp4,basketball,No,Count,Dict,Sihyun,"Action ambiguity, Multi-entity attribution, Camera motion, Occlusion",Indexed counters,Aggregate,FALSE,,,,,,,,,,,,,,,,,,,,No
What's the largest number of 3-pointers made by one team?,/nas2/benchmarks/vpi/real/processed/basketball/0003_pt8.mp4,basketball,No,Count,Dict,Sihyun,"Action ambiguity, Multi-entity attribution, Camera motion, Occlusion",Indexed counters,Aggregate,FALSE,,,,,,,,,,,,,,,,,,,,No
What's the largest field goal percentage by one team? Round to the nearest integer in percentage.,/nas2/benchmarks/vpi/real/processed/basketball/0003_pt8.mp4,basketball,No,Count,Dict,Sihyun,"Action ambiguity, Multi-entity attribution, Camera motion, Occlusion",Indexed counters,Aggregate,FALSE,,,,,,,,,,,,,,,,,,,,No
What's the largest 3-pointer field goal percentage by one team? Round to the nearest integer in percentage.,/nas2/benchmarks/vpi/real/processed/basketball/0003_pt8.mp4,basketball,No,Count,Dict,Sihyun,"Action ambiguity, Multi-entity attribution, Camera motion, Occlusion",Indexed counters,Aggregate,FALSE,,,,,,,,,,,,,,,,,,,,No
"""What's the number of **different** players that make a shot attempt in the video?""",/nas2/benchmarks/vpi/real/processed/basketball/0003_pt8.mp4,basketball,No,Attribute,Set,Sihyun,"Action ambiguity, Multi-entity attribution, Camera motion, Occlusion",Set,Aggregate,FALSE,,,,,,,,,,,,,,,,,,,,No
How many different players make a shot in the video?,/nas2/benchmarks/vpi/real/processed/basketball/0003_pt8.mp4,basketball,No,Attribute,Set,Sihyun,"Action ambiguity, Multi-entity attribution, Camera motion, Occlusion",Set,Aggregate,FALSE,,,,,,,,,,,,,,,,,,,,No
How many goal attempts are made in total?,/nas2/benchmarks/vpi/real/processed/basketball/0003_pt8.mp4,basketball,No,Count,Atmoic,Sihyun,"Action ambiguity, Multi-entity attribution, Camera motion, Occlusion",Counter,Readout,FALSE,,,,,,,,,,,,,,,,,,,,No
How many goal attempts are made in total?,/nas2/benchmarks/vpi/real/processed/basketball/0003_pt9.mp4,basketball,No,Count,Atmoic,Sihyun,"Action ambiguity, Multi-entity attribution, Camera motion, Occlusion",Counter,Readout,FALSE,,,,,,,,,,,,,,,,,,,,No
How many shots are made in total?,/nas2/benchmarks/vpi/real/processed/basketball/0003_pt9.mp4,basketball,No,Count,Atmoic,Sihyun,"Action ambiguity, Multi-entity attribution, Camera motion, Occlusion",Counter,Readout,FALSE,,,,,,,,,,,,,,,,,,,,No
How many 3-pointers are made in total?,/nas2/benchmarks/vpi/real/processed/basketball/0003_pt9.mp4,basketball,No,Count,Dict,Sihyun,"Action ambiguity, Multi-entity attribution, Camera motion, Occlusion",Counter,Readout,FALSE,,,,,,,,,,,,,,,,,,,,No
What's the total field goal percentage? Round to the nearest integer in percentage.,/nas2/benchmarks/vpi/real/processed/basketball/0003_pt9.mp4,basketball,No,Count,Dict,Sihyun,"Action ambiguity, Multi-entity attribution, Camera motion, Occlusion",Indexed counters,Aggregate,FALSE,,,,,,,,,,,,,,,,,,,,No
What's the total 3-pointer field goal percentage? Round to the nearest integer in percentage.,/nas2/benchmarks/vpi/real/processed/basketball/0003_pt9.mp4,basketball,No,Count,Dict,Sihyun,"Action ambiguity, Multi-entity attribution, Camera motion, Occlusion",Indexed counters,Aggregate,FALSE,,,,,,,,,,,,,,,,,,,,No
What's the largest number of shots made by one team?,/nas2/benchmarks/vpi/real/processed/basketball/0003_pt9.mp4,basketball,No,Count,Dict,Sihyun,"Action ambiguity, Multi-entity attribution, Camera motion, Occlusion",Indexed counters,Aggregate,FALSE,,,,,,,,,,,,,,,,,,,,No
What's the largest number of 3-pointers made by one team?,/nas2/benchmarks/vpi/real/processed/basketball/0003_pt9.mp4,basketball,No,Count,Dict,Sihyun,"Action ambiguity, Multi-entity attribution, Camera motion, Occlusion",Indexed counters,Aggregate,FALSE,,,,,,,,,,,,,,,,,,,,No
What's the largest field goal percentage by one team? Round to the nearest integer in percentage.,/nas2/benchmarks/vpi/real/processed/basketball/0003_pt9.mp4,basketball,No,Count,Dict,Sihyun,"Action ambiguity, Multi-entity attribution, Camera motion, Occlusion",Indexed counters,Aggregate,FALSE,,,,,,,,,,,,,,,,,,,,No
What's the largest 3-pointer field goal percentage by one team? Round to the nearest integer in percentage.,/nas2/benchmarks/vpi/real/processed/basketball/0003_pt9.mp4,basketball,No,Count,Dict,Sihyun,"Action ambiguity, Multi-entity attribution, Camera motion, Occlusion",Indexed counters,Aggregate,FALSE,,,,,,,,,,,,,,,,,,,,No
"""What's the number of **different** players that make a shot attempt in the video?""",/nas2/benchmarks/vpi/real/processed/basketball/0003_pt9.mp4,basketball,No,Attribute,Set,Sihyun,"Action ambiguity, Multi-entity attribution, Camera motion, Occlusion",Set,Aggregate,FALSE,,,,,,,,,,,,,,,,,,,,No
How many different players make a shot in the video?,/nas2/benchmarks/vpi/real/processed/basketball/0003_pt9.mp4,basketball,No,Attribute,Set,Sihyun,"Action ambiguity, Multi-entity attribution, Camera motion, Occlusion",Set,Aggregate,FALSE,,,,,,,,,,,,,,,,,,,,No
How many times does the climber's hands or feet touch the lit holds?,/nas2/benchmarks/vpi/real/processed/bouldering/0001_pt1.mp4,bouldering,No,Count,Atmoic,Willis,"Action ambiguity, Multi-entity attribution, Occlusion",Counter,Readout,FALSE,,,,,,,,,,,,,,,,,,,,No
What's the maximum number of touches the climber's hands or feet make to a single lit holds?,/nas2/benchmarks/vpi/real/processed/bouldering/0001_pt1.mp4,bouldering,No,Count,Dict,Willis,"Action ambiguity, Multi-entity attribution, Occlusion",Indexed counters,Aggregate,FALSE,,,,,,,,,,,,,,,,,,,,No
How many times does the climber's hands or feet touch the lit holds?,/nas2/benchmarks/vpi/real/processed/bouldering/0002_pt1.mp4,bouldering,No,Count,Atmoic,Willis,"Action ambiguity, Multi-entity attribution, Occlusion",Counter,Readout,FALSE,,,,,,,,,,,,,,,,,,,,No
What's the maximum number of touches the climber's hands or feet make to a single lit holds?,/nas2/benchmarks/vpi/real/processed/bouldering/0002_pt1.mp4,bouldering,No,Count,Dict,Willis,"Action ambiguity, Multi-entity attribution, Occlusion",Indexed counters,Aggregate,FALSE,,,,,,,,,,,,,,,,,,,,No
How many times does the climber's hands or feet touch the lit holds?,/nas2/benchmarks/vpi/real/processed/bouldering/0003_pt1.mp4,bouldering,No,Count,Atmoic,Willis,"Action ambiguity, Multi-entity attribution, Occlusion",Counter,Readout,FALSE,,,,,,,,,,,,,,,,,,,,No
What's the maximum number of touches the climber's hands or feet make to a single lit holds?,/nas2/benchmarks/vpi/real/processed/bouldering/0003_pt1.mp4,bouldering,No,Count,Dict,Willis,"Action ambiguity, Multi-entity attribution, Occlusion",Indexed counters,Aggregate,FALSE,,,,,,,,,,,,,,,,,,,,No
How many times does the climber's hands or feet touch the lit holds?,/nas2/benchmarks/vpi/real/processed/bouldering/0004_pt1.mp4,bouldering,No,Count,Atmoic,Willis,"Action ambiguity, Multi-entity attribution, Occlusion",Counter,Readout,FALSE,,,,,,,,,,,,,,,,,,,,No
What's the maximum number of touches the climber's hands or feet make to a single lit holds?,/nas2/benchmarks/vpi/real/processed/bouldering/0004_pt1.mp4,bouldering,No,Count,Dict,Willis,"Action ambiguity, Multi-entity attribution, Occlusion",Indexed counters,Aggregate,FALSE,,,,,,,,,,,,,,,,,,,,No
How many times does the climber's hands or feet touch the lit holds?,/nas2/benchmarks/vpi/real/processed/bouldering/0005_pt1.mp4,bouldering,No,Count,Atmoic,Willis,"Action ambiguity, Multi-entity attribution, Occlusion",Counter,Readout,FALSE,,,,,,,,,,,,,,,,,,,,No
What's the maximum number of touches the climber's hands or feet make to a single lit holds?,/nas2/benchmarks/vpi/real/processed/bouldering/0005_pt1.mp4,bouldering,No,Count,Dict,Willis,"Action ambiguity, Multi-entity attribution, Occlusion",Indexed counters,Aggregate,FALSE,,,,,,,,,,,,,,,,,,,,No
How many times does the climber's hands or feet touch the lit holds?,/nas2/benchmarks/vpi/real/processed/bouldering/0006_pt1.mp4,bouldering,No,Count,Atmoic,Willis,"Action ambiguity, Multi-entity attribution, Occlusion",Counter,Readout,FALSE,,,,,,,,,,,,,,,,,,,,No
What's the maximum number of touches the climber's hands or feet make to a single lit holds?,/nas2/benchmarks/vpi/real/processed/bouldering/0006_pt1.mp4,bouldering,No,Count,Dict,Willis,"Action ambiguity, Multi-entity attribution, Occlusion",Indexed counters,Aggregate,FALSE,,,,,,,,,,,,,,,,,,,,No
How many times does the climber's hands or feet touch the lit holds?,/nas2/benchmarks/vpi/real/processed/bouldering/0007_pt1.mp4,bouldering,No,Count,Atmoic,Willis,"Action ambiguity, Multi-entity attribution, Occlusion",Counter,Readout,FALSE,,,,,,,,,,,,,,,,,,,,No
What's the maximum number of touches the climber's hands or feet make to a single lit holds?,/nas2/benchmarks/vpi/real/processed/bouldering/0007_pt1.mp4,bouldering,No,Count,Dict,Willis,"Action ambiguity, Multi-entity attribution, Occlusion",Indexed counters,Aggregate,FALSE,,,,,,,,,,,,,,,,,,,,No
How many times does the climber's hands or feet touch the lit holds?,/nas2/benchmarks/vpi/real/processed/bouldering/0008_pt1.mp4,bouldering,No,Count,Atmoic,Willis,"Action ambiguity, Multi-entity attribution, Occlusion",Counter,Readout,FALSE,,,,,,,,,,,,,,,,,,,,No
What's the maximum number of touches the climber's hands or feet make to a single lit holds?,/nas2/benchmarks/vpi/real/processed/bouldering/0008_pt1.mp4,bouldering,No,Count,Dict,Willis,"Action ambiguity, Multi-entity attribution, Occlusion",Indexed counters,Aggregate,FALSE,,,,,,,,,,,,,,,,,,,,No
How many times does the climber's hands or feet touch the lit holds?,/nas2/benchmarks/vpi/real/processed/bouldering/0009_pt1.mp4,bouldering,No,Count,Atmoic,Willis,"Action ambiguity, Multi-entity attribution, Occlusion",Counter,Readout,FALSE,,,,,,,,,,,,,,,,,,,,No
What's the maximum number of touches the climber's hands or feet make to a single lit holds?,/nas2/benchmarks/vpi/real/processed/bouldering/0009_pt1.mp4,bouldering,No,Count,Dict,Willis,"Action ambiguity, Multi-entity attribution, Occlusion",Indexed counters,Aggregate,FALSE,,,,,,,,,,,,,,,,,,,,No
How many times does the climber's hands or feet touch the lit holds?,/nas2/benchmarks/vpi/real/processed/bouldering/0010_pt1.mp4,bouldering,No,Count,Atmoic,Willis,"Action ambiguity, Multi-entity attribution, Occlusion",Counter,Readout,FALSE,,,,,,,,,,,,,,,,,,,,No
What's the maximum number of touches the climber's hands or feet make to a single lit holds?,/nas2/benchmarks/vpi/real/processed/bouldering/0010_pt1.mp4,bouldering,No,Count,Dict,Willis,"Action ambiguity, Multi-entity attribution, Occlusion",Indexed counters,Aggregate,FALSE,,,,,,,,,,,,,,,,,,,,No
How many punches does the boxer with red and white gloves throw?,/nas2/benchmarks/vpi/real/processed/boxing/0001_pt1.mp4,boxing,No,Count,Atmoic,Edwin,"Action ambiguity, Multi-entity attribution, Camera motion",Indexed counters,Readout,FALSE,,,,,,,,,,,,,,,,,,,,No
How many punches does the boxer with organge shorts throw?,/nas2/benchmarks/vpi/real/processed/boxing/0001_pt2.mp4,boxing,No,Count,Atmoic,Edwin,"Action ambiguity, Multi-entity attribution, Camera motion",Indexed counters,Readout,FALSE,,,,,,,,,,,,,,,,,,,,No
How many punches does the boxer with red and white gloves throw?,/nas2/benchmarks/vpi/real/processed/boxing/0001_pt3.mp4,boxing,No,Count,Atmoic,Edwin,"Action ambiguity, Multi-entity attribution, Camera motion",Indexed counters,Readout,FALSE,,,,,,,,,,,,,,,,,,,,No
How many punches does the boxer with organge shorts throw?,/nas2/benchmarks/vpi/real/processed/boxing/0001_pt4.mp4,boxing,No,Count,Atmoic,Edwin,"Action ambiguity, Multi-entity attribution, Camera motion",Indexed counters,Readout,FALSE,,,,,,,,,,,,,,,,,,,,No
How many punches does the boxer with red and white gloves throw?,/nas2/benchmarks/vpi/real/processed/boxing/0001_pt5.mp4,boxing,No,Count,Atmoic,Edwin,"Action ambiguity, Multi-entity attribution, Camera motion",Indexed counters,Readout,FALSE,,,,,,,,,,,,,,,,,,,,No
How many punches does the boxer with black pants throw?,/nas2/benchmarks/vpi/real/processed/boxing/0002_pt1.mp4,boxing,No,Count,Atmoic,Edwin,"Action ambiguity, Multi-entity attribution, Camera motion",Indexed counters,Readout,FALSE,,,,,,,,,,,,,,,,,,,,No
How many punches does the boxer with black pants throw?,/nas2/benchmarks/vpi/real/processed/boxing/0002_pt2.mp4,boxing,No,Count,Atmoic,Edwin,"Action ambiguity, Multi-entity attribution, Camera motion",Indexed counters,Readout,FALSE,,,,,,,,,,,,,,,,,,,,No
How many punches does the boxer with black pants throw?,/nas2/benchmarks/vpi/real/processed/boxing/0002_pt3.mp4,boxing,No,Count,Atmoic,Edwin,"Action ambiguity, Multi-entity attribution, Camera motion",Indexed counters,Readout,FALSE,,,,,,,,,,,,,,,,,,,,No
How many punches does the boxer with black pants throw?,/nas2/benchmarks/vpi/real/processed/boxing/0002_pt4.mp4,boxing,No,Count,Atmoic,Edwin,"Action ambiguity, Multi-entity attribution, Camera motion",Indexed counters,Readout,FALSE,,,,,,,,,,,,,,,,,,,,No
How many punches does the boxer with red gloves throw?,/nas2/benchmarks/vpi/real/processed/boxing/0003_pt1.mp4,boxing,No,Count,Atmoic,Edwin,"Action ambiguity, Multi-entity attribution, Camera motion",Indexed counters,Readout,FALSE,,,,,,,,,,,,,,,,,,,,No
How many punches does the boxer with red gloves throw?,/nas2/benchmarks/vpi/real/processed/boxing/0003_pt2.mp4,boxing,No,Count,Atmoic,Edwin,"Action ambiguity, Multi-entity attribution, Camera motion",Indexed counters,Readout,FALSE,,,,,,,,,,,,,,,,,,,,No
How many punches does the boxer with red gloves throw?,/nas2/benchmarks/vpi/real/processed/boxing/0003_pt3.mp4,boxing,No,Count,Atmoic,Edwin,"Action ambiguity, Multi-entity attribution, Camera motion",Indexed counters,Readout,FALSE,,,,,,,,,,,,,,,,,,,,No
How many punches does the boxer with red gloves throw?,/nas2/benchmarks/vpi/real/processed/boxing/0003_pt4.mp4,boxing,No,Count,Atmoic,Edwin,"Action ambiguity, Multi-entity attribution, Camera motion",Indexed counters,Readout,FALSE,,,,,,,,,,,,,,,,,,,,No
How many left punches does the boxer with white gloves throw?,/nas2/benchmarks/vpi/real/processed/boxing/0004_pt1.mp4,boxing,No,Count,Atmoic,Edwin,"Action ambiguity, Multi-entity attribution, Camera motion",Indexed counters,Readout,FALSE,,,,,,,,,,,,,,,,,,,,No
How many right punches does the boxer with white gloves throw?,/nas2/benchmarks/vpi/real/processed/boxing/0004_pt1.mp4,boxing,No,Count,Atmoic,Edwin,"Action ambiguity, Multi-entity attribution, Camera motion",Indexed counters,Readout,FALSE,,,,,,,,,,,,,,,,,,,,No
How many times does the boxer with the red glove touch the opponent?,/nas2/benchmarks/vpi/real/processed/boxing/0004_pt2.mp4,boxing,No,Count,Atmoic,Edwin,"Action ambiguity, Multi-entity attribution",Indexed counters,Readout,FALSE,,,,,,,,,,,,,,,,,,,,No
How many punches does the boxer with white gloves land on the opponent?,/nas2/benchmarks/vpi/real/processed/boxing/0004_pt3.mp4,boxing,No,Count,Atmoic,Edwin,"Action ambiguity, Multi-entity attribution, Camera motion",Indexed counters,Readout,FALSE,,,,,,,,,,,,,,,,,,,,No
how many punches does the blue boxer throw,/nas2/benchmarks/vpi/real/processed/boxing/0005_pt1.mp4,boxing,No,Count,Atmoic,Edwin,"Action ambiguity, Multi-entity attribution",Indexed counters,Readout,FALSE,,,,,,,,,,,,,,,,,,,,No
how many punches does the blue boxer throw,/nas2/benchmarks/vpi/real/processed/boxing/0005_pt2.mp4,boxing,No,Count,Atmoic,Edwin,"Action ambiguity, Multi-entity attribution",Indexed counters,Readout,FALSE,,,,,,,,,,,,,,,,,,,,No
how many punches does the blue boxer throw,/nas2/benchmarks/vpi/real/processed/boxing/0005_pt3.mp4,boxing,No,Count,Atmoic,Edwin,"Action ambiguity, Multi-entity attribution",Indexed counters,Readout,FALSE,,,,,,,,,,,,,,,,,,,,No
How many people are standing on this carrousel?,/nas2/benchmarks/vpi/real/processed/carousel/0001_pt1.mp4,carousel,No,Count,Atmoic,Edwin,"Multi-entity attribution, Occlusion, Homogeneity",Counter,Readout,FALSE,,,,,,,,,,,,,,,,,,,,No
How many horses on the outmost circle shown in the video?,/nas2/benchmarks/vpi/real/processed/carousel/0001_pt1.mp4,carousel,No,Count,Atmoic,Edwin,"Multi-entity attribution, Occlusion, Homogeneity",Counter,Readout,FALSE,,,,,,,,,,,,,,,,,,,,No
How many people are in the carousel?,/nas2/benchmarks/vpi/real/processed/carousel/0002_pt1.mp4,carousel,No,Count,Atmoic,Edwin,"Multi-entity attribution, Occlusion, Homogeneity",Counter,Readout,FALSE,,,,,,,,,,,,,,,,,,,,No
How many times did the person pass an exit? An exit is the gate with a sign on it.,/nas2/benchmarks/vpi/real/processed/carousel/0003_pt1.mp4,carousel,No,Count,Atmoic,Edwin,"Multi-entity attribution, Camera motion, Homogeneity",Counter,Readout,FALSE,,,,,,,,,,,,,,,,,,,,No
How many complete rounds did the person ride?,/nas2/benchmarks/vpi/real/processed/carousel/0003_pt1.mp4,carousel,No,Count,Atmoic,Edwin,"Multi-entity attribution, Camera motion, Homogeneity",Counter,Readout,FALSE,,,,,,,,,,,,,,,,,,,,No
How many exits are there in the carousel? An exit is the gate with a sign on it.,/nas2/benchmarks/vpi/real/processed/carousel/0003_pt1.mp4,carousel,No,Count,Atmoic,Edwin,"Multi-entity attribution, Camera motion, Homogeneity",Counter,,FALSE,,,,,,,,,,,,,,,,,,,,No
How many times did the person pass an exit? An exit is the gate with a sign on it.,/nas2/benchmarks/vpi/real/processed/carousel/0003_pt2.mp4,carousel,No,Count,Atmoic,Edwin,"Multi-entity attribution, Camera motion, Homogeneity",Counter,Readout,FALSE,,,,,,,,,,,,,,,,,,,,No
How many complete rounds did the person ride?,/nas2/benchmarks/vpi/real/processed/carousel/0003_pt2.mp4,carousel,No,Count,Atmoic,Edwin,"Multi-entity attribution, Camera motion, Homogeneity",Counter,Readout,FALSE,,,,,,,,,,,,,,,,,,,,No
How many exits are there in the carousel? An exit is the gate with a sign on it.,/nas2/benchmarks/vpi/real/processed/carousel/0003_pt2.mp4,carousel,No,Count,Atmoic,Edwin,"Multi-entity attribution, Camera motion, Homogeneity",Counter,,FALSE,,,,,,,,,,,,,,,,,,,,No
How many times did the person pass an exit? An exit is the gate with a sign on it.,/nas2/benchmarks/vpi/real/processed/carousel/0004_pt1.mp4,carousel,No,Count,Atmoic,Edwin,"Multi-entity attribution, Camera motion, Homogeneity",Counter,Readout,FALSE,,,,,,,,,,,,,,,,,,,,No
How many different red exits are there in the carousel? An exit is the gate with a sign on it.,/nas2/benchmarks/vpi/real/processed/carousel/0004_pt1.mp4,carousel,No,Count,Atmoic,Edwin,"Multi-entity attribution, Camera motion, Homogeneity",Counter,,FALSE,,,,,,,,,,,,,,,,,,,,No
How many complete rounds did the person ride?,/nas2/benchmarks/vpi/real/processed/carousel/0004_pt1.mp4,carousel,No,Count,Atmoic,Edwin,"Multi-entity attribution, Camera motion, Homogeneity",Counter,Readout,FALSE,,,,,,,,,,,,,,,,,,,,No
How many times did the person pass an exit? An exit is the gate with a sign on it.,/nas2/benchmarks/vpi/real/processed/carousel/0004_pt2.mp4,carousel,No,Count,Atmoic,Edwin,"Multi-entity attribution, Camera motion, Homogeneity",Counter,Readout,FALSE,,,,,,,,,,,,,,,,,,,,No
How many complete rounds did the person ride?,/nas2/benchmarks/vpi/real/processed/carousel/0004_pt2.mp4,carousel,No,Count,Atmoic,Edwin,"Multi-entity attribution, Camera motion, Homogeneity",Counter,Readout,FALSE,,,,,,,,,,,,,,,,,,,,No
How many different red exits are there in the carousel? An exit is the gate with a sign on it.,/nas2/benchmarks/vpi/real/processed/carousel/0004_pt2.mp4,carousel,No,Count,Atmoic,Edwin,"Multi-entity attribution, Camera motion, Homogeneity",Counter,,FALSE,,,,,,,,,,,,,,,,,,,,No
How many people are on the carousel?,/nas2/benchmarks/vpi/real/processed/carousel/0005_pt1.mp4,carousel,No,Count,Atmoic,Edwin,"Multi-entity attribution, Occlusion, Homogeneity",Counter,Readout,FALSE,,,,,,,,,,,,,,,,,,,,No
How many people are on a ride that don't go up and down?,/nas2/benchmarks/vpi/real/processed/carousel/0005_pt2.mp4,carousel,No,Count,Atmoic,Edwin,"Multi-entity attribution, Occlusion, Homogeneity",Counter,Readout,FALSE,,,,,,,,,,,,,,,,,,,,No
How many people are sitting?,/nas2/benchmarks/vpi/real/processed/carousel/0005_pt2.mp4,carousel,No,Count,Atmoic,Edwin,"Multi-entity attribution, Occlusion, Homogeneity",Counter,Readout,FALSE,,,,,,,,,,,,,,,,,,,,No
How many complete rounds did the person ride?,/nas2/benchmarks/vpi/real/processed/carousel/0006_pt1.mp4,carousel,No,Count,Atmoic,Edwin,"Multi-entity attribution, Occlusion, Homogeneity",Counter,Readout,FALSE,,,,,,,,,,,,,,,,,,,,No
How many cups of espresso are made or being made by the end of video?,/nas2/benchmarks/vpi/real/processed/coffee/0001_pt1.mp4,coffee,No,Count,Atmoic,Willis,"Camera motion, Occlusion",Counter,Readout,FALSE,,,,,,,,,,,,,,,,,,,,No
How many cups of espresso are made or being made by the end of video?,/nas2/benchmarks/vpi/real/processed/coffee/0001_pt2.mp4,coffee,No,Count,Atmoic,Willis,"Camera motion, Occlusion",Counter,Readout,FALSE,,,,,,,,,,,,,,,,,,,,No
How many cups of latte are made or being made by the end of video?,/nas2/benchmarks/vpi/real/processed/coffee/0001_pt3.mp4,coffee,No,Count,Atmoic,Willis,"Camera motion, Occlusion",Counter,Readout,FALSE,,,,,,,,,,,,,,,,,,,,No
How many cups of espresso are made by the end of video?,/nas2/benchmarks/vpi/real/processed/coffee/0002_pt1.mp4,coffee,No,Count,Atmoic,Willis,"Camera motion, Occlusion",Counter,Readout,FALSE,,,,,,,,,,,,,,,,,,,,No
How many cups of latte are made by the end of video?,/nas2/benchmarks/vpi/real/processed/coffee/0002_pt2.mp4,coffee,No,Count,Atmoic,Willis,"Camera motion, Occlusion",Counter,Readout,FALSE,,,,,,,,,,,,,,,,,,,,No
How many servings of espresso are added to the can? One portafilter makes one serving.,/nas2/benchmarks/vpi/real/processed/coffee/0002_pt3.mp4,coffee,No,Count,Atmoic,Willis,"Camera motion, Occlusion",Counter,Readout,FALSE,,,,,,,,,,,,,,,,,,,,No
How many cups of espresso are made or being made by the end of video?,/nas2/benchmarks/vpi/real/processed/coffee/0003_pt1.mp4,coffee,No,Count,Atmoic,Willis,"Camera motion, Occlusion",Counter,Readout,FALSE,,,,,,,,,,,,,,,,,,,,No
How many cups of latte are made by the end of video?,/nas2/benchmarks/vpi/real/processed/coffee/0003_pt2.mp4,coffee,No,Count,Atmoic,Willis,"Camera motion, Occlusion",Counter,Readout,FALSE,,,,,,,,,,,,,,,,,,,,No
How many times does the barista pour with the glass pitcher?,/nas2/benchmarks/vpi/real/processed/coffee/0003_pt3.mp4,coffee,No,Count,Atmoic,Willis,"Camera motion, Occlusion",Counter,Readout,FALSE,,,,,,,,,,,,,,,,,,,,No
How many different portafilters are being used by the barista by the end of video?,/nas2/benchmarks/vpi/real/processed/coffee/0004_pt1.mp4,coffee,No,Count,Atmoic,Willis,"Camera motion, Occlusion",Counter,Aggregate,FALSE,,,,,,,,,,,,,,,,,,,,No
How many lattes are made or being made by the end of video?,/nas2/benchmarks/vpi/real/processed/coffee/0004_pt2.mp4,coffee,No,Count,Atmoic,Willis,Camera motion,Counter,Readout,FALSE,,,,,,,,,,,,,,,,,,,,No
How many wooden objects are on the counter?,/nas2/benchmarks/vpi/real/processed/cooking/0001_pt0.mp4,cooking,No,Count,Atmoic,Willis,Camera motion,,,FALSE,,,,,,,,,,,,,,,,,,,,
How many pans are on the stove?,/nas2/benchmarks/vpi/real/processed/cooking/0001_pt0.mp4,cooking,No,Count,Atmoic,Willis,Camera motion,,,FALSE,,,,,,,,,,,,,,,,,,,,
How many cuts does he make to the shallots?,/nas2/benchmarks/vpi/real/processed/cooking/0001_pt1.mp4,cooking,No,Count,Atmoic,Sihyun,Action ambiguity,Counter,Readout,FALSE,,,,,,,,,,,,,,,,,,,,No
How many distinct pieces does he cut the potato into?,/nas2/benchmarks/vpi/real/processed/cooking/0002_pt0.mp4,cooking,No,Count,Atmoic,Sihyun,Action ambiguity,Counter,Aggregate,FALSE,,,,,,,,,,,,,,,,,,,,No
How many pieces of potato does he touch with the spoon?,/nas2/benchmarks/vpi/real/processed/cooking/0002_pt1.mp4,cooking,No,Attribute,Set,Sihyun,"Action ambiguity, Homogeneity",Set,Readout,FALSE,,,,,,,,,,,,,,,,,,,,No
How many steps did the person do to solve the cube?,/nas2/benchmarks/vpi/real/processed/cube/0001_pt1.mp4,cube,No,Count,Atmoic,Sihyun,"Occlusion, Homogeneity",Counter,Readout,FALSE,,,,,,,,,,,,,,,,,,,,No
"Where does the cubie with the green sticker (at the top-left of the front face from the viewer's perspective) end up?
 
 (A) top-right
 (B) top-left
 (C) bottom-left
 (D) bottom-right",/nas2/benchmarks/vpi/real/processed/cube/0001_pt2.mp4,cube,No,Location,Atmoic,Sihyun,"Occlusion, Homogeneity",Discrete location,Readout,FALSE,,,,,,,,,,,,,,,,,,,,No
"Where does the cubie with the blue sticker (at the bottom-left of the front face from the viewer's perspective) end up?
 
 (A) bottom-right
 (B) bottom-left
 (C) top-left
 (D) top-right",/nas2/benchmarks/vpi/real/processed/cube/0001_pt3.mp4,cube,No,Location,Atmoic,Sihyun,"Occlusion, Homogeneity",Discrete location,Readout,FALSE,,,,,,,,,,,,,,,,,,,,No
"Where does the cubie with the orange sticker (at the top-right of the left face from the viewer's perspective) end up?
 
 (A) top-right
 (B) top-left
 (C) bottom-left
 (D) bottom-right",/nas2/benchmarks/vpi/real/processed/cube/0002_pt1.mp4,cube,No,Location,Atmoic,Sihyun,"Occlusion, Homogeneity",Discrete location,Readout,FALSE,,,,,,,,,,,,,,,,,,,,No
"Where does the cubie with the green sticker (at the top-left of the front face from the viewer's perspective) end up?
 
 (A) top-right
 (B) top-left
 (C) bottom-right
 (D) bottom-left",/nas2/benchmarks/vpi/real/processed/cube/0002_pt2.mp4,cube,No,Location,Atmoic,Sihyun,"Occlusion, Homogeneity",Discrete location,Readout,FALSE,,,,,,,,,,,,,,,,,,,,No
"Where does the cubie with the red sticker (at the top-right of the front face from the viewer's perspective) end up?
 
 (A) top-right
 (B) bottom-right
 (C) bottom-left
 (D) top-left",/nas2/benchmarks/vpi/real/processed/cube/0002_pt3.mp4,cube,No,Location,Atmoic,Sihyun,"Occlusion, Homogeneity",Discrete location,Readout,FALSE,,,,,,,,,,,,,,,,,,,,No
"Who will win the cup race?
 
 (A) The person on the left will win.
 (B) The person on the right will win.",/nas2/benchmarks/vpi/real/processed/cup_race/0001_pt1.mp4,cup_race,No,Attribute,Dict,Willis,Multi-entity attribution,Indexed attributes,Project,FALSE,,,,,,,,,,,,,,,,,,,,Yes
"Who will win the cup race?
 
 (A) The person on the right will win.
 (B) The person on the left will win.",/nas2/benchmarks/vpi/real/processed/cup_race/0001_pt2.mp4,cup_race,No,Attribute,Dict,Willis,Multi-entity attribution,Indexed attributes,Project,FALSE,,,,,,,,,,,,,,,,,,,,Yes
"Who will win the cup race?
 
 (A) The person on the right will win.
 (B) The person on the left will win.",/nas2/benchmarks/vpi/real/processed/cup_race/0001_pt3.mp4,cup_race,No,Attribute,Dict,Willis,Multi-entity attribution,Indexed attributes,Project,FALSE,,,,,,,,,,,,,,,,,,,,Yes
"Who will win the cup race?
 
 (A) The person on the right will win.
 (B) The person on the left will win.",/nas2/benchmarks/vpi/real/processed/cup_race/0002_pt1.mp4,cup_race,No,Attribute,Dict,Willis,Multi-entity attribution,Indexed attributes,Project,FALSE,,,,,,,,,,,,,,,,,,,,Yes
"Who will win the cup race?
 
 (A) The person on the left will win.
 (B) The person on the right will win.",/nas2/benchmarks/vpi/real/processed/cup_race/0002_pt2.mp4,cup_race,No,Attribute,Dict,Willis,Multi-entity attribution,Indexed attributes,Project,FALSE,,,,,,,,,,,,,,,,,,,,Yes
"Who will win the cup race?
 
 (A) The person on the right will win.
 (B) The person on the left will win.",/nas2/benchmarks/vpi/real/processed/cup_race/0002_pt3.mp4,cup_race,No,Attribute,Dict,Willis,Multi-entity attribution,Indexed attributes,Project,FALSE,,,,,,,,,,,,,,,,,,,,Yes
"Who will win the cup race?
 
 (A) The person on the right will win.
 (B) The person on the left will win.",/nas2/benchmarks/vpi/real/processed/cup_race/0003_pt1.mp4,cup_race,No,Attribute,Dict,Willis,Multi-entity attribution,Indexed attributes,Project,FALSE,,,,,,,,,,,,,,,,,,,,Yes
"Who will win the cup race?
 
 (A) The person on the right will win.
 (B) The person on the left will win.",/nas2/benchmarks/vpi/real/processed/cup_race/0003_pt2.mp4,cup_race,No,Attribute,Dict,Willis,Multi-entity attribution,Indexed attributes,Project,FALSE,,,,,,,,,,,,,,,,,,,,Yes
"Who will win the cup race?
 
 (A) The person on the left will win.
 (B) The person on the right will win.",/nas2/benchmarks/vpi/real/processed/cup_race/0003_pt3.mp4,cup_race,No,Attribute,Dict,Willis,"Multi-entity attribution, Camera motion",Indexed attributes,Project,FALSE,,,,,,,,,,,,,,,,,,,,Yes
How many burgers did the person on the left eat?,/nas2/benchmarks/vpi/real/processed/eating_contest/0001_pt1.mp4,eating_contest,No,Count,Atmoic,Edwin,"Multi-entity attribution, Action ambiguity",Counter,Readout,FALSE,,,,,,,,,,,,,,,,,,,,No
How many burgers did the person on the right eat?,/nas2/benchmarks/vpi/real/processed/eating_contest/0001_pt1.mp4,eating_contest,No,Count,Atmoic,Edwin,"Multi-entity attribution, Action ambiguity",Counter,Readout,FALSE,,,,,,,,,,,,,,,,,,,,No
"How many burgers did she finish eating, or appear to be about to finish?",/nas2/benchmarks/vpi/real/processed/eating_contest/0002_pt1.mp4,eating_contest,No,Count,Atmoic,Edwin,Action ambiguity,Counter,Readout,FALSE,,,,,,,,,,,,,,,,,,,,No
"How many burgers did she finish eating, or appear to be about to finish?",/nas2/benchmarks/vpi/real/processed/eating_contest/0002_pt2.mp4,eating_contest,No,Count,Atmoic,Edwin,Action ambiguity,Counter,Readout,FALSE,,,,,,,,,,,,,,,,,,,,No
"How many burgers did she finish eating, or appear to be about to finish?",/nas2/benchmarks/vpi/real/processed/eating_contest/0002_pt3.mp4,eating_contest,No,Count,Atmoic,Edwin,Action ambiguity,Counter,Readout,FALSE,,,,,,,,,,,,,,,,,,,,No
"What is the letter being drawn on the wall?
 
 (A) C
 (B) S
 (C) Z
 (D) 5",/nas2/benchmarks/vpi/real/processed/graffiti/0001_pt1.mp4,graffiti,No,Location,Sequence,Willis,"Camera motion, Symbolic decoding",Continuous location,Readout,FALSE,,,,,,,,,,,,,,,,,,,,Yes
"What is the letter being drawn on the wall?
 
 (A) R
 (B) 8
 (C) Y
 (D) K",/nas2/benchmarks/vpi/real/processed/graffiti/0001_pt2.mp4,graffiti,No,Location,Sequence,Willis,"Camera motion, Symbolic decoding",Continuous location,Readout,FALSE,,,,,,,,,,,,,,,,,,,,Yes
"What is the letter being drawn on the wall?
 
 (A) Y
 (B) W
 (C) 7
 (D) V",/nas2/benchmarks/vpi/real/processed/graffiti/0001_pt3.mp4,graffiti,No,Location,Sequence,Willis,"Camera motion, Symbolic decoding",Continuous location,Readout,FALSE,,,,,,,,,,,,,,,,,,,,Yes
What is the number being drawn on the wall?,/nas2/benchmarks/vpi/real/processed/graffiti/0001_pt4.mp4,graffiti,No,Location,Sequence,Willis,"Camera motion, Symbolic decoding",Continuous location,Readout,FALSE,,,,,,,,,,,,,,,,,,,,Yes
"What is the letter being outlined on the wall?
 
 (A) C
 (B) 5
 (C) Z
 (D) S",/nas2/benchmarks/vpi/real/processed/graffiti/0001_pt5.mp4,graffiti,No,Location,Sequence,Willis,"Camera motion, Symbolic decoding",Continuous location,Readout,FALSE,,,,,,,,,,,,,,,,,,,,Yes
"What is the letter being outlined on the wall?
 
 (A) Y and Z
 (B) K and 2
 (C) 7 and 2
 (D) Y and 2",/nas2/benchmarks/vpi/real/processed/graffiti/0001_pt6.mp4,graffiti,No,Location,Sequence,Willis,"Camera motion, Symbolic decoding",Continuous location,Readout,FALSE,,,,,,,,,,,,,,,,,,,,Yes
How many white rectangles are covered by red paint on the wall?,/nas2/benchmarks/vpi/real/processed/graffiti/0001_pt7.mp4,graffiti,No,Location,Sequence,Willis,"Camera motion, Symbolic decoding",Continuous location,Readout,FALSE,,,,,,,,,,,,,,,,,,,,Yes
How many blanks are covered by red paint on the wall?,/nas2/benchmarks/vpi/real/processed/graffiti/0001_pt8.mp4,graffiti,No,Location,Sequence,Willis,"Camera motion, Symbolic decoding",Continuous location,Readout,FALSE,,,,,,,,,,,,,,,,,,,,Yes
How many different rectangles are drawn?,/nas2/benchmarks/vpi/real/processed/graffiti/0001_pt9.mp4,graffiti,No,Location,Sequence,Willis,"Camera motion, Symbolic decoding",Continuous location,Readout,FALSE,,,,,,,,,,,,,,,,,,,,Yes
"What's the alphabetical letter being drawn?
 
 (A) S
 (B) N
 (C) Z
 (D) E",/nas2/benchmarks/vpi/real/processed/graffiti/0002_pt1.mp4,graffiti,No,Location,Sequence,Willis,"Camera motion, Symbolic decoding",Continuous location,Readout,FALSE,,,,,,,,,,,,,,,,,,,,Yes
"What's the alphabetical letter being drawn?
 
 (A) N
 (B) Z
 (C) S
 (D) E",/nas2/benchmarks/vpi/real/processed/graffiti/0002_pt2.mp4,graffiti,No,Location,Sequence,Willis,"Camera motion, Symbolic decoding",Continuous location,Readout,FALSE,,,,,,,,,,,,,,,,,,,,Yes
"What's the word being drawn?
 
 (A) SAMSUNG
 (B) SVMSUNG
 (C) SAHSUNG
 (D) CAMSUNG",/nas2/benchmarks/vpi/real/processed/graffiti/0003_pt1.mp4,graffiti,No,Location,Sequence,Willis,"Camera motion, Symbolic decoding",Continuous location,Readout,FALSE,,,,,,,,,,,,,,,,,,,,Yes
"What's the letter being drawn?
 
 (A) R
 (B) B
 (C) K
 (D) 2",/nas2/benchmarks/vpi/real/processed/graffiti/0004_pt1.mp4,graffiti,No,Location,Sequence,Willis,"Camera motion, Symbolic decoding",Continuous location,Readout,FALSE,,,,,,,,,,,,,,,,,,,,Yes
"What's the letter being drawn?
 
 (A) C
 (B) 5
 (C) S
 (D) Z",/nas2/benchmarks/vpi/real/processed/graffiti/0004_pt2.mp4,graffiti,No,Location,Sequence,Willis,"Camera motion, Symbolic decoding",Continuous location,Readout,FALSE,,,,,,,,,,,,,,,,,,,,Yes
"What's the letter being drawn?
 
 (A) 8
 (B) K
 (C) Y
 (D) R",/nas2/benchmarks/vpi/real/processed/graffiti/0004_pt3.mp4,graffiti,No,Location,Sequence,Willis,"Camera motion, Symbolic decoding",Continuous location,Readout,FALSE,,,,,,,,,,,,,,,,,,,,Yes
"What's the word being drawn?
 
 (A) WEKBOY
 (B) WLKBOY
 (C) WEXBOY
 (D) NEKBOY",/nas2/benchmarks/vpi/real/processed/graffiti/0005_pt1.mp4,graffiti,No,Location,Sequence,Willis,"Camera motion, Symbolic decoding",Continuous location,Readout,FALSE,,,,,,,,,,,,,,,,,,,,Yes
What rank is rider #14 in at the end of the video?,/nas2/benchmarks/vpi/real/processed/horse_racing/0001_pt1.mp4,horse_racing,No,Count,Dict,Edwin,"Camera motion, Multi-entity attribution, Occlusion",Indexed attributes,Readout,FALSE,,,,,,,,,,,,,,,,,,,,Yes
What rank is rider #4 in at the end of the video?,/nas2/benchmarks/vpi/real/processed/horse_racing/0001_pt1.mp4,horse_racing,No,Count,Dict,Edwin,"Camera motion, Multi-entity attribution, Occlusion",Indexed attributes,Readout,FALSE,,,,,,,,,,,,,,,,,,,,Yes
How many times was rider #6 overtaken?,/nas2/benchmarks/vpi/real/processed/horse_racing/0001_pt1.mp4,horse_racing,No,Count,Atmoic,Edwin,"Camera motion, Occlusion",Counter,Readout,FALSE,,,,,,,,,,,,,,,,,,,,Yes
What rank is rider #12 in at the end of the video?,/nas2/benchmarks/vpi/real/processed/horse_racing/0001_pt2.mp4,horse_racing,No,Count,Dict,Edwin,"Camera motion, Multi-entity attribution",Indexed attributes,Readout,FALSE,,,,,,,,,,,,,,,,,,,,Yes
How many people overtook rider #12?,/nas2/benchmarks/vpi/real/processed/horse_racing/0001_pt2.mp4,horse_racing,No,Attribute,Sequence,Edwin,"Camera motion, Multi-entity attribution",Indexed attributes,Readout,FALSE,,,,,,,,,,,,,,,,,,,,Yes
What rank is rider #6 in at the end of the video?,/nas2/benchmarks/vpi/real/processed/horse_racing/0002_pt1.mp4,horse_racing,No,Count,Dict,Willis,"Camera motion, Multi-entity attribution, Occlusion",,,FALSE,,,,,,,,,,,,,,,,,,,,
What rank is rider #17 in at the end of the video?,/nas2/benchmarks/vpi/real/processed/horse_racing/0002_pt1.mp4,horse_racing,No,Count,Dict,Willis,"Camera motion, Multi-entity attribution, Occlusion",,,FALSE,,,,,,,,,,,,,,,,,,,,
What rank is rider #20 in at the end of the video?,/nas2/benchmarks/vpi/real/processed/horse_racing/0002_pt1.mp4,horse_racing,No,Count,Dict,Willis,"Camera motion, Multi-entity attribution, Occlusion",,,FALSE,,,,,,,,,,,,,,,,,,,,
How many riders did rider #8 overtake?,/nas2/benchmarks/vpi/real/processed/horse_racing/0002_pt2.mp4,horse_racing,No,Count,Atmoic,Willis,"Camera motion, Occlusion",,,FALSE,,,,,,,,,,,,,,,,,,,,
How many riders overtook rider #16 (the rider wearing yellow suit and red helmet)?,/nas2/benchmarks/vpi/real/processed/horse_racing/0002_pt2.mp4,horse_racing,No,Attribute,Sequence,Willis,"Camera motion, Multi-entity attribution",,,FALSE,,,,,,,,,,,,,,,,,,,,
How many times did the person jump?,/nas2/benchmarks/vpi/real/processed/jump_rope/0001_pt1.mp4,jump_rope,Yes,Count,Atmoic,Edwin,None,Counter,Readout,TRUE,,,,,,,,,,,,,,,,,,,,Yes
How many times did the person jump?,/nas2/benchmarks/vpi/real/processed/jump_rope/0001_pt2.mp4,jump_rope,Yes,Count,Atmoic,Edwin,None,Counter,Readout,TRUE,,,,,,,,,,,,,,,,,,,,Yes
How many times did the person jump?,/nas2/benchmarks/vpi/real/processed/jump_rope/0001_pt3.mp4,jump_rope,Yes,Count,Atmoic,Edwin,None,Counter,Readout,TRUE,,,,,,,,,,,,,,,,,,,,Yes
How many times did the person jump?,/nas2/benchmarks/vpi/real/processed/jump_rope/0002_pt1.mp4,jump_rope,Yes,Count,Atmoic,Edwin,None,Counter,Readout,TRUE,,,,,,,,,,,,,,,,,,,,Yes
How many times did the person jump?,/nas2/benchmarks/vpi/real/processed/jump_rope/0002_pt2.mp4,jump_rope,Yes,Count,Atmoic,Edwin,None,Counter,Readout,TRUE,,,,,,,,,,,,,,,,,,,,Yes
How many times did the person jump?,/nas2/benchmarks/vpi/real/processed/jump_rope/0002_pt3.mp4,jump_rope,Yes,Count,Atmoic,Edwin,None,Counter,Readout,TRUE,,,,,,,,,,,,,,,,,,,,Yes
How many times did the person jump?,/nas2/benchmarks/vpi/real/processed/jump_rope/0002_pt4.mp4,jump_rope,Yes,Count,Atmoic,Edwin,None,Counter,Readout,TRUE,,,,,,,,,,,,,,,,,,,,Yes
How many times did the person jump?,/nas2/benchmarks/vpi/real/processed/jump_rope/0002_pt5.mp4,jump_rope,Yes,Count,Atmoic,Edwin,None,Counter,Readout,TRUE,,,,,,,,,,,,,,,,,,,,Yes
How many times did the person jump?,/nas2/benchmarks/vpi/real/processed/jump_rope/0003_pt1.mp4,jump_rope,Yes,Count,Atmoic,Edwin,None,Counter,Readout,TRUE,,,,,,,,,,,,,,,,,,,,Yes
"Which cup of latte art made during the video takes the longest time?
 
 (A) The first cup
 (B) The second cup",/nas2/benchmarks/vpi/real/processed/latte_art/0001_pt1.mp4,latte_art,No,Attribute,Sequence,Willis,None,Indexed counters,Compare,FALSE,,,,,,,,,,,,,,,,,,,,Yes
"Which cup of latte art made during the video takes the longest time?
 
 (A) The second cup
 (B) The first cup",/nas2/benchmarks/vpi/real/processed/latte_art/0001_pt2.mp4,latte_art,No,Attribute,Sequence,Willis,None,Indexed counters,Compare,FALSE,,,,,,,,,,,,,,,,,,,,Yes
"Which cup of latte art takes the longest time to make?
 
 (A) The third cup
 (B) The first cup
 (C) The second cup",/nas2/benchmarks/vpi/real/processed/latte_art/0002_pt1.mp4,latte_art,No,Attribute,Sequence,Willis,None,Indexed counters,Compare,FALSE,,,,,,,,,,,,,,,,,,,,Yes
"Which cup of latte art takes the shortest time to make?
 
 (A) The third cup
 (B) The fourth cup
 (C) The first cup
 (D) The second cup",/nas2/benchmarks/vpi/real/processed/latte_art/0002_pt2.mp4,latte_art,No,Attribute,Sequence,Willis,None,Indexed counters,Compare,FALSE,,,,,,,,,,,,,,,,,,,,Yes
"Which cup of latte art takes the longest time to make?
 
 (A) The third cup
 (B) The second cup
 (C) The first cup",/nas2/benchmarks/vpi/real/processed/latte_art/0002_pt3.mp4,latte_art,No,Attribute,Sequence,Willis,None,Indexed counters,Compare,FALSE,,,,,,,,,,,,,,,,,,,,Yes
"Which cup of latte art takes the longest time to make?
 
 (A) The second cup
 (B) The first cup",/nas2/benchmarks/vpi/real/processed/latte_art/0002_pt4.mp4,latte_art,No,Attribute,Sequence,Willis,None,Indexed counters,Compare,FALSE,,,,,,,,,,,,,,,,,,,,Yes
"Which cup of latte art takes the shortest time to make?,
 
 (A) The second cup
 (B) The first cup
 (C) The third cup",/nas2/benchmarks/vpi/real/processed/latte_art/0003_pt1.mp4,latte_art,No,Attribute,Sequence,Willis,None,Indexed counters,Compare,FALSE,,,,,,,,,,,,,,,,,,,,Yes
"Which cup of latte art takes the shortest time to make?,
 
 (A) The third cup
 (B) The second cup
 (C) The first cup",/nas2/benchmarks/vpi/real/processed/latte_art/0003_pt2.mp4,latte_art,No,Attribute,Sequence,Willis,None,Indexed counters,Compare,FALSE,,,,,,,,,,,,,,,,,,,,Yes
"Which cup of latte art takes the longest time to make?,
 
 (A) The third cup
 (B) The first cup
 (C) The second cup",/nas2/benchmarks/vpi/real/processed/latte_art/0003_pt3.mp4,latte_art,No,Attribute,Sequence,Willis,None,Indexed counters,Compare,FALSE,,,,,,,,,,,,,,,,,,,,Yes
"Which cup of latte art takes the shortest time to make?,
 
 (A) The first cup
 (B) The third cup
 (C) The second cup",/nas2/benchmarks/vpi/real/processed/latte_art/0003_pt4.mp4,latte_art,No,Attribute,Sequence,Willis,None,Indexed counters,Compare,FALSE,,,,,,,,,,,,,,,,,,,,Yes
How many different lego pieces are directly connected to yellow cross axles in the video?,/nas2/benchmarks/vpi/real/processed/lego/0001_pt1.mp4,lego,No,Count,Atmoic,Willis,"Homogeneity, Occlusion",Counter,Readout,FALSE,,,,,,,,,,,,,,,,,,,,No
How many different lego pieces are directly connected to reddish brown cross axles in the video?,/nas2/benchmarks/vpi/real/processed/lego/0001_pt1.mp4,lego,No,Count,Atmoic,Willis,"Homogeneity, Occlusion",Counter,Readout,FALSE,,,,,,,,,,,,,,,,,,,,No
How many blue lego connectors are used in the video?,/nas2/benchmarks/vpi/real/processed/lego/0001_pt2.mp4,lego,No,Count,Atmoic,Willis,"Homogeneity, Occlusion",Counter,Readout,FALSE,,,,,,,,,,,,,,,,,,,,No
What's the maximum number of lego pieces that are connected to the same blue connector in the video?,/nas2/benchmarks/vpi/real/processed/lego/0001_pt2.mp4,lego,No,Count,Dict,Willis,"Homogeneity, Occlusion",Indexed counters,Aggregate,FALSE,,,,,,,,,,,,,,,,,,,,No
How many red lego pieces are used in the video?,/nas2/benchmarks/vpi/real/processed/lego/0001_pt3.mp4,lego,No,Count,Atmoic,Willis,"Homogeneity, Occlusion",Counter,Readout,FALSE,,,,,,,,,,,,,,,,,,,,No
"Is the assembled lego piece symmetric?
 
 (A) Yes
 (B) No",/nas2/benchmarks/vpi/real/processed/lego/0001_pt3.mp4,lego,No,Location,Atmoic,Willis,"Homogeneity, Occlusion",Discrete location,Classify,FALSE,,,,,,,,,,,,,,,,,,,,Yes
How many different lego pieces are directly connected to the long yellow axle in the video?,/nas2/benchmarks/vpi/real/processed/lego/0001_pt4.mp4,lego,No,Count,Atmoic,Willis,"Homogeneity, Occlusion",Counter,Readout,FALSE,,,,,,,,,,,,,,,,,,,,No
"Is the assembled lego piece symmetric?
 
 (A) Yes
 (B) No",/nas2/benchmarks/vpi/real/processed/lego/0001_pt4.mp4,lego,No,Location,Atmoic,Willis,"Homogeneity, Occlusion",Discrete location,Classify,FALSE,,,,,,,,,,,,,,,,,,,,Yes
How many blue lego connectors are used in the video?,/nas2/benchmarks/vpi/real/processed/lego/0001_pt5.mp4,lego,No,Count,Atmoic,Willis,"Homogeneity, Occlusion",Counter,Readout,FALSE,,,,,,,,,,,,,,,,,,,,No
What's the largest number of distinct other pieces physcially attached to the same piece (excluding the attaching piece itself) in the final model?,/nas2/benchmarks/vpi/real/processed/lego/0002_pt1.mp4,lego,No,Count,Dict,Willis,"Homogeneity, Occlusion",Indexed counters,Aggregate,FALSE,,,,,,,,,,,,,,,,,,,,No
"How many green pieces are attached to white pieces, or have white pieces attached to them?",/nas2/benchmarks/vpi/real/processed/lego/0002_pt1.mp4,lego,No,Count,Atmoic,Willis,"Homogeneity, Occlusion",Set,Aggregate,FALSE,,,,,,,,,,,,,,,,,,,,Yes
"Is the assembled lego piece symmetric?
 
 (A) Yes
 (B) No",/nas2/benchmarks/vpi/real/processed/lego/0002_pt1.mp4,lego,No,Location,Atmoic,Willis,"Homogeneity, Occlusion",Discrete location,Classify,FALSE,,,,,,,,,,,,,,,,,,,,Yes
"How many blue lego pieces are attached to, or have orange pieces attached to them?",/nas2/benchmarks/vpi/real/processed/lego/0003_pt1.mp4,lego,No,Count,Set,Willis,"Homogeneity, Occlusion",Set,Aggregate,FALSE,,,,,,,,,,,,,,,,,,,,Yes
How many connections are made between lego pieces with different colors? Excluding tires.,/nas2/benchmarks/vpi/real/processed/lego/0003_pt1.mp4,lego,No,Count,Atmoic,Willis,"Homogeneity, Occlusion",Counter,Aggregate,FALSE,,,,,,,,,,,,,,,,,,,,Yes
What's the largest number of distinct other pieces physcially attached to the same piece (excluding the attaching piece itself) in the final model?,/nas2/benchmarks/vpi/real/processed/lego/0003_pt1.mp4,lego,No,Count,Dict,Willis,"Homogeneity, Occlusion",Indexed counters,Aggregate,FALSE,,,,,,,,,,,,,,,,,,,,Yes
"Is the assembled lego piece symmetric?
 
 (A) No
 (B) Yes",/nas2/benchmarks/vpi/real/processed/lego/0003_pt1.mp4,lego,No,Location,Atmoic,Willis,"Homogeneity, Occlusion",Discrete location,Classify,FALSE,,,,,,,,,,,,,,,,,,,,Yes
How many connections are made between lego pieces with different colors?,/nas2/benchmarks/vpi/real/processed/lego/0004_pt1.mp4,lego,No,Count,Atmoic,Willis,"Homogeneity, Occlusion",Counter,Aggregate,FALSE,,,,,,,,,,,,,,,,,,,,Yes
"Is the assembled lego piece symmetric?
 
 (A) No
 (B) Yes",/nas2/benchmarks/vpi/real/processed/lego/0004_pt1.mp4,lego,No,Location,Atmoic,Willis,"Homogeneity, Occlusion",Discrete location,Classify,FALSE,,,,,,,,,,,,,,,,,,,,Yes
What's the largest number of distinct other pieces physcially attached to the same piece (excluding the attaching piece itself) in the final model?,/nas2/benchmarks/vpi/real/processed/lego/0004_pt1.mp4,lego,No,Count,Dict,Willis,"Homogeneity, Occlusion",Indexed counters,Aggregate,FALSE,,,,,,,,,,,,,,,,,,,,No
How many lego pieces are directly connected to the two long gray axles in total?,/nas2/benchmarks/vpi/real/processed/lego/0005_pt1.mp4,lego,No,Count,Atmoic,Willis,"Homogeneity, Occlusion",Counter,Readout,FALSE,,,,,,,,,,,,,,,,,,,,No
"Based strictly on the footage, how many gears do we actually see the person install?",/nas2/benchmarks/vpi/real/processed/lego/0005_pt1.mp4,lego,No,Count,Atmoic,Willis,"Homogeneity, Occlusion",Counter,Readout,FALSE,,,,,,,,,,,,,,,,,,,,No
How many lego pieces are directly connected to the long yellow axle in total?,/nas2/benchmarks/vpi/real/processed/lego/0005_pt2.mp4,lego,No,Count,Atmoic,Willis,"Homogeneity, Occlusion",Counter,Readout,FALSE,,,,,,,,,,,,,,,,,,,,No
How many black axles are used in total?,/nas2/benchmarks/vpi/real/processed/lego/0005_pt2.mp4,lego,No,Count,Atmoic,Willis,"Homogeneity, Occlusion",Counter,Readout,FALSE,,,,,,,,,,,,,,,,,,,,No
"Based strictly on the footage, how many gears do we actually see the person install?",/nas2/benchmarks/vpi/real/processed/lego/0005_pt3.mp4,lego,No,Count,Atmoic,Willis,"Homogeneity, Occlusion",Counter,Readout,FALSE,,,,,,,,,,,,,,,,,,,,No
"Based strictly on the footage, how many gear axles do we actually see the person install that do not connect to the yellow connector?",/nas2/benchmarks/vpi/real/processed/lego/0005_pt3.mp4,lego,No,Count,Atmoic,Willis,"Homogeneity, Occlusion",Counter,Readout,FALSE,,,,,,,,,,,,,,,,,,,,No
What's the largest number of lego pieces that are directly connected to the same connector?,/nas2/benchmarks/vpi/real/processed/lego/0005_pt4.mp4,lego,No,Count,Dict,Willis,"Homogeneity, Occlusion",Indexed counters,Aggregate,FALSE,,,,,,,,,,,,,,,,,,,,No
"Is the assembled piece symmetric?
 
 (A) No
 (B) Yes",/nas2/benchmarks/vpi/real/processed/lego/0005_pt4.mp4,lego,No,Location,Atmoic,Willis,"Homogeneity, Occlusion",Discrete location,Classify,FALSE,,,,,,,,,,,,,,,,,,,,Yes
How many different colors are used in the assembled piece?,/nas2/benchmarks/vpi/real/processed/lego/0005_pt5.mp4,lego,No,Attribute,Set,Willis,"Homogeneity, Occlusion",Set,Aggregate,FALSE,,,,,,,,,,,,,,,,,,,,Yes
What's the largest number of lego pieces that are directly connected to the same long yellow axle?,/nas2/benchmarks/vpi/real/processed/lego/0005_pt5.mp4,lego,No,Count,Atmoic,Willis,"Homogeneity, Occlusion",Counter,Aggregate,FALSE,,,,,,,,,,,,,,,,,,,,No
How many flute players cross the centerline during this period?,/nas2/benchmarks/vpi/real/processed/marching_band/0001_pt1.mp4,marching_band,Yes,,,Edwin,"Homogeneity, Multi-entity attribution",Set,Aggregate,FALSE,,,,,,,,,,,,,,,,,,,,Yes
How many times does the clarinet player lower their head during this period?,/nas2/benchmarks/vpi/real/processed/marching_band/0001_pt2.mp4,marching_band,,Count,Atmoic,Edwin,Multi-entity attribution,Indexed counters,Aggregate,FALSE,,,,,,,,,,,,,,,,,,,,No
How many clarinet and flute players cross the centerline during this period?,/nas2/benchmarks/vpi/real/processed/marching_band/0001_pt3.mp4,marching_band,Yes,,,Edwin,"Homogeneity, Multi-entity attribution",Set,Aggregate,FALSE,,,,,,,,,,,,,,,,,,,,Yes
How many trumpet players cross the centerline during this period?,/nas2/benchmarks/vpi/real/processed/marching_band/0001_pt4.mp4,marching_band,Yes,,,Edwin,"Homogeneity, Multi-entity attribution",Set,Aggregate,FALSE,,,,,,,,,,,,,,,,,,,,Yes
How many dolls are there in the matryoshka?,/nas2/benchmarks/vpi/real/processed/matryoshka/0001_pt1.mp4,matryoshka,No,Count,Atmoic,Willis,Occlusion,Counter,Readout,FALSE,,,,,,,,,,,,,,,,,,,,No
How many dolls wearing a bright red headscarf are there in the matryoshka?,/nas2/benchmarks/vpi/real/processed/matryoshka/0001_pt1.mp4,matryoshka,No,Count,Atmoic,Willis,Occlusion,Counter,Readout,FALSE,,,,,,,,,,,,,,,,,,,,No
"Does the eighth doll wear a headscarf?
 
 (A) No
 (B) Yes",/nas2/benchmarks/vpi/real/processed/matryoshka/0001_pt1.mp4,matryoshka,No,Attribute,Sequence,Willis,Occlusion,Indexed attributes,Readout,FALSE,,,,,,,,,,,,,,,,,,,,Yes
What is the largest possible number of nesting dolls in the matryoshka set such that every doll with a bright red headscarf is smaller than every doll with a magenta headscarf?,/nas2/benchmarks/vpi/real/processed/matryoshka/0001_pt1.mp4,matryoshka,No,Attribute,Sequence,Willis,Occlusion,Sequence,Aggregate,FALSE,,,,,,,,,,,,,,,,,,,,No
How many dolls are there in the matryoshka?,/nas2/benchmarks/vpi/real/processed/matryoshka/0002_pt1.mp4,matryoshka,No,Count,Atmoic,Willis,Occlusion,Counter,Readout,FALSE,,,,,,,,,,,,,,,,,,,,No
How many dolls wearing a bright red headscarf are there in the matryoshka?,/nas2/benchmarks/vpi/real/processed/matryoshka/0002_pt1.mp4,matryoshka,No,Count,Atmoic,Willis,Occlusion,Counter,Readout,FALSE,,,,,,,,,,,,,,,,,,,,No
"What color is the fourth doll's headscarf?
 
 (A) yellow
 (B) magenta
 (C) red
 (D) white",/nas2/benchmarks/vpi/real/processed/matryoshka/0002_pt1.mp4,matryoshka,No,Attribute,Sequence,Willis,Occlusion,Indexed attributes,Readout,FALSE,,,,,,,,,,,,,,,,,,,,No
What is the largest possible number of nesting dolls in the matryoshka set such that every doll with a bright red headscarf is smaller than every doll with a magenta headscarf?,/nas2/benchmarks/vpi/real/processed/matryoshka/0002_pt1.mp4,matryoshka,No,Attribute,Sequence,Willis,Occlusion,Sequence,Aggregate,FALSE,,,,,,,,,,,,,,,,,,,,Yes
How many dolls are there in the matryoshka?,/nas2/benchmarks/vpi/real/processed/matryoshka/0003_pt1.mp4,matryoshka,No,Count,Atmoic,Willis,Occlusion,Counter,Readout,FALSE,,,,,,,,,,,,,,,,,,,,No
How many dolls are there in the matryoshka?,/nas2/benchmarks/vpi/real/processed/matryoshka/0004_pt1.mp4,matryoshka,No,Count,Atmoic,Willis,Occlusion,Counter,Readout,FALSE,,,,,,,,,,,,,,,,,,,,No
How many dolls are drawn with more than one flower (or bud) on its body?,/nas2/benchmarks/vpi/real/processed/matryoshka/0004_pt1.mp4,matryoshka,No,Count,Atmoic,Willis,Occlusion,Counter,Readout,FALSE,,,,,,,,,,,,,,,,,,,,No
How many dolls are there in the opened matryoshka?,/nas2/benchmarks/vpi/real/processed/matryoshka/0005_pt1.mp4,matryoshka,No,Count,Atmoic,Willis,Occlusion,Counter,Readout,FALSE,,,,,,,,,,,,,,,,,,,,No
How many dolls are wearing headscarfs?,/nas2/benchmarks/vpi/real/processed/matryoshka/0005_pt1.mp4,matryoshka,No,Count,Atmoic,Willis,Occlusion,Counter,Readout,FALSE,,,,,,,,,,,,,,,,,,,,No
What is the largest possible number of dolls that can be nested in the matryoshka such that there are exactly two headscarf colors present? (Note: Dolls without headscarves do not count toward this color limit.),/nas2/benchmarks/vpi/real/processed/matryoshka/0005_pt1.mp4,matryoshka,No,Attribute,Sequence,Willis,Occlusion,Sequence,Aggregate,FALSE,,,,,,,,,,,,,,,,,,,,Yes
How many dolls are there in the opened matryoshka?,/nas2/benchmarks/vpi/real/processed/matryoshka/0006_pt1.mp4,matryoshka,No,Count,Atmoic,Willis,Occlusion,Counter,Readout,FALSE,,,,,,,,,,,,,,,,,,,,No
How many dolls with human figures drawn on their bodies are there in the matryoshka?,/nas2/benchmarks/vpi/real/processed/matryoshka/0006_pt1.mp4,matryoshka,No,Count,Atmoic,Willis,Occlusion,Counter,Aggregate,FALSE,,,,,,,,,,,,,,,,,,,,No
How many dolls are there in the opened matryoshka?,/nas2/benchmarks/vpi/real/processed/matryoshka/0007_pt1.mp4,matryoshka,No,Count,Atmoic,Willis,Occlusion,Counter,Readout,FALSE,,,,,,,,,,,,,,,,,,,,No
How many dolls in the opened matryoshka are wearing warm-colored (excluding black and white) headscarves?,/nas2/benchmarks/vpi/real/processed/matryoshka/0007_pt1.mp4,matryoshka,No,Count,Atmoic,Willis,Occlusion,Counter,Aggregate,FALSE,,,,,,,,,,,,,,,,,,,,No
What is the maximum number of dolls that can be nested in the matryoshka such that there are exactly two headscarf colors present? (Note: Dolls without headscarves do not count toward this color limit.),/nas2/benchmarks/vpi/real/processed/matryoshka/0007_pt1.mp4,matryoshka,No,Attribute,Sequence,Willis,Occlusion,Sequence,Aggregate,FALSE,,,,,,,,,,,,,,,,,,,,Yes
What is the maximum number of dolls you can nest in the matryoshka so that every doll with a warm-colored headscarf is smaller than the dolls with cool-colored headscarves? (Note: Black and white headscarves are neutral and do not count as warm or cool.),/nas2/benchmarks/vpi/real/processed/matryoshka/0007_pt1.mp4,matryoshka,No,Attribute,Sequence,Willis,Occlusion,Sequence,Aggregate,FALSE,,,,,,,,,,,,,,,,,,,,Yes
How many dolls are there in the opened matryoshka?,/nas2/benchmarks/vpi/real/processed/matryoshka/0008_pt1.mp4,matryoshka,No,Count,Atmoic,Willis,Occlusion,Counter,Readout,FALSE,,,,,,,,,,,,,,,,,,,,No
"In this video, a ""match"" occurs when the newly placed card matches the rank of some previously placed card in the deck. How many distinct card matches are there in the video?",/nas2/benchmarks/vpi/real/processed/n_back/0001_pt1.mp4,n_back,No,Attribute,Set,Willis,Occlusion,Set,Readout,FALSE,,,,,,,,,,,,,,,,,,,,Yes
"In this video, a ""match"" occurs when the newly placed card matches the rank of some previously placed card in the deck. Does the card K get matched?
 
 (A) No
 (B) Yes",/nas2/benchmarks/vpi/real/processed/n_back/0001_pt1.mp4,n_back,No,Attribute,Set,Willis,Occlusion,Set,Readout,FALSE,,,,,,,,,,,,,,,,,,,,Yes
"In this video, a ""match"" occurs when the newly placed card matches the rank of some previously placed card in the deck. Does the card Q get matched?
 
 (A) No
 (B) Yes",/nas2/benchmarks/vpi/real/processed/n_back/0001_pt1.mp4,n_back,No,Attribute,Set,Willis,Occlusion,Set,Readout,FALSE,,,,,,,,,,,,,,,,,,,,Yes
"In this video, a ""match"" occurs when the newly placed card matches the rank of some previously placed card in the deck. Does the card 5 get matched?
 
 (A) No
 (B) Yes",/nas2/benchmarks/vpi/real/processed/n_back/0001_pt1.mp4,n_back,No,Attribute,Set,Willis,Occlusion,Set,Readout,FALSE,,,,,,,,,,,,,,,,,,,,Yes
"In this video, a ""match"" occurs when the newly placed card matches the rank of some previously placed card in the deck. How many Q cards are there in the video?",/nas2/benchmarks/vpi/real/processed/n_back/0001_pt1.mp4,n_back,No,Attribute,Set,Willis,Occlusion,Set,Readout,FALSE,,,,,,,,,,,,,,,,,,,,Yes
"Based on the number of cookies needed per box, how many cookies are required to pack 6 boxes in total?",/nas2/benchmarks/vpi/real/processed/order_packing/0001_pt0.mp4,order_packing,No,Count,Atmoic,Willis,None,Counter,Project,FALSE,,,,,,,,,,,,,,,,,,,,Yes
How many grocery items are packed in total?,/nas2/benchmarks/vpi/real/processed/order_packing/0002_pt1.mp4,order_packing,No,Count,Atmoic,Willis,Occlusion,Counter,Readout,FALSE,,,,,,,,,,,,,,,,,,,,No
How many grocery items have already been packed before the white sandal?,/nas2/benchmarks/vpi/real/processed/order_packing/0002_pt1.mp4,order_packing,No,Count,Atmoic,Willis,Occlusion,Counter,Readout,FALSE,,,,,,,,,,,,,,,,,,,,No
"Assuming only one of the medium-sized boxes from the video is used, how many of the shown grocery items can be packed into?",/nas2/benchmarks/vpi/real/processed/order_packing/0002_pt1.mp4,order_packing,No,Attribute,Dict,Willis,Occlusion,Indexed attributes,Project,FALSE,,,,,,,,,,,,,,,,,,,,Yes
How many grocery items are packed in total?,/nas2/benchmarks/vpi/real/processed/order_packing/0002_pt2.mp4,order_packing,No,Count,Atmoic,Willis,Occlusion,Counter,Readout,FALSE,,,,,,,,,,,,,,,,,,,,No
How many boxes are used in total?,/nas2/benchmarks/vpi/real/processed/order_packing/0002_pt2.mp4,order_packing,No,Count,Atmoic,Willis,Action ambiguity,Counter,Readout,FALSE,,,,,,,,,,,,,,,,,,,,No
"Assuming only one of the smallest boxes from the video is used, how many of the shown grocery items can be packed into?",/nas2/benchmarks/vpi/real/processed/order_packing/0002_pt2.mp4,order_packing,No,Attribute,Dict,Willis,Occlusion,Indexed attributes,Project,FALSE,,,,,,,,,,,,,,,,,,,,Yes
How many grocery items are packed in total?,/nas2/benchmarks/vpi/real/processed/order_packing/0002_pt3.mp4,order_packing,No,Count,Atmoic,Willis,Occlusion,Counter,Readout,FALSE,,,,,,,,,,,,,,,,,,,,No
How many different kinds of grocery items are packed in total?,/nas2/benchmarks/vpi/real/processed/order_packing/0002_pt3.mp4,order_packing,No,Attribute,Set,Willis,Occlusion,Set,Aggregate,FALSE,,,,,,,,,,,,,,,,,,,,No
How many grocery items are packed in total?,/nas2/benchmarks/vpi/real/processed/order_packing/0002_pt4.mp4,order_packing,No,Count,Atmoic,Willis,Occlusion,Counter,Readout,FALSE,,,,,,,,,,,,,,,,,,,,No
"Is the earthy-yellow item packed after the blue item?
 
 (A) Yes
 (B) No",/nas2/benchmarks/vpi/real/processed/order_packing/0002_pt4.mp4,order_packing,No,Attribute,Atmoic,Willis,Occlusion,Discrete location,Readout,FALSE,,,,,,,,,,,,,,,,,,,,Yes
"Suppose two additional orders arrive: one containing three grocery items of different colors, and another containing a single item (matching the item types shown previously). Including the original orders from the video, how many bags are needed in total?",/nas2/benchmarks/vpi/real/processed/order_packing/0002_pt4.mp4,order_packing,No,Attribute,Dict,Willis,None,Indexed attributes,Project,FALSE,,,,,,,,,,,,,,,,,,,,Yes
How many grocery items are packed in total?,/nas2/benchmarks/vpi/real/processed/order_packing/0002_pt5.mp4,order_packing,No,Count,Atmoic,Willis,Occlusion,Counter,Readout,FALSE,,,,,,,,,,,,,,,,,,,,No
How many bags are used in total?,/nas2/benchmarks/vpi/real/processed/order_packing/0002_pt5.mp4,order_packing,No,Count,Atmoic,Willis,Action ambiguity,Counter,Readout,FALSE,,,,,,,,,,,,,,,,,,,,No
How many grocery items are packed in total?,/nas2/benchmarks/vpi/real/processed/order_packing/0003_pt1.mp4,order_packing,No,Count,Atmoic,Willis,Occlusion,Counter,Readout,FALSE,,,,,,,,,,,,,,,,,,,,No
"Among all packed grocery items, what is the maximum count of items sharing the same packaging color?",/nas2/benchmarks/vpi/real/processed/order_packing/0003_pt1.mp4,order_packing,No,Count,Dict,Willis,Occlusion,Indexed counters,Aggregate,FALSE,,,,,,,,,,,,,,,,,,,,No
"Once packing is complete, what is the minimum number of grocery items that must be removed so that one of the items bagged with transparent plastic is fully visible, with nothing even partially covering it?",/nas2/benchmarks/vpi/real/processed/order_packing/0003_pt1.mp4,order_packing,No,Attribute,Sequence,Willis,Occlusion,Counter,Aggregate,FALSE,,,,,,,,,,,,,,,,,,,,Yes
"Once packing is complete, what is the minimum number of grocery items that must be removed so that one of the items bagged with transparent plastic is fully visible, with nothing even partially covering it?",/nas2/benchmarks/vpi/real/processed/order_packing/0003_pt2.mp4,order_packing,No,Attribute,Sequence,Willis,Occlusion,Counter,Aggregate,FALSE,,,,,,,,,,,,,,,,,,,,Yes
How many grocery items are packed in total?,/nas2/benchmarks/vpi/real/processed/order_packing/0003_pt2.mp4,order_packing,No,Count,Atmoic,Willis,Occlusion,Counter,Readout,FALSE,,,,,,,,,,,,,,,,,,,,No
"Among all packed grocery items, what is the maximum count of items sharing the same packaging color?",/nas2/benchmarks/vpi/real/processed/order_packing/0003_pt2.mp4,order_packing,No,Count,Dict,Willis,Occlusion,Indexed counters,Aggregate,FALSE,,,,,,,,,,,,,,,,,,,,No
How many grocery items are packed in total?,/nas2/benchmarks/vpi/real/processed/order_packing/0003_pt3.mp4,order_packing,No,Count,Atmoic,Willis,Occlusion,Counter,Readout,FALSE,,,,,,,,,,,,,,,,,,,,No
What's the minimum number of grocery items packed in a single box?,/nas2/benchmarks/vpi/real/processed/order_packing/0003_pt3.mp4,order_packing,No,Count,Dict,Willis,Occlusion,Indexed counters,Aggregate,FALSE,,,,,,,,,,,,,,,,,,,,No
"Suppose two additional orders arrive: one containing three grocery items, and another containing a single item (matching the item sizes shown previously). Including the original orders from the video, how many boxes are needed in total?",/nas2/benchmarks/vpi/real/processed/order_packing/0003_pt3.mp4,order_packing,No,Count,Dict,Willis,Occlusion,Indexed attributes,Project,FALSE,,,,,,,,,,,,,,,,,,,,No
How many grocery items are packed in total?,/nas2/benchmarks/vpi/real/processed/order_packing/0003_pt4.mp4,order_packing,No,Count,Atmoic,Willis,None,Counter,Readout,FALSE,,,,,,,,,,,,,,,,,,,,No
Suppose one additional order arrives containing 4 records. How many more boxes will be needed?,/nas2/benchmarks/vpi/real/processed/order_packing/0003_pt4.mp4,order_packing,No,Count,Dict,Willis,Occlusion,Indexed attributes,Project,FALSE,,,,,,,,,,,,,,,,,,,,No
"Among all packed grocery items, what is the maximum count of items sharing the same packaging color?",/nas2/benchmarks/vpi/real/processed/order_packing/0003_pt4.mp4,order_packing,No,Count,Dict,Willis,Occlusion,Indexed counters,Aggregate,FALSE,,,,,,,,,,,,,,,,,,,,No
How many grocery items are packed in total?,/nas2/benchmarks/vpi/real/processed/order_packing/0003_pt5.mp4,order_packing,No,Count,Atmoic,Willis,Occlusion,Counter,Readout,FALSE,,,,,,,,,,,,,,,,,,,,No
How many unique colors are represented among the packed grocery items?,/nas2/benchmarks/vpi/real/processed/order_packing/0003_pt5.mp4,order_packing,No,Attribute,Set,Willis,Occlusion,Set,Aggregate,FALSE,,,,,,,,,,,,,,,,,,,,No
"Among all packed grocery items, what is the maximum count of items sharing the same packaging color?",/nas2/benchmarks/vpi/real/processed/order_packing/0003_pt5.mp4,order_packing,No,Count,Dict,Willis,Occlusion,Indexed counters,Aggregate,FALSE,,,,,,,,,,,,,,,,,,,,No
How many grocery items are packed in total?,/nas2/benchmarks/vpi/real/processed/order_packing/0003_pt6.mp4,order_packing,No,Count,Atmoic,Willis,Occlusion,Counter,Readout,FALSE,,,,,,,,,,,,,,,,,,,,No
How many bags are used in total?,/nas2/benchmarks/vpi/real/processed/order_packing/0003_pt6.mp4,order_packing,No,Count,Atmoic,Willis,Action ambiguity,Counter,Readout,FALSE,,,,,,,,,,,,,,,,,,,,No
How many grocery items are packed in total?,/nas2/benchmarks/vpi/real/processed/order_packing/0004_pt1.mp4,order_packing,No,Count,Atmoic,Willis,Occlusion,Counter,Readout,FALSE,,,,,,,,,,,,,,,,,,,,No
How many grocery items are packed in total?,/nas2/benchmarks/vpi/real/processed/order_packing/0004_pt2.mp4,order_packing,No,Count,Atmoic,Willis,Occlusion,Counter,Readout,FALSE,,,,,,,,,,,,,,,,,,,,No
"Assuming three more orders arrive, each containing 4 records (matching the sizes shown previously), how many additional boxes will be needed?",/nas2/benchmarks/vpi/real/processed/order_packing/0004_pt2.mp4,order_packing,No,Attribute,Dict,Willis,Occlusion,Indexed attributes,Project,FALSE,,,,,,,,,,,,,,,,,,,,Yes
How many grocery items are packed in total?,/nas2/benchmarks/vpi/real/processed/order_packing/0004_pt3.mp4,order_packing,No,Count,Atmoic,Willis,Occlusion,Counter,Readout,FALSE,,,,,,,,,,,,,,,,,,,,No
"If identical grocery items are grouped together, how many total item groups are there in the order, including groups that contain only one item?",/nas2/benchmarks/vpi/real/processed/order_packing/0004_pt3.mp4,order_packing,No,Attribute,Set,Willis,"Occlusion, Homogeneity",Set,Aggregate,FALSE,,,,,,,,,,,,,,,,,,,,Yes
"Counting all items that have at least one identical match in the order, how many total grocery items are duplicated?",/nas2/benchmarks/vpi/real/processed/order_packing/0004_pt3.mp4,order_packing,No,Count,Dict,Willis,"Occlusion, Homogeneity",Indexed counters,Aggregate,FALSE,,,,,,,,,,,,,,,,,,,,Yes
"Once the packing is complete, what is the minimum number of grocery grocery items that must be removed to uncover the blue bag of Chips Ahoy?",/nas2/benchmarks/vpi/real/processed/order_packing/0004_pt3.mp4,order_packing,No,Attribute,Sequence,Willis,Occlusion,Counter,Aggregate,FALSE,,,,,,,,,,,,,,,,,,,,Yes
How many grocery items are packed in total?,/nas2/benchmarks/vpi/real/processed/order_packing/0005_pt1.mp4,order_packing,No,Count,Atmoic,Willis,Occlusion,Counter,Readout,FALSE,,,,,,,,,,,,,,,,,,,,No
"Counting all items that have at least one identical match in the order, how many total grocery items are duplicated?",/nas2/benchmarks/vpi/real/processed/order_packing/0005_pt1.mp4,order_packing,No,Attribute,Set,Willis,"Occlusion, Homogeneity",Set,Aggregate,FALSE,,,,,,,,,,,,,,,,,,,,Yes
"If identical grocery items are grouped together, how many total item groups are there in the order, excluding groups that contain only one item?",/nas2/benchmarks/vpi/real/processed/order_packing/0005_pt1.mp4,order_packing,No,Count,Dict,Willis,"Occlusion, Homogeneity",Indexed counters,Aggregate,FALSE,,,,,,,,,,,,,,,,,,,,Yes
How many grocery items are packed in total?,/nas2/benchmarks/vpi/real/processed/order_packing/0005_pt2.mp4,order_packing,No,Count,Atmoic,Willis,Occlusion,Counter,Readout,FALSE,,,,,,,,,,,,,,,,,,,,No
"Counting all items that have at least one identical match in the order, how many total grocery items are duplicated?",/nas2/benchmarks/vpi/real/processed/order_packing/0005_pt2.mp4,order_packing,No,Count,Dict,Willis,"Occlusion, Homogeneity",Indexed counters,Aggregate,FALSE,,,,,,,,,,,,,,,,,,,,Yes
"If identical grocery items are grouped together, how many total item groups are there in the order, excluding groups that contain only one item?",/nas2/benchmarks/vpi/real/processed/order_packing/0005_pt2.mp4,order_packing,No,Attribute,Set,Willis,"Occlusion, Homogeneity",Set,Aggregate,FALSE,,,,,,,,,,,,,,,,,,,,Yes
"If a new order arrives containing four grocery items identical to those in the video's final order, will a larger box be required?
 
 (A) Yes
 (B) No",/nas2/benchmarks/vpi/real/processed/order_packing/0005_pt2.mp4,order_packing,No,Attribute,Dict,Willis,Occlusion,Indexed attributes,Project,FALSE,,,,,,,,,,,,,,,,,,,,Yes
How many grocery items are packed in total?,/nas2/benchmarks/vpi/real/processed/order_packing/0005_pt3.mp4,order_packing,No,Count,Atmoic,Willis,Occlusion,Counter,Readout,FALSE,,,,,,,,,,,,,,,,,,,,No
"If identical grocery items are grouped together, how many total item groups are there in the order, excluding groups that contain only one item?",/nas2/benchmarks/vpi/real/processed/order_packing/0005_pt3.mp4,order_packing,No,Count,Set,Willis,"Occlusion, Homogeneity",Set,Aggregate,FALSE,,,,,,,,,,,,,,,,,,,,Yes
"Counting all items that have at least one identical match in the order, how many total grocery items are duplicated?",/nas2/benchmarks/vpi/real/processed/order_packing/0005_pt3.mp4,order_packing,No,Count,Dict,Willis,"Occlusion, Homogeneity",Indexed counters,Aggregate,FALSE,,,,,,,,,,,,,,,,,,,,Yes
"Which order has the most grocery items?
 
 (A) The first one
 (B) The second one
 (C) The third one",/nas2/benchmarks/vpi/real/processed/order_packing/0005_pt3.mp4,order_packing,No,Count,Dict,Willis,Occlusion,Counter,Compare,FALSE,,,,,,,,,,,,,,,,,,,,No
How many grocery items are packed in total?,/nas2/benchmarks/vpi/real/processed/order_packing/0005_pt4.mp4,order_packing,No,Count,Atmoic,Willis,Occlusion,Counter,Readout,FALSE,,,,,,,,,,,,,,,,,,,,No
"Which order has the most grocery items?
 
 (A) The first one
 (B) The second one
 (C) The fourth one
 (D) The third one",/nas2/benchmarks/vpi/real/processed/order_packing/0005_pt4.mp4,order_packing,No,Count,Dict,Willis,Occlusion,Counter,Compare,FALSE,,,,,,,,,,,,,,,,,,,,No
How many grocery items are packed in total?,/nas2/benchmarks/vpi/real/processed/order_packing/0005_pt5.mp4,order_packing,No,Count,Atmoic,Willis,Occlusion,Counter,Readout,FALSE,,,,,,,,,,,,,,,,,,,,No
"Which order has the largest item?
 
 (A) The first one
 (B) The third one
 (C) The second one",/nas2/benchmarks/vpi/real/processed/order_packing/0005_pt5.mp4,order_packing,No,Attribute,Dict,Willis,Occlusion,Indexed attributes,Compare,FALSE,,,,,,,,,,,,,,,,,,,,No
How many boxes are used in total?,/nas2/benchmarks/vpi/real/processed/order_packing/0005_pt5.mp4,order_packing,No,Count,Atmoic,Willis,Action ambiguity,Counter,Readout,FALSE,,,,,,,,,,,,,,,,,,,,No
What's the largest number of grocery items packed in a single box?,/nas2/benchmarks/vpi/real/processed/order_packing/0005_pt5.mp4,order_packing,No,Count,Atmoic,Willis,Occlusion,Counter,Aggregate,FALSE,,,,,,,,,,,,,,,,,,,,No
How many grocery items are packed in total?,/nas2/benchmarks/vpi/real/processed/order_packing/0005_pt6.mp4,order_packing,No,Count,Atmoic,Willis,Occlusion,Counter,Readout,FALSE,,,,,,,,,,,,,,,,,,,,No
What's the largest number of identical grocery items packed in a single box?,/nas2/benchmarks/vpi/real/processed/order_packing/0005_pt6.mp4,order_packing,No,Count,Dict,Willis,"Occlusion, Homogeneity",Indexed counters,Aggregate,FALSE,,,,,,,,,,,,,,,,,,,,No
How many goals are scored in the video?,/nas2/benchmarks/vpi/real/processed/soccer/0001_pt1.mp4,soccer,No,Count,Atmoic,Willis,"Action ambiguity, Multi-entity attribution, Camera motion",Counter,Readout,FALSE,,,,,,,,,,,,,,,,,,,,No
How many goals are made in the video?,/nas2/benchmarks/vpi/real/processed/soccer/0001_pt2.mp4,soccer,No,Count,Atmoic,Willis,"Action ambiguity, Multi-entity attribution, Camera motion",Counter,Readout,FALSE,,,,,,,,,,,,,,,,,,,,No
How many passes are made in the video?,/nas2/benchmarks/vpi/real/processed/soccer/0001_pt3.mp4,soccer,No,Count,Atmoic,Willis,"Action ambiguity, Multi-entity attribution, Camera motion",Counter,Readout,FALSE,,,,,,,,,,,,,,,,,,,,No
How many passes are made in the video?,/nas2/benchmarks/vpi/real/processed/soccer/0001_pt4.mp4,soccer,No,Count,Atmoic,Willis,"Action ambiguity, Multi-entity attribution, Camera motion",Counter,Readout,FALSE,,,,,,,,,,,,,,,,,,,,No
How many passes are made in the video?,/nas2/benchmarks/vpi/real/processed/soccer/0001_pt5.mp4,soccer,No,Count,Atmoic,Willis,"Action ambiguity, Multi-entity attribution, Camera motion",Counter,Readout,FALSE,,,,,,,,,,,,,,,,,,,,No
How many passes are made in the video?,/nas2/benchmarks/vpi/real/processed/soccer/0001_pt6.mp4,soccer,No,Count,Atmoic,Willis,"Action ambiguity, Multi-entity attribution, Camera motion",Counter,Readout,FALSE,,,,,,,,,,,,,,,,,,,,No
How many times does the recording player get possession of the ball?,/nas2/benchmarks/vpi/real/processed/soccer/0002_pt1.mp4,soccer,No,Count,Atmoic,Willis,"Action ambiguity, Multi-entity attribution, Camera motion",Counter,Readout,FALSE,,,,,,,,,,,,,,,,,,,,No
How many successful passes are made by the recording player's team by the end of the video in total?,/nas2/benchmarks/vpi/real/processed/soccer/0002_pt1.mp4,soccer,No,Count,Atmoic,Willis,"Action ambiguity, Multi-entity attribution, Camera motion",Counter,Readout,FALSE,,,,,,,,,,,,,,,,,,,,No
How many successful passes are made by the recording player's team by the end of the video in total?,/nas2/benchmarks/vpi/real/processed/soccer/0002_pt2.mp4,soccer,No,Count,Atmoic,Willis,"Action ambiguity, Multi-entity attribution, Camera motion",Counter,Readout,FALSE,,,,,,,,,,,,,,,,,,,,No
How many times does the recording player get possession of the ball?,/nas2/benchmarks/vpi/real/processed/soccer/0002_pt2.mp4,soccer,No,Count,Atmoic,Willis,"Action ambiguity, Multi-entity attribution, Camera motion",Counter,Readout,FALSE,,,,,,,,,,,,,,,,,,,,No
How many successful passes are made by the recording player's team by the end of the video in total?,/nas2/benchmarks/vpi/real/processed/soccer/0002_pt3.mp4,soccer,No,Count,Atmoic,Willis,"Action ambiguity, Multi-entity attribution, Camera motion",Counter,Readout,FALSE,,,,,,,,,,,,,,,,,,,,No
How many times does the recording player get possession of the ball?,/nas2/benchmarks/vpi/real/processed/soccer/0002_pt3.mp4,soccer,No,Count,Atmoic,Willis,"Action ambiguity, Multi-entity attribution, Camera motion",Counter,Readout,FALSE,,,,,,,,,,,,,,,,,,,,No
How many successful passes are made by the recording player's team by the end of the video in total?,/nas2/benchmarks/vpi/real/processed/soccer/0002_pt4.mp4,soccer,No,Count,Atmoic,Willis,"Action ambiguity, Multi-entity attribution, Camera motion",Counter,Readout,FALSE,,,,,,,,,,,,,,,,,,,,No
How many times does the recording player get possession of the ball?,/nas2/benchmarks/vpi/real/processed/soccer/0002_pt4.mp4,soccer,No,Count,Atmoic,Willis,"Action ambiguity, Multi-entity attribution, Camera motion",Counter,Readout,FALSE,,,,,,,,,,,,,,,,,,,,No
How many goal attempts are made by the recording player's team by the end of the video in total?,/nas2/benchmarks/vpi/real/processed/soccer/0002_pt5.mp4,soccer,No,Count,Atmoic,Willis,"Action ambiguity, Multi-entity attribution, Camera motion",Counter,Readout,FALSE,,,,,,,,,,,,,,,,,,,,No
How many successful passes are made by the recording player's team by the end of the video in total?,/nas2/benchmarks/vpi/real/processed/soccer/0002_pt5.mp4,soccer,No,Count,Atmoic,Willis,"Action ambiguity, Multi-entity attribution, Camera motion",Counter,Readout,FALSE,,,,,,,,,,,,,,,,,,,,No
How many times does the recording player get possession of the ball?,/nas2/benchmarks/vpi/real/processed/soccer/0002_pt5.mp4,soccer,No,Count,Atmoic,Willis,"Action ambiguity, Multi-entity attribution, Camera motion",Counter,Readout,FALSE,,,,,,,,,,,,,,,,,,,,No
How many **different** players touch the ball by the end of the video in total?,/nas2/benchmarks/vpi/real/processed/soccer/0002_pt6.mp4,soccer,No,Attribute,Set,Willis,"Action ambiguity, Multi-entity attribution, Camera motion",Set,Readout,FALSE,,,,,,,,,,,,,,,,,,,,No
How many times does the recording player get possession of the ball?,/nas2/benchmarks/vpi/real/processed/soccer/0002_pt6.mp4,soccer,No,Count,Atmoic,Willis,"Action ambiguity, Multi-entity attribution, Camera motion",Counter,Readout,FALSE,,,,,,,,,,,,,,,,,,,,No
How many successful passes are made by the recording player's team by the end of the video in total?,/nas2/benchmarks/vpi/real/processed/soccer/0002_pt6.mp4,soccer,No,Count,Atmoic,Willis,"Action ambiguity, Multi-entity attribution, Camera motion",Counter,Readout,FALSE,,,,,,,,,,,,,,,,,,,,No
How many **different** players (excluding the goalkeeper) touch the ball by the end of the video in total?,/nas2/benchmarks/vpi/real/processed/soccer/0002_pt7.mp4,soccer,No,Attribute,Set,Willis,"Action ambiguity, Multi-entity attribution, Camera motion",Set,Readout,FALSE,,,,,,,,,,,,,,,,,,,,No
How many times does the recording player get possession of the ball?,/nas2/benchmarks/vpi/real/processed/soccer/0002_pt7.mp4,soccer,No,Count,Atmoic,Willis,"Action ambiguity, Multi-entity attribution, Camera motion",Counter,Readout,FALSE,,,,,,,,,,,,,,,,,,,,No
What's the success goal rate out of the total goal attempts? Round to the nearest integer in percentage.,/nas2/benchmarks/vpi/real/processed/soccer/0002_pt8.mp4,soccer,No,Count,Dict,Willis,"Action ambiguity, Multi-entity attribution, Camera motion",Indexed counters,Aggregate,FALSE,,,,,,,,,,,,,,,,,,,,No
How many times does the recording player get possession of the ball?,/nas2/benchmarks/vpi/real/processed/soccer/0002_pt8.mp4,soccer,No,Count,Atmoic,Willis,"Action ambiguity, Multi-entity attribution, Camera motion",Counter,Readout,FALSE,,,,,,,,,,,,,,,,,,,,No
How many goals are scored by the recording player's team?,/nas2/benchmarks/vpi/real/processed/soccer/0002_pt8.mp4,soccer,No,Count,Atmoic,Willis,"Action ambiguity, Multi-entity attribution, Camera motion",Counter,Readout,FALSE,,,,,,,,,,,,,,,,,,,,No
How many goals attempts are made by the recording player's team by the end of the video in total?,/nas2/benchmarks/vpi/real/processed/soccer/0002_pt8.mp4,soccer,No,Count,Atmoic,Willis,"Action ambiguity, Multi-entity attribution, Camera motion",Counter,Readout,FALSE,,,,,,,,,,,,,,,,,,,,No
How many successful passes are made by the recording player's team by the end of the video in total?,/nas2/benchmarks/vpi/real/processed/soccer/0002_pt8.mp4,soccer,No,Count,Atmoic,Willis,"Action ambiguity, Multi-entity attribution, Camera motion",Counter,Readout,FALSE,,,,,,,,,,,,,,,,,,,,No
How many goals are made to the big gate in total by the end of the video?,/nas2/benchmarks/vpi/real/processed/soccer/0003_pt1.mp4,soccer,No,Count,Atmoic,Willis,"Action ambiguity, Multi-entity attribution",Counter,Readout,FALSE,,,,,,,,,,,,,,,,,,,,No
What's the success goal rate out of the total goal attempts to the big gate? Round to the nearest integer in percentage.,/nas2/benchmarks/vpi/real/processed/soccer/0003_pt1.mp4,soccer,No,Count,Dict,Willis,"Action ambiguity, Multi-entity attribution",Indexed counters,Aggregate,FALSE,,,,,,,,,,,,,,,,,,,,No
How many goals are made to the big gate in total by the end of the video?,/nas2/benchmarks/vpi/real/processed/soccer/0003_pt2.mp4,soccer,No,Count,Atmoic,Willis,"Action ambiguity, Multi-entity attribution",Counter,Readout,FALSE,,,,,,,,,,,,,,,,,,,,No
What's the success goal rate out of the total goal attempts to the big gate? Round to the nearest integer in percentage.,/nas2/benchmarks/vpi/real/processed/soccer/0003_pt2.mp4,soccer,No,Count,Dict,Willis,"Action ambiguity, Multi-entity attribution",Indexed counters,Aggregate,FALSE,,,,,,,,,,,,,,,,,,,,No
How many goals are made to the big gate in total by the end of the video?,/nas2/benchmarks/vpi/real/processed/soccer/0003_pt3.mp4,soccer,No,Count,Atmoic,Willis,"Action ambiguity, Multi-entity attribution",Counter,Readout,FALSE,,,,,,,,,,,,,,,,,,,,No
What's the success goal rate out of the total goal attempts to the big gate? Round to the nearest integer in percentage.,/nas2/benchmarks/vpi/real/processed/soccer/0003_pt3.mp4,soccer,No,Count,Dict,Willis,"Action ambiguity, Multi-entity attribution",Indexed counters,Aggregate,FALSE,,,,,,,,,,,,,,,,,,,,No
How many passes does all players make in total?,/nas2/benchmarks/vpi/real/processed/soccer/0003_pt3.mp4,soccer,No,Count,Atmoic,Willis,"Action ambiguity, Multi-entity attribution",Counter,Readout,FALSE,,,,,,,,,,,,,,,,,,,,No
How many passes does the black-shirt player make in total?,/nas2/benchmarks/vpi/real/processed/soccer/0003_pt4.mp4,soccer,No,Count,Atmoic,Willis,"Action ambiguity, Multi-entity attribution",Counter,Readout,FALSE,,,,,,,,,,,,,,,,,,,,No
How many successful goals does the black-shirt player make in total?,/nas2/benchmarks/vpi/real/processed/soccer/0003_pt4.mp4,soccer,No,Count,Atmoic,Willis,"Action ambiguity, Multi-entity attribution",Counter,Readout,FALSE,,,,,,,,,,,,,,,,,,,,No
What's the success goal rate out of the total goal attempts to the gate? Round to the nearest integer in percentage.,/nas2/benchmarks/vpi/real/processed/soccer/0003_pt4.mp4,soccer,No,Count,Dict,Willis,"Action ambiguity, Multi-entity attribution",Indexed counters,Aggregate,FALSE,,,,,,,,,,,,,,,,,,,,No
How many successful goal does the player make to the gate?,/nas2/benchmarks/vpi/real/processed/soccer/0003_pt5.mp4,soccer,No,Count,Atmoic,Willis,"Action ambiguity, Multi-entity attribution",Counter,Readout,FALSE,,,,,,,,,,,,,,,,,,,,No
What's the success goal rate out of the total goal attempts to the gate? Round to the nearest integer in percentage.,/nas2/benchmarks/vpi/real/processed/soccer/0003_pt5.mp4,soccer,No,Count,Dict,Willis,"Action ambiguity, Multi-entity attribution",Indexed counters,Aggregate,FALSE,,,,,,,,,,,,,,,,,,,,No
How many successful goal does the player make to the gate?,/nas2/benchmarks/vpi/real/processed/soccer/0003_pt6.mp4,soccer,No,Count,Atmoic,Willis,"Action ambiguity, Multi-entity attribution",Counter,Readout,FALSE,,,,,,,,,,,,,,,,,,,,No
What's the success goal rate out of the total goal attempts to gate? Round to the nearest integer in percentage.,/nas2/benchmarks/vpi/real/processed/soccer/0003_pt6.mp4,soccer,No,Count,Dict,Willis,"Action ambiguity, Multi-entity attribution",Indexed counters,Aggregate,FALSE,,,,,,,,,,,,,,,,,,,,No
How many noodle strands are there at the end?,/nas2/benchmarks/vpi/real/processed/cooking/0004_pt1.mp4,cooking,No,Count,Atmoic,Hyunseok,"Action ambiguity, Homogeneity, Camera motion, Occlusion",Counter,Readout,FALSE,,,,,,,,,,,,,,,,,,,,No
How many strands are there at the end?,/nas2/benchmarks/vpi/real/processed/cooking/0005_pt1.mp4,cooking,No,Count,Atmoic,Hyunseok,"Action ambiguity, Homogeneity, Camera motion, Occlusion",Counter,Readout,FALSE,,,,,,,,,,,,,,,,,,,,No
How many different ingredients are used in the sandwich?,/nas2/benchmarks/vpi/real/processed/cooking/0006_pt1.mp4,cooking,No,Count,Atmoic,Willis,"Action ambiguity, Camera motion",,,FALSE,,,,,,,,,,,,,,,,,,,,
"Using row-wise labels from the camera's perspective: 1 to 5 for the first row, 6 to 10 for the second row, and 11 to 14 for the third row, excluding the duplicate count of the largest pan. What is the sequence of different pans the chef reached into?",/nas2/benchmarks/vpi/real/processed/cooking/0006_pt1.mp4,cooking,No,Location,Sequence,Willis,"Action ambiguity, Camera motion",,,FALSE,,,,,,,,,,,,,,,,,,,,
"Using row-wise labels from the camera's perspective: 1 to 5 for the first row, 6 to 10 for the second row, and 11 to 14 for the third row, excluding the duplicate count of the largest pan. For a same sandwich ordered without tomato, which pans shoould the chef reach into?",/nas2/benchmarks/vpi/real/processed/cooking/0006_pt1.mp4,cooking,No,Location,Set,Willis,"Action ambiguity, Camera motion",,,FALSE,,,,,,,,,,,,,,,,,,,,
"Using row-wise labels from the camera's perspective: 1 to 5 for the first row, 6 to 10 for the second row, and 11 to 14 for the third row, excluding the duplicate count of the largest pan. For a same sandwich ordered without tomato and lettuce, which pans should the chef reach into?",/nas2/benchmarks/vpi/real/processed/cooking/0006_pt1.mp4,cooking,No,Location,Set,Willis,"Action ambiguity, Camera motion",,,FALSE,,,,,,,,,,,,,,,,,,,,
How many different ingredients are used in the sandwich?,/nas2/benchmarks/vpi/real/processed/cooking/0006_pt2.mp4,cooking,No,Count,Atmoic,Willis,"Action ambiguity, Camera motion",,,FALSE,,,,,,,,,,,,,,,,,,,,
"Using row-wise labels from the camera's perspective: 1 to 5 for the first row, 6 to 10 for the second row, and 11 to 14 for the third row, excluding the duplicate count of the largest pan. For a same sandwich ordered without sauce, which pans should the chef reach into?",/nas2/benchmarks/vpi/real/processed/cooking/0006_pt2.mp4,cooking,No,Location,Set,Willis,"Action ambiguity, Camera motion",,,FALSE,,,,,,,,,,,,,,,,,,,,
"Using row-wise labels from the camera's perspective: 1 to 5 for the first row, 6 to 10 for the second row, and 11 to 14 for the third row, excluding the duplicate count of the largest pan. For a same sandwich ordered with additional onion, which pans should the chef reach into?",/nas2/benchmarks/vpi/real/processed/cooking/0006_pt2.mp4,cooking,No,Location,Set,Willis,"Action ambiguity, Camera motion",,,FALSE,,,,,,,,,,,,,,,,,,,,
"Using row-wise labels from the camera's perspective: 1 to 5 for the first row, 6 to 10 for the second row, and 11 to 14 for the third row, excluding the duplicate count of the largest pan. What is the sequence of different pans the chef reached into?",/nas2/benchmarks/vpi/real/processed/cooking/0006_pt3.mp4,cooking,No,Location,Sequence,Willis,"Action ambiguity, Camera motion",,,FALSE,,,,,,,,,,,,,,,,,,,,
"Using row-wise labels from the camera's perspective: 1 to 5 for the first row, 6 to 10 for the second row, and 11 to 14 for the third row, excluding the duplicate count of the largest pan. For a same burger ordered without onion, which pans should the chef reach into?",/nas2/benchmarks/vpi/real/processed/cooking/0006_pt3.mp4,cooking,No,Location,Set,Willis,"Action ambiguity, Camera motion",,,FALSE,,,,,,,,,,,,,,,,,,,,
"Using row-wise labels from the camera's perspective: 1 to 5 for the first row, 6 to 10 for the second row, and 11 to 14 for the third row, excluding the duplicate count of the largest pan. For a same burger ordered with additional cucumber, which pans should the chef reach into?",/nas2/benchmarks/vpi/real/processed/cooking/0006_pt3.mp4,cooking,No,Location,Set,Willis,"Action ambiguity, Camera motion",,,FALSE,,,,,,,,,,,,,,,,,,,,
"Using row-wise labels from the camera's perspective: 1 to 5 for the first row, 6 to 10 for the second row, and 11 to 14 for the third row, excluding the duplicate count of the largest pan. For a same burger ordered without tomato, which pans should the chef reach into?",/nas2/benchmarks/vpi/real/processed/cooking/0006_pt3.mp4,cooking,No,Location,Set,Willis,"Action ambiguity, Camera motion",,,FALSE,,,,,,,,,,,,,,,,,,,,
How many slices of yokan are made from the big piece of yokan in total?,/nas2/benchmarks/vpi/real/processed/street_food/0001_pt1.mp4,street_food,No,Count,Atmoic,Willis,"Camera motion, Homogeneity",Counter,Readout,FALSE,,,,,,,,,,,,,,,,,,,,No
"Based on the serving method shown in the video, how many slices of bread can you serve with the large piece of yokan?",/nas2/benchmarks/vpi/real/processed/street_food/0001_pt1.mp4,street_food,No,Count,Atmoic,Willis,"Camera motion, Homogeneity",Counter,Project,FALSE,,,,,,,,,,,,,,,,,,,,No
"If the steel plate used to slice the yokan is twice as thick as the one shown in the video, how many slices can be cut from the entire block?",/nas2/benchmarks/vpi/real/processed/street_food/0001_pt1.mp4,street_food,No,Count,Atmoic,Willis,"Camera motion, Homogeneity",Counter,Project,FALSE,,,,,,,,,,,,,,,,,,,,No
How many total serves occur during the video?,/nas2/benchmarks/vpi/real/processed/tennis/0001_pt1.mp4,tennis,No,Count,Atmoic,Willis,"Action ambiguity, Multi-entity attribution",Counter,Readout,FALSE,,,,,,,,,,,,,,,,,,,,No
How many times does the blue-shirt player score?,/nas2/benchmarks/vpi/real/processed/tennis/0001_pt1.mp4,tennis,,,,Willis,"Action ambiguity, Multi-entity attribution",Counter,Readout,TRUE,,,,,,,,,,,,,,,,,,,,No
How many times does the white-shirt player score?,/nas2/benchmarks/vpi/real/processed/tennis/0001_pt1.mp4,tennis,No,Count,Atmoic,Willis,"Action ambiguity, Multi-entity attribution",Counter,Readout,FALSE,,,,,,,,,,,,,,,,,,,,No
How many times does the blue-shirt player return the ball?,/nas2/benchmarks/vpi/real/processed/tennis/0001_pt1.mp4,tennis,,,,Willis,"Action ambiguity, Multi-entity attribution",Counter,Readout,TRUE,,,,,,,,,,,,,,,,,,,,No
How many times does the white-shirt player return the ball?,/nas2/benchmarks/vpi/real/processed/tennis/0001_pt1.mp4,tennis,No,Count,Atmoic,Willis,"Action ambiguity, Multi-entity attribution",Counter,Readout,FALSE,,,,,,,,,,,,,,,,,,,,No
How many times does the blue-shirt player return the ball with forehand?,/nas2/benchmarks/vpi/real/processed/tennis/0001_pt1.mp4,tennis,,,,Willis,"Action ambiguity, Multi-entity attribution",Counter,Readout,TRUE,,,,,,,,,,,,,,,,,,,,No
How many times does the blue-shirt player return the ball with backhand?,/nas2/benchmarks/vpi/real/processed/tennis/0001_pt1.mp4,tennis,No,Count,Atmoic,Willis,"Action ambiguity, Multi-entity attribution",Counter,Readout,FALSE,,,,,,,,,,,,,,,,,,,,No
What's the ratio of the blue-shirt player's forehand to total returns? Round to the nearest integer in percentage.,/nas2/benchmarks/vpi/real/processed/tennis/0001_pt1.mp4,tennis,No,Count,Dict,Willis,"Action ambiguity, Multi-entity attribution",Indexed counters,Aggregate,FALSE,,,,,,,,,,,,,,,,,,,,No
What's the ratio of the blue-shirt player's backhand to total returns? Round to the nearest integer in percentage.,/nas2/benchmarks/vpi/real/processed/tennis/0001_pt1.mp4,tennis,No,Count,Dict,Willis,"Action ambiguity, Multi-entity attribution",Indexed counters,Aggregate,FALSE,,,,,,,,,,,,,,,,,,,,No
How many times does the white-shirt player return the ball with forehand?,/nas2/benchmarks/vpi/real/processed/tennis/0001_pt1.mp4,tennis,No,Count,Atmoic,Willis,"Action ambiguity, Multi-entity attribution",Counter,Readout,FALSE,,,,,,,,,,,,,,,,,,,,No
How many times does the white-shirt player return the ball with backhand?,/nas2/benchmarks/vpi/real/processed/tennis/0001_pt1.mp4,tennis,,,,Willis,"Action ambiguity, Multi-entity attribution",Counter,Readout,TRUE,,,,,,,,,,,,,,,,,,,,No
What's the ratio of the white-shirt player's forehand to total returns? Round to the nearest integer in percentage.,/nas2/benchmarks/vpi/real/processed/tennis/0001_pt1.mp4,tennis,,,,Willis,"Action ambiguity, Multi-entity attribution",Indexed counters,Aggregate,TRUE,,,,,,,,,,,,,,,,,,,,No
What's the ratio of the white-shirt player's backhand to total returns? Round to the nearest integer in percentage.,/nas2/benchmarks/vpi/real/processed/tennis/0001_pt1.mp4,tennis,,,,Willis,"Action ambiguity, Multi-entity attribution",Indexed counters,Aggregate,TRUE,,,,,,,,,,,,,,,,,,,,No
How many total serves occur during the video?,/nas2/benchmarks/vpi/real/processed/tennis/0001_pt10.mp4,tennis,,,,Willis,"Action ambiguity, Multi-entity attribution",Counter,Readout,TRUE,,,,,,,,,,,,,,,,,,,,No
How many times does the red-shirt player score?,/nas2/benchmarks/vpi/real/processed/tennis/0001_pt10.mp4,tennis,,,,Willis,"Action ambiguity, Multi-entity attribution",Counter,Readout,TRUE,,,,,,,,,,,,,,,,,,,,No
How many times does the white-shirt player score?,/nas2/benchmarks/vpi/real/processed/tennis/0001_pt10.mp4,tennis,,,,Willis,"Action ambiguity, Multi-entity attribution",Counter,Readout,TRUE,,,,,,,,,,,,,,,,,,,,No
How many times does the red-shirt player return the ball?,/nas2/benchmarks/vpi/real/processed/tennis/0001_pt10.mp4,tennis,,,,Willis,"Action ambiguity, Multi-entity attribution",Counter,Readout,TRUE,,,,,,,,,,,,,,,,,,,,No
How many times does the white-shirt player return the ball?,/nas2/benchmarks/vpi/real/processed/tennis/0001_pt10.mp4,tennis,,,,Willis,"Action ambiguity, Multi-entity attribution",Counter,Readout,TRUE,,,,,,,,,,,,,,,,,,,,No
How many times does the red-shirt player return the ball with forehand?,/nas2/benchmarks/vpi/real/processed/tennis/0001_pt10.mp4,tennis,,,,Willis,"Action ambiguity, Multi-entity attribution",Counter,Readout,TRUE,,,,,,,,,,,,,,,,,,,,No
How many times does the red-shirt player return the ball with backhand?,/nas2/benchmarks/vpi/real/processed/tennis/0001_pt10.mp4,tennis,,,,Willis,"Action ambiguity, Multi-entity attribution",Counter,Readout,TRUE,,,,,,,,,,,,,,,,,,,,No
What's the ratio of the red-shirt player's forehand to total returns? Round to the nearest integer in percentage.,/nas2/benchmarks/vpi/real/processed/tennis/0001_pt10.mp4,tennis,,,,Willis,"Action ambiguity, Multi-entity attribution",Indexed counters,Aggregate,TRUE,,,,,,,,,,,,,,,,,,,,No
What's the ratio of the red-shirt player's backhand to total returns? Round to the nearest integer in percentage.,/nas2/benchmarks/vpi/real/processed/tennis/0001_pt10.mp4,tennis,,,,Willis,"Action ambiguity, Multi-entity attribution",Indexed counters,Aggregate,TRUE,,,,,,,,,,,,,,,,,,,,No
How many times does the white-shirt player return the ball with forehand?,/nas2/benchmarks/vpi/real/processed/tennis/0001_pt10.mp4,tennis,,,,Willis,"Action ambiguity, Multi-entity attribution",Counter,Readout,TRUE,,,,,,,,,,,,,,,,,,,,No
How many times does the white-shirt player return the ball with backhand?,/nas2/benchmarks/vpi/real/processed/tennis/0001_pt10.mp4,tennis,,,,Willis,"Action ambiguity, Multi-entity attribution",Counter,Readout,TRUE,,,,,,,,,,,,,,,,,,,,No
What's the ratio of the white-shirt player's forehand to total returns? Round to the nearest integer in percentage.,/nas2/benchmarks/vpi/real/processed/tennis/0001_pt10.mp4,tennis,,,,Willis,"Action ambiguity, Multi-entity attribution",Indexed counters,Aggregate,TRUE,,,,,,,,,,,,,,,,,,,,No
What's the ratio of the white-shirt player's backhand to total returns? Round to the nearest integer in percentage.,/nas2/benchmarks/vpi/real/processed/tennis/0001_pt10.mp4,tennis,,,,Willis,"Action ambiguity, Multi-entity attribution",Indexed counters,Aggregate,TRUE,,,,,,,,,,,,,,,,,,,,No
How many times does the blue-shirt player score?,/nas2/benchmarks/vpi/real/processed/tennis/0001_pt2.mp4,tennis,,,,Willis,"Action ambiguity, Multi-entity attribution",Counter,Readout,TRUE,,,,,,,,,,,,,,,,,,,,No
How many times does the white-shirt player score?,/nas2/benchmarks/vpi/real/processed/tennis/0001_pt2.mp4,tennis,No,Count,Atmoic,Willis,"Action ambiguity, Multi-entity attribution",Counter,Readout,FALSE,,,,,,,,,,,,,,,,,,,,No
How many times does the blue-shirt player return the ball?,/nas2/benchmarks/vpi/real/processed/tennis/0001_pt2.mp4,tennis,,,,Willis,"Action ambiguity, Multi-entity attribution",Counter,Readout,TRUE,,,,,,,,,,,,,,,,,,,,No
How many times does the white-shirt player return the ball?,/nas2/benchmarks/vpi/real/processed/tennis/0001_pt2.mp4,tennis,No,Count,Atmoic,Willis,"Action ambiguity, Multi-entity attribution",Counter,Readout,FALSE,,,,,,,,,,,,,,,,,,,,No
How many times does the blue-shirt player return the ball with forehand?,/nas2/benchmarks/vpi/real/processed/tennis/0001_pt2.mp4,tennis,,,,Willis,"Action ambiguity, Multi-entity attribution",Counter,Readout,TRUE,,,,,,,,,,,,,,,,,,,,No
How many times does the blue-shirt player return the ball with backhand?,/nas2/benchmarks/vpi/real/processed/tennis/0001_pt2.mp4,tennis,No,Count,Atmoic,Willis,"Action ambiguity, Multi-entity attribution",Counter,Readout,FALSE,,,,,,,,,,,,,,,,,,,,No
What's the ratio of the blue-shirt player's forehand to total returns? Round to the nearest integer in percentage.,/nas2/benchmarks/vpi/real/processed/tennis/0001_pt2.mp4,tennis,No,Count,Dict,Willis,"Action ambiguity, Multi-entity attribution",Indexed counters,Aggregate,FALSE,,,,,,,,,,,,,,,,,,,,No
What's the ratio of the blue-shirt player's backhand to total returns? Round to the nearest integer in percentage.,/nas2/benchmarks/vpi/real/processed/tennis/0001_pt2.mp4,tennis,No,Count,Dict,Willis,"Action ambiguity, Multi-entity attribution",Indexed counters,Aggregate,FALSE,,,,,,,,,,,,,,,,,,,,No
How many times does the white-shirt player return the ball with forehand?,/nas2/benchmarks/vpi/real/processed/tennis/0001_pt2.mp4,tennis,No,Count,Atmoic,Willis,"Action ambiguity, Multi-entity attribution",Counter,Readout,FALSE,,,,,,,,,,,,,,,,,,,,No
How many times does the white-shirt player return the ball with backhand?,/nas2/benchmarks/vpi/real/processed/tennis/0001_pt2.mp4,tennis,,,,Willis,"Action ambiguity, Multi-entity attribution",Counter,Readout,TRUE,,,,,,,,,,,,,,,,,,,,No
What's the ratio of the white-shirt player's forehand to total returns? Round to the nearest integer in percentage.,/nas2/benchmarks/vpi/real/processed/tennis/0001_pt2.mp4,tennis,,,,Willis,"Action ambiguity, Multi-entity attribution",Indexed counters,Aggregate,TRUE,,,,,,,,,,,,,,,,,,,,No
What's the ratio of the white-shirt player's backhand to total returns? Round to the nearest integer in percentage.,/nas2/benchmarks/vpi/real/processed/tennis/0001_pt2.mp4,tennis,,,,Willis,"Action ambiguity, Multi-entity attribution",Indexed counters,Aggregate,TRUE,,,,,,,,,,,,,,,,,,,,No
How many total serves occur during the video?,/nas2/benchmarks/vpi/real/processed/tennis/0001_pt2.mp4,tennis,,,,Willis,"Action ambiguity, Multi-entity attribution",Counter,Readout,TRUE,,,,,,,,,,,,,,,,,,,,No
How many times does the blue-shirt player score?,/nas2/benchmarks/vpi/real/processed/tennis/0001_pt3.mp4,tennis,,,,Willis,"Action ambiguity, Multi-entity attribution",Counter,Readout,TRUE,,,,,,,,,,,,,,,,,,,,No
How many times does the white-shirt player score?,/nas2/benchmarks/vpi/real/processed/tennis/0001_pt3.mp4,tennis,,,,Willis,"Action ambiguity, Multi-entity attribution",Counter,Readout,TRUE,,,,,,,,,,,,,,,,,,,,No
How many times does the blue-shirt player return the ball?,/nas2/benchmarks/vpi/real/processed/tennis/0001_pt3.mp4,tennis,,,,Willis,"Action ambiguity, Multi-entity attribution",Counter,Readout,TRUE,,,,,,,,,,,,,,,,,,,,No
How many times does the white-shirt player return the ball?,/nas2/benchmarks/vpi/real/processed/tennis/0001_pt3.mp4,tennis,No,Count,Atmoic,Willis,"Action ambiguity, Multi-entity attribution",Counter,Readout,FALSE,,,,,,,,,,,,,,,,,,,,No
How many times does the blue-shirt player return the ball with forehand?,/nas2/benchmarks/vpi/real/processed/tennis/0001_pt3.mp4,tennis,,,,Willis,"Action ambiguity, Multi-entity attribution",Counter,Readout,TRUE,,,,,,,,,,,,,,,,,,,,No
How many times does the blue-shirt player return the ball with backhand?,/nas2/benchmarks/vpi/real/processed/tennis/0001_pt3.mp4,tennis,No,Count,Atmoic,Willis,"Action ambiguity, Multi-entity attribution",Counter,Readout,FALSE,,,,,,,,,,,,,,,,,,,,No
What's the ratio of the blue-shirt player's forehand to total returns? Round to the nearest integer in percentage.,/nas2/benchmarks/vpi/real/processed/tennis/0001_pt3.mp4,tennis,No,Count,Dict,Willis,"Action ambiguity, Multi-entity attribution",Indexed counters,Aggregate,FALSE,,,,,,,,,,,,,,,,,,,,No
What's the ratio of the blue-shirt player's backhand to total returns? Round to the nearest integer in percentage.,/nas2/benchmarks/vpi/real/processed/tennis/0001_pt3.mp4,tennis,No,Count,Dict,Willis,"Action ambiguity, Multi-entity attribution",Indexed counters,Aggregate,FALSE,,,,,,,,,,,,,,,,,,,,No
How many times does the white-shirt player return the ball with forehand?,/nas2/benchmarks/vpi/real/processed/tennis/0001_pt3.mp4,tennis,No,Count,Atmoic,Willis,"Action ambiguity, Multi-entity attribution",Counter,Readout,FALSE,,,,,,,,,,,,,,,,,,,,No
How many times does the white-shirt player return the ball with backhand?,/nas2/benchmarks/vpi/real/processed/tennis/0001_pt3.mp4,tennis,,,,Willis,"Action ambiguity, Multi-entity attribution",Counter,Readout,TRUE,,,,,,,,,,,,,,,,,,,,No
What's the ratio of the white-shirt player's forehand to total returns? Round to the nearest integer in percentage.,/nas2/benchmarks/vpi/real/processed/tennis/0001_pt3.mp4,tennis,,,,Willis,"Action ambiguity, Multi-entity attribution",Indexed counters,Aggregate,TRUE,,,,,,,,,,,,,,,,,,,,No
What's the ratio of the white-shirt player's backhand to total returns? Round to the nearest integer in percentage.,/nas2/benchmarks/vpi/real/processed/tennis/0001_pt3.mp4,tennis,,,,Willis,"Action ambiguity, Multi-entity attribution",Indexed counters,Aggregate,TRUE,,,,,,,,,,,,,,,,,,,,No
How many total serves occur during the video?,/nas2/benchmarks/vpi/real/processed/tennis/0001_pt3.mp4,tennis,,,,Willis,"Action ambiguity, Multi-entity attribution",Counter,Readout,TRUE,,,,,,,,,,,,,,,,,,,,No
How many times does the blue-shirt player score?,/nas2/benchmarks/vpi/real/processed/tennis/0001_pt4.mp4,tennis,,,,Willis,"Action ambiguity, Multi-entity attribution",Counter,Readout,TRUE,,,,,,,,,,,,,,,,,,,,No
How many times does the white-shirt player score?,/nas2/benchmarks/vpi/real/processed/tennis/0001_pt4.mp4,tennis,,,,Willis,"Action ambiguity, Multi-entity attribution",Counter,Readout,TRUE,,,,,,,,,,,,,,,,,,,,No
How many times does the blue-shirt player return the ball?,/nas2/benchmarks/vpi/real/processed/tennis/0001_pt4.mp4,tennis,,,,Willis,"Action ambiguity, Multi-entity attribution",Counter,Readout,TRUE,,,,,,,,,,,,,,,,,,,,No
How many times does the white-shirt player return the ball?,/nas2/benchmarks/vpi/real/processed/tennis/0001_pt4.mp4,tennis,No,Count,Atmoic,Willis,"Action ambiguity, Multi-entity attribution",Counter,Readout,FALSE,,,,,,,,,,,,,,,,,,,,No
How many times does the blue-shirt player return the ball with forehand?,/nas2/benchmarks/vpi/real/processed/tennis/0001_pt4.mp4,tennis,,,,Willis,"Action ambiguity, Multi-entity attribution",Counter,Readout,TRUE,,,,,,,,,,,,,,,,,,,,No
How many times does the blue-shirt player return the ball with backhand?,/nas2/benchmarks/vpi/real/processed/tennis/0001_pt4.mp4,tennis,No,Count,Atmoic,Willis,"Action ambiguity, Multi-entity attribution",Counter,Readout,FALSE,,,,,,,,,,,,,,,,,,,,No
What's the ratio of the blue-shirt player's forehand to total returns? Round to the nearest integer in percentage.,/nas2/benchmarks/vpi/real/processed/tennis/0001_pt4.mp4,tennis,No,Count,Dict,Willis,"Action ambiguity, Multi-entity attribution",Indexed counters,Aggregate,FALSE,,,,,,,,,,,,,,,,,,,,No
What's the ratio of the blue-shirt player's backhand to total returns? Round to the nearest integer in percentage.,/nas2/benchmarks/vpi/real/processed/tennis/0001_pt4.mp4,tennis,No,Count,Dict,Willis,"Action ambiguity, Multi-entity attribution",Indexed counters,Aggregate,FALSE,,,,,,,,,,,,,,,,,,,,No
How many times does the white-shirt player return the ball with forehand?,/nas2/benchmarks/vpi/real/processed/tennis/0001_pt4.mp4,tennis,No,Count,Atmoic,Willis,"Action ambiguity, Multi-entity attribution",Counter,Readout,FALSE,,,,,,,,,,,,,,,,,,,,No
How many times does the white-shirt player return the ball with backhand?,/nas2/benchmarks/vpi/real/processed/tennis/0001_pt4.mp4,tennis,,,,Willis,"Action ambiguity, Multi-entity attribution",Counter,Readout,TRUE,,,,,,,,,,,,,,,,,,,,No
What's the ratio of the white-shirt player's forehand to total returns? Round to the nearest integer in percentage.,/nas2/benchmarks/vpi/real/processed/tennis/0001_pt4.mp4,tennis,,,,Willis,"Action ambiguity, Multi-entity attribution",Indexed counters,Aggregate,TRUE,,,,,,,,,,,,,,,,,,,,No
What's the ratio of the white-shirt player's backhand to total returns? Round to the nearest integer in percentage.,/nas2/benchmarks/vpi/real/processed/tennis/0001_pt4.mp4,tennis,,,,Willis,"Action ambiguity, Multi-entity attribution",Indexed counters,Aggregate,TRUE,,,,,,,,,,,,,,,,,,,,No
How many total serves occur during the video?,/nas2/benchmarks/vpi/real/processed/tennis/0001_pt4.mp4,tennis,,,,Willis,"Action ambiguity, Multi-entity attribution",Counter,Readout,TRUE,,,,,,,,,,,,,,,,,,,,No
How many times does the blue-shirt player score?,/nas2/benchmarks/vpi/real/processed/tennis/0001_pt5.mp4,tennis,,,,Willis,"Action ambiguity, Multi-entity attribution",Counter,Readout,TRUE,,,,,,,,,,,,,,,,,,,,No
How many times does the white-shirt player score?,/nas2/benchmarks/vpi/real/processed/tennis/0001_pt5.mp4,tennis,,,,Willis,"Action ambiguity, Multi-entity attribution",Counter,Readout,TRUE,,,,,,,,,,,,,,,,,,,,No
How many times does the blue-shirt player return the ball?,/nas2/benchmarks/vpi/real/processed/tennis/0001_pt5.mp4,tennis,,,,Willis,"Action ambiguity, Multi-entity attribution",Counter,Readout,TRUE,,,,,,,,,,,,,,,,,,,,No
How many times does the white-shirt player return the ball?,/nas2/benchmarks/vpi/real/processed/tennis/0001_pt5.mp4,tennis,No,Count,Atmoic,Willis,"Action ambiguity, Multi-entity attribution",Counter,Readout,FALSE,,,,,,,,,,,,,,,,,,,,No
How many times does the blue-shirt player return the ball with forehand?,/nas2/benchmarks/vpi/real/processed/tennis/0001_pt5.mp4,tennis,,,,Willis,"Action ambiguity, Multi-entity attribution",Counter,Readout,TRUE,,,,,,,,,,,,,,,,,,,,No
How many times does the blue-shirt player return the ball with backhand?,/nas2/benchmarks/vpi/real/processed/tennis/0001_pt5.mp4,tennis,No,Count,Atmoic,Willis,"Action ambiguity, Multi-entity attribution",Counter,Readout,FALSE,,,,,,,,,,,,,,,,,,,,No
What's the ratio of the blue-shirt player's forehand to total returns? Round to the nearest integer in percentage.,/nas2/benchmarks/vpi/real/processed/tennis/0001_pt5.mp4,tennis,No,Count,Dict,Willis,"Action ambiguity, Multi-entity attribution",Indexed counters,Aggregate,FALSE,,,,,,,,,,,,,,,,,,,,No
What's the ratio of the blue-shirt player's backhand to total returns? Round to the nearest integer in percentage.,/nas2/benchmarks/vpi/real/processed/tennis/0001_pt5.mp4,tennis,No,Count,Dict,Willis,"Action ambiguity, Multi-entity attribution",Indexed counters,Aggregate,FALSE,,,,,,,,,,,,,,,,,,,,No
How many times does the white-shirt player return the ball with forehand?,/nas2/benchmarks/vpi/real/processed/tennis/0001_pt5.mp4,tennis,No,Count,Atmoic,Willis,"Action ambiguity, Multi-entity attribution",Counter,Readout,FALSE,,,,,,,,,,,,,,,,,,,,No
How many times does the white-shirt player return the ball with backhand?,/nas2/benchmarks/vpi/real/processed/tennis/0001_pt5.mp4,tennis,,,,Willis,"Action ambiguity, Multi-entity attribution",Counter,Readout,TRUE,,,,,,,,,,,,,,,,,,,,No
What's the ratio of the white-shirt player's forehand to total returns? Round to the nearest integer in percentage.,/nas2/benchmarks/vpi/real/processed/tennis/0001_pt5.mp4,tennis,,,,Willis,"Action ambiguity, Multi-entity attribution",Indexed counters,Aggregate,TRUE,,,,,,,,,,,,,,,,,,,,No
What's the ratio of the white-shirt player's backhand to total returns? Round to the nearest integer in percentage.,/nas2/benchmarks/vpi/real/processed/tennis/0001_pt5.mp4,tennis,,,,Willis,"Action ambiguity, Multi-entity attribution",Indexed counters,Aggregate,TRUE,,,,,,,,,,,,,,,,,,,,No
How many total serves occur during the video?,/nas2/benchmarks/vpi/real/processed/tennis/0001_pt5.mp4,tennis,,,,Willis,"Action ambiguity, Multi-entity attribution",Counter,Readout,TRUE,,,,,,,,,,,,,,,,,,,,No
How many times does the blue-shirt player score?,/nas2/benchmarks/vpi/real/processed/tennis/0001_pt6.mp4,tennis,,,,Willis,"Action ambiguity, Multi-entity attribution",Counter,Readout,TRUE,,,,,,,,,,,,,,,,,,,,No
How many times does the white-shirt player score?,/nas2/benchmarks/vpi/real/processed/tennis/0001_pt6.mp4,tennis,,,,Willis,"Action ambiguity, Multi-entity attribution",Counter,Readout,TRUE,,,,,,,,,,,,,,,,,,,,No
How many times does the blue-shirt player return the ball?,/nas2/benchmarks/vpi/real/processed/tennis/0001_pt6.mp4,tennis,,,,Willis,"Action ambiguity, Multi-entity attribution",Counter,Readout,TRUE,,,,,,,,,,,,,,,,,,,,No
How many times does the white-shirt player return the ball?,/nas2/benchmarks/vpi/real/processed/tennis/0001_pt6.mp4,tennis,No,Count,Atmoic,Willis,"Action ambiguity, Multi-entity attribution",Counter,Readout,FALSE,,,,,,,,,,,,,,,,,,,,No
How many times does the blue-shirt player return the ball with forehand?,/nas2/benchmarks/vpi/real/processed/tennis/0001_pt6.mp4,tennis,,,,Willis,"Action ambiguity, Multi-entity attribution",Counter,Readout,TRUE,,,,,,,,,,,,,,,,,,,,No
How many times does the blue-shirt player return the ball with backhand?,/nas2/benchmarks/vpi/real/processed/tennis/0001_pt6.mp4,tennis,No,Count,Atmoic,Willis,"Action ambiguity, Multi-entity attribution",Counter,Readout,FALSE,,,,,,,,,,,,,,,,,,,,No
What's the ratio of the blue-shirt player's forehand to total returns? Round to the nearest integer in percentage.,/nas2/benchmarks/vpi/real/processed/tennis/0001_pt6.mp4,tennis,No,Count,Dict,Willis,"Action ambiguity, Multi-entity attribution",Indexed counters,Aggregate,FALSE,,,,,,,,,,,,,,,,,,,,No
What's the ratio of the blue-shirt player's backhand to total returns? Round to the nearest integer in percentage.,/nas2/benchmarks/vpi/real/processed/tennis/0001_pt6.mp4,tennis,No,Count,Dict,Willis,"Action ambiguity, Multi-entity attribution",Indexed counters,Aggregate,FALSE,,,,,,,,,,,,,,,,,,,,No
How many times does the white-shirt player return the ball with forehand?,/nas2/benchmarks/vpi/real/processed/tennis/0001_pt6.mp4,tennis,No,Count,Atmoic,Willis,"Action ambiguity, Multi-entity attribution",Counter,Readout,FALSE,,,,,,,,,,,,,,,,,,,,No
How many times does the white-shirt player return the ball with backhand?,/nas2/benchmarks/vpi/real/processed/tennis/0001_pt6.mp4,tennis,,,,Willis,"Action ambiguity, Multi-entity attribution",Counter,Readout,TRUE,,,,,,,,,,,,,,,,,,,,No
What's the ratio of the white-shirt player's forehand to total returns? Round to the nearest integer in percentage.,/nas2/benchmarks/vpi/real/processed/tennis/0001_pt6.mp4,tennis,,,,Willis,"Action ambiguity, Multi-entity attribution",Indexed counters,Aggregate,TRUE,,,,,,,,,,,,,,,,,,,,No
What's the ratio of the white-shirt player's backhand to total returns? Round to the nearest integer in percentage.,/nas2/benchmarks/vpi/real/processed/tennis/0001_pt6.mp4,tennis,,,,Willis,"Action ambiguity, Multi-entity attribution",Indexed counters,Aggregate,TRUE,,,,,,,,,,,,,,,,,,,,No
How many total serves occur during the video?,/nas2/benchmarks/vpi/real/processed/tennis/0001_pt6.mp4,tennis,,,,Willis,"Action ambiguity, Multi-entity attribution",Counter,Readout,TRUE,,,,,,,,,,,,,,,,,,,,No
How many total serves occur during the video?,/nas2/benchmarks/vpi/real/processed/tennis/0001_pt7.mp4,tennis,,,,Willis,"Action ambiguity, Multi-entity attribution",Counter,Readout,TRUE,,,,,,,,,,,,,,,,,,,,No
How many times does the red-shirt player score?,/nas2/benchmarks/vpi/real/processed/tennis/0001_pt7.mp4,tennis,,,,Willis,"Action ambiguity, Multi-entity attribution",Counter,Readout,TRUE,,,,,,,,,,,,,,,,,,,,No
How many times does the white-shirt player score?,/nas2/benchmarks/vpi/real/processed/tennis/0001_pt7.mp4,tennis,,,,Willis,"Action ambiguity, Multi-entity attribution",Counter,Readout,TRUE,,,,,,,,,,,,,,,,,,,,No
How many times does the red-shirt player return the ball?,/nas2/benchmarks/vpi/real/processed/tennis/0001_pt7.mp4,tennis,,,,Willis,"Action ambiguity, Multi-entity attribution",Counter,Readout,TRUE,,,,,,,,,,,,,,,,,,,,No
How many times does the white-shirt player return the ball?,/nas2/benchmarks/vpi/real/processed/tennis/0001_pt7.mp4,tennis,,,,Willis,"Action ambiguity, Multi-entity attribution",Counter,Readout,TRUE,,,,,,,,,,,,,,,,,,,,No
How many times does the red-shirt player return the ball with forehand?,/nas2/benchmarks/vpi/real/processed/tennis/0001_pt7.mp4,tennis,,,,Willis,"Action ambiguity, Multi-entity attribution",Counter,Readout,TRUE,,,,,,,,,,,,,,,,,,,,No
How many times does the red-shirt player return the ball with backhand?,/nas2/benchmarks/vpi/real/processed/tennis/0001_pt7.mp4,tennis,,,,Willis,"Action ambiguity, Multi-entity attribution",Counter,Readout,TRUE,,,,,,,,,,,,,,,,,,,,No
What's the ratio of the red-shirt player's forehand to total returns? Round to the nearest integer in percentage.,/nas2/benchmarks/vpi/real/processed/tennis/0001_pt7.mp4,tennis,,,,Willis,"Action ambiguity, Multi-entity attribution",Indexed counters,Aggregate,TRUE,,,,,,,,,,,,,,,,,,,,No
What's the ratio of the red-shirt player's backhand to total returns? Round to the nearest integer in percentage.,/nas2/benchmarks/vpi/real/processed/tennis/0001_pt7.mp4,tennis,,,,Willis,"Action ambiguity, Multi-entity attribution",Indexed counters,Aggregate,TRUE,,,,,,,,,,,,,,,,,,,,No
How many times does the white-shirt player return the ball with forehand?,/nas2/benchmarks/vpi/real/processed/tennis/0001_pt7.mp4,tennis,,,,Willis,"Action ambiguity, Multi-entity attribution",Counter,Readout,TRUE,,,,,,,,,,,,,,,,,,,,No
How many times does the white-shirt player return the ball with backhand?,/nas2/benchmarks/vpi/real/processed/tennis/0001_pt7.mp4,tennis,,,,Willis,"Action ambiguity, Multi-entity attribution",Counter,Readout,TRUE,,,,,,,,,,,,,,,,,,,,No
What's the ratio of the white-shirt player's forehand to total returns? Round to the nearest integer in percentage.,/nas2/benchmarks/vpi/real/processed/tennis/0001_pt7.mp4,tennis,,,,Willis,"Action ambiguity, Multi-entity attribution",Indexed counters,Aggregate,TRUE,,,,,,,,,,,,,,,,,,,,No
What's the ratio of the white-shirt player's backhand to total returns? Round to the nearest integer in percentage.,/nas2/benchmarks/vpi/real/processed/tennis/0001_pt7.mp4,tennis,,,,Willis,"Action ambiguity, Multi-entity attribution",Indexed counters,Aggregate,TRUE,,,,,,,,,,,,,,,,,,,,No
How many total serves occur during the video?,/nas2/benchmarks/vpi/real/processed/tennis/0001_pt8.mp4,tennis,,,,Willis,"Action ambiguity, Multi-entity attribution",Counter,Readout,TRUE,,,,,,,,,,,,,,,,,,,,No
How many times does the red-shirt player score?,/nas2/benchmarks/vpi/real/processed/tennis/0001_pt8.mp4,tennis,,,,Willis,"Action ambiguity, Multi-entity attribution",Counter,Readout,TRUE,,,,,,,,,,,,,,,,,,,,No
How many times does the white-shirt player score?,/nas2/benchmarks/vpi/real/processed/tennis/0001_pt8.mp4,tennis,,,,Willis,"Action ambiguity, Multi-entity attribution",Counter,Readout,TRUE,,,,,,,,,,,,,,,,,,,,No
How many times does the red-shirt player return the ball?,/nas2/benchmarks/vpi/real/processed/tennis/0001_pt8.mp4,tennis,,,,Willis,"Action ambiguity, Multi-entity attribution",Counter,Readout,TRUE,,,,,,,,,,,,,,,,,,,,No
How many times does the white-shirt player return the ball?,/nas2/benchmarks/vpi/real/processed/tennis/0001_pt8.mp4,tennis,,,,Willis,"Action ambiguity, Multi-entity attribution",Counter,Readout,TRUE,,,,,,,,,,,,,,,,,,,,No
How many times does the red-shirt player return the ball with forehand?,/nas2/benchmarks/vpi/real/processed/tennis/0001_pt8.mp4,tennis,,,,Willis,"Action ambiguity, Multi-entity attribution",Counter,Readout,TRUE,,,,,,,,,,,,,,,,,,,,No
How many times does the red-shirt player return the ball with backhand?,/nas2/benchmarks/vpi/real/processed/tennis/0001_pt8.mp4,tennis,,,,Willis,"Action ambiguity, Multi-entity attribution",Counter,Readout,TRUE,,,,,,,,,,,,,,,,,,,,No
What's the ratio of the red-shirt player's forehand to total returns? Round to the nearest integer in percentage.,/nas2/benchmarks/vpi/real/processed/tennis/0001_pt8.mp4,tennis,,,,Willis,"Action ambiguity, Multi-entity attribution",Indexed counters,Aggregate,TRUE,,,,,,,,,,,,,,,,,,,,No
What's the ratio of the red-shirt player's backhand to total returns? Round to the nearest integer in percentage.,/nas2/benchmarks/vpi/real/processed/tennis/0001_pt8.mp4,tennis,,,,Willis,"Action ambiguity, Multi-entity attribution",Indexed counters,Aggregate,TRUE,,,,,,,,,,,,,,,,,,,,No
How many times does the white-shirt player return the ball with forehand?,/nas2/benchmarks/vpi/real/processed/tennis/0001_pt8.mp4,tennis,,,,Willis,"Action ambiguity, Multi-entity attribution",Counter,Readout,TRUE,,,,,,,,,,,,,,,,,,,,No
How many times does the white-shirt player return the ball with backhand?,/nas2/benchmarks/vpi/real/processed/tennis/0001_pt8.mp4,tennis,,,,Willis,"Action ambiguity, Multi-entity attribution",Counter,Readout,TRUE,,,,,,,,,,,,,,,,,,,,No
What's the ratio of the white-shirt player's forehand to total returns? Round to the nearest integer in percentage.,/nas2/benchmarks/vpi/real/processed/tennis/0001_pt8.mp4,tennis,,,,Willis,"Action ambiguity, Multi-entity attribution",Indexed counters,Aggregate,TRUE,,,,,,,,,,,,,,,,,,,,No
What's the ratio of the white-shirt player's backhand to total returns? Round to the nearest integer in percentage.,/nas2/benchmarks/vpi/real/processed/tennis/0001_pt8.mp4,tennis,,,,Willis,"Action ambiguity, Multi-entity attribution",Indexed counters,Aggregate,TRUE,,,,,,,,,,,,,,,,,,,,No
How many total serves occur during the video?,/nas2/benchmarks/vpi/real/processed/tennis/0001_pt9.mp4,tennis,,,,Willis,"Action ambiguity, Multi-entity attribution",Counter,Readout,TRUE,,,,,,,,,,,,,,,,,,,,No
How many times does the red-shirt player score?,/nas2/benchmarks/vpi/real/processed/tennis/0001_pt9.mp4,tennis,,,,Willis,"Action ambiguity, Multi-entity attribution",Counter,Readout,TRUE,,,,,,,,,,,,,,,,,,,,No
How many times does the white-shirt player score?,/nas2/benchmarks/vpi/real/processed/tennis/0001_pt9.mp4,tennis,,,,Willis,"Action ambiguity, Multi-entity attribution",Counter,Readout,TRUE,,,,,,,,,,,,,,,,,,,,No
How many times does the red-shirt player return the ball?,/nas2/benchmarks/vpi/real/processed/tennis/0001_pt9.mp4,tennis,,,,Willis,"Action ambiguity, Multi-entity attribution",Counter,Readout,TRUE,,,,,,,,,,,,,,,,,,,,No
How many times does the white-shirt player return the ball?,/nas2/benchmarks/vpi/real/processed/tennis/0001_pt9.mp4,tennis,,,,Willis,"Action ambiguity, Multi-entity attribution",Counter,Readout,TRUE,,,,,,,,,,,,,,,,,,,,No
How many times does the red-shirt player return the ball with forehand?,/nas2/benchmarks/vpi/real/processed/tennis/0001_pt9.mp4,tennis,,,,Willis,"Action ambiguity, Multi-entity attribution",Counter,Readout,TRUE,,,,,,,,,,,,,,,,,,,,No
How many times does the red-shirt player return the ball with backhand?,/nas2/benchmarks/vpi/real/processed/tennis/0001_pt9.mp4,tennis,,,,Willis,"Action ambiguity, Multi-entity attribution",Counter,Readout,TRUE,,,,,,,,,,,,,,,,,,,,No
What's the ratio of the red-shirt player's forehand to total returns? Round to the nearest integer in percentage.,/nas2/benchmarks/vpi/real/processed/tennis/0001_pt9.mp4,tennis,,,,Willis,"Action ambiguity, Multi-entity attribution",Indexed counters,Aggregate,TRUE,,,,,,,,,,,,,,,,,,,,No
What's the ratio of the red-shirt player's backhand to total returns? Round to the nearest integer in percentage.,/nas2/benchmarks/vpi/real/processed/tennis/0001_pt9.mp4,tennis,,,,Willis,"Action ambiguity, Multi-entity attribution",Indexed counters,Aggregate,TRUE,,,,,,,,,,,,,,,,,,,,No
How many times does the white-shirt player return the ball with forehand?,/nas2/benchmarks/vpi/real/processed/tennis/0001_pt9.mp4,tennis,,,,Willis,"Action ambiguity, Multi-entity attribution",Counter,Readout,TRUE,,,,,,,,,,,,,,,,,,,,No
How many times does the white-shirt player return the ball with backhand?,/nas2/benchmarks/vpi/real/processed/tennis/0001_pt9.mp4,tennis,,,,Willis,"Action ambiguity, Multi-entity attribution",Counter,Readout,TRUE,,,,,,,,,,,,,,,,,,,,No
What's the ratio of the white-shirt player's forehand to total returns? Round to the nearest integer in percentage.,/nas2/benchmarks/vpi/real/processed/tennis/0001_pt9.mp4,tennis,,,,Willis,"Action ambiguity, Multi-entity attribution",Indexed counters,Aggregate,TRUE,,,,,,,,,,,,,,,,,,,,No
What's the ratio of the white-shirt player's backhand to total returns? Round to the nearest integer in percentage.,/nas2/benchmarks/vpi/real/processed/tennis/0001_pt9.mp4,tennis,,,,Willis,"Action ambiguity, Multi-entity attribution",Indexed counters,Aggregate,TRUE,,,,,,,,,,,,,,,,,,,,No
How many total serves occur during the video?,/nas2/benchmarks/vpi/real/processed/tennis/0002_pt1.mp4,tennis,,,,Willis,"Action ambiguity, Multi-entity attribution",Counter,Readout,TRUE,,,,,,,,,,,,,,,,,,,,No
How many times does the black-shirt player score?,/nas2/benchmarks/vpi/real/processed/tennis/0002_pt1.mp4,tennis,,,,Willis,"Action ambiguity, Multi-entity attribution",Counter,Readout,TRUE,,,,,,,,,,,,,,,,,,,,No
How many times does the white-shirt and black-vest player score?,/nas2/benchmarks/vpi/real/processed/tennis/0002_pt1.mp4,tennis,No,Count,Atmoic,Willis,"Action ambiguity, Multi-entity attribution",Counter,Readout,FALSE,,,,,,,,,,,,,,,,,,,,No
How many times does the black-shirt player return the ball?,/nas2/benchmarks/vpi/real/processed/tennis/0002_pt1.mp4,tennis,,,,Willis,"Action ambiguity, Multi-entity attribution",Counter,Readout,TRUE,,,,,,,,,,,,,,,,,,,,No
How many times does the white-shirt and black-vest player return the ball?,/nas2/benchmarks/vpi/real/processed/tennis/0002_pt1.mp4,tennis,No,Count,Atmoic,Willis,"Action ambiguity, Multi-entity attribution",Counter,Readout,FALSE,,,,,,,,,,,,,,,,,,,,No
How many times does the black-shirt player return the ball with forehand?,/nas2/benchmarks/vpi/real/processed/tennis/0002_pt1.mp4,tennis,,,,Willis,"Action ambiguity, Multi-entity attribution",Counter,Readout,TRUE,,,,,,,,,,,,,,,,,,,,No
How many times does the black-shirt player return the ball with backhand?,/nas2/benchmarks/vpi/real/processed/tennis/0002_pt1.mp4,tennis,No,Count,Atmoic,Willis,"Action ambiguity, Multi-entity attribution",Counter,Readout,FALSE,,,,,,,,,,,,,,,,,,,,No
What's the ratio of the black-shirt player's forehand to total returns? Round to the nearest integer in percentage.,/nas2/benchmarks/vpi/real/processed/tennis/0002_pt1.mp4,tennis,No,Count,Dict,Willis,"Action ambiguity, Multi-entity attribution",Indexed counters,Aggregate,FALSE,,,,,,,,,,,,,,,,,,,,No
What's the ratio of the black-shirt player's backhand to total returns? Round to the nearest integer in percentage.,/nas2/benchmarks/vpi/real/processed/tennis/0002_pt1.mp4,tennis,No,Count,Dict,Willis,"Action ambiguity, Multi-entity attribution",Indexed counters,Aggregate,FALSE,,,,,,,,,,,,,,,,,,,,No
How many times does the white-shirt and black-vest player return the ball with forehand?,/nas2/benchmarks/vpi/real/processed/tennis/0002_pt1.mp4,tennis,No,Count,Atmoic,Willis,"Action ambiguity, Multi-entity attribution",Counter,Readout,FALSE,,,,,,,,,,,,,,,,,,,,No
How many times does the white-shirt and black-vest player return the ball with backhand?,/nas2/benchmarks/vpi/real/processed/tennis/0002_pt1.mp4,tennis,,,,Willis,"Action ambiguity, Multi-entity attribution",Counter,Readout,TRUE,,,,,,,,,,,,,,,,,,,,No
What's the ratio of the white-shirt and black-vest player's forehand to total returns? Round to the nearest integer in percentage.,/nas2/benchmarks/vpi/real/processed/tennis/0002_pt1.mp4,tennis,,,,Willis,"Action ambiguity, Multi-entity attribution",Indexed counters,Aggregate,TRUE,,,,,,,,,,,,,,,,,,,,No
What's the ratio of the white-shirt and black-vest player's backhand to total returns? Round to the nearest integer in percentage.,/nas2/benchmarks/vpi/real/processed/tennis/0002_pt1.mp4,tennis,,,,Willis,"Action ambiguity, Multi-entity attribution",Indexed counters,Aggregate,TRUE,,,,,,,,,,,,,,,,,,,,No
How many total serves occur during the video?,/nas2/benchmarks/vpi/real/processed/tennis/0002_pt10.mp4,tennis,,,,Willis,"Action ambiguity, Multi-entity attribution",Counter,Readout,TRUE,,,,,,,,,,,,,,,,,,,,No
How many times does the blue player score?,/nas2/benchmarks/vpi/real/processed/tennis/0002_pt10.mp4,tennis,,,,Willis,"Action ambiguity, Multi-entity attribution",Counter,Readout,TRUE,,,,,,,,,,,,,,,,,,,,No
How many times does the white-shirt player score?,/nas2/benchmarks/vpi/real/processed/tennis/0002_pt10.mp4,tennis,No,Count,Atmoic,Willis,"Action ambiguity, Multi-entity attribution",Counter,Readout,FALSE,,,,,,,,,,,,,,,,,,,,No
How many times does the blue-shirt player return the ball?,/nas2/benchmarks/vpi/real/processed/tennis/0002_pt10.mp4,tennis,,,,Willis,"Action ambiguity, Multi-entity attribution",Counter,Readout,TRUE,,,,,,,,,,,,,,,,,,,,No
How many times does the white-shirt player return the ball?,/nas2/benchmarks/vpi/real/processed/tennis/0002_pt10.mp4,tennis,No,Count,Atmoic,Willis,"Action ambiguity, Multi-entity attribution",Counter,Readout,FALSE,,,,,,,,,,,,,,,,,,,,No
How many times does the blue-shirt player return the ball with forehand?,/nas2/benchmarks/vpi/real/processed/tennis/0002_pt10.mp4,tennis,,,,Willis,"Action ambiguity, Multi-entity attribution",Counter,Readout,TRUE,,,,,,,,,,,,,,,,,,,,No
How many times does the blue-shirt player return the ball with backhand?,/nas2/benchmarks/vpi/real/processed/tennis/0002_pt10.mp4,tennis,No,Count,Atmoic,Willis,"Action ambiguity, Multi-entity attribution",Counter,Readout,FALSE,,,,,,,,,,,,,,,,,,,,No
What's the ratio of the blue-shirt player's forehand to total returns? Round to the nearest integer in percentage.,/nas2/benchmarks/vpi/real/processed/tennis/0002_pt10.mp4,tennis,No,Count,Dict,Willis,"Action ambiguity, Multi-entity attribution",Indexed counters,Aggregate,FALSE,,,,,,,,,,,,,,,,,,,,No
What's the ratio of the blue-shirt player's backhand to total returns? Round to the nearest integer in percentage.,/nas2/benchmarks/vpi/real/processed/tennis/0002_pt10.mp4,tennis,No,Count,Dict,Willis,"Action ambiguity, Multi-entity attribution",Indexed counters,Aggregate,FALSE,,,,,,,,,,,,,,,,,,,,No
How many times does the white-shirt player return the ball with forehand?,/nas2/benchmarks/vpi/real/processed/tennis/0002_pt10.mp4,tennis,No,Count,Atmoic,Willis,"Action ambiguity, Multi-entity attribution",Counter,Readout,FALSE,,,,,,,,,,,,,,,,,,,,No
How many times does the white-shirt player return the ball with backhand?,/nas2/benchmarks/vpi/real/processed/tennis/0002_pt10.mp4,tennis,,,,Willis,"Action ambiguity, Multi-entity attribution",Counter,Readout,TRUE,,,,,,,,,,,,,,,,,,,,No
What's the ratio of the white-shirt player's forehand to total returns? Round to the nearest integer in percentage.,/nas2/benchmarks/vpi/real/processed/tennis/0002_pt10.mp4,tennis,,,,Willis,"Action ambiguity, Multi-entity attribution",Indexed counters,Aggregate,TRUE,,,,,,,,,,,,,,,,,,,,No
What's the ratio of the white-shirt player's backhand to total returns? Round to the nearest integer in percentage.,/nas2/benchmarks/vpi/real/processed/tennis/0002_pt10.mp4,tennis,,,,Willis,"Action ambiguity, Multi-entity attribution",Indexed counters,Aggregate,TRUE,,,,,,,,,,,,,,,,,,,,No
How many total serves occur during the video?,/nas2/benchmarks/vpi/real/processed/tennis/0002_pt2.mp4,tennis,,,,Willis,"Action ambiguity, Multi-entity attribution",Counter,Readout,TRUE,,,,,,,,,,,,,,,,,,,,No
How many times does the black-shirt player score?,/nas2/benchmarks/vpi/real/processed/tennis/0002_pt2.mp4,tennis,,,,Willis,"Action ambiguity, Multi-entity attribution",Counter,Readout,TRUE,,,,,,,,,,,,,,,,,,,,No
How many times does the white-shirt and black-vest player score?,/nas2/benchmarks/vpi/real/processed/tennis/0002_pt2.mp4,tennis,No,Count,Atmoic,Willis,"Action ambiguity, Multi-entity attribution",Counter,Readout,FALSE,,,,,,,,,,,,,,,,,,,,No
How many times does the black-shirt player return the ball?,/nas2/benchmarks/vpi/real/processed/tennis/0002_pt2.mp4,tennis,,,,Willis,"Action ambiguity, Multi-entity attribution",Counter,Readout,TRUE,,,,,,,,,,,,,,,,,,,,No
How many times does the white-shirt and black-vest player return the ball?,/nas2/benchmarks/vpi/real/processed/tennis/0002_pt2.mp4,tennis,No,Count,Atmoic,Willis,"Action ambiguity, Multi-entity attribution",Counter,Readout,FALSE,,,,,,,,,,,,,,,,,,,,No
How many times does the black-shirt player return the ball with forehand?,/nas2/benchmarks/vpi/real/processed/tennis/0002_pt2.mp4,tennis,,,,Willis,"Action ambiguity, Multi-entity attribution",Counter,Readout,TRUE,,,,,,,,,,,,,,,,,,,,No
How many times does the black-shirt player return the ball with backhand?,/nas2/benchmarks/vpi/real/processed/tennis/0002_pt2.mp4,tennis,No,Count,Atmoic,Willis,"Action ambiguity, Multi-entity attribution",Counter,Readout,FALSE,,,,,,,,,,,,,,,,,,,,No
What's the ratio of the black-shirt player's forehand to total returns? Round to the nearest integer in percentage.,/nas2/benchmarks/vpi/real/processed/tennis/0002_pt2.mp4,tennis,No,Count,Dict,Willis,"Action ambiguity, Multi-entity attribution",Indexed counters,Aggregate,FALSE,,,,,,,,,,,,,,,,,,,,No
What's the ratio of the black-shirt player's backhand to total returns? Round to the nearest integer in percentage.,/nas2/benchmarks/vpi/real/processed/tennis/0002_pt2.mp4,tennis,No,Count,Dict,Willis,"Action ambiguity, Multi-entity attribution",Indexed counters,Aggregate,FALSE,,,,,,,,,,,,,,,,,,,,No
How many times does the white-shirt and black-vest player return the ball with forehand?,/nas2/benchmarks/vpi/real/processed/tennis/0002_pt2.mp4,tennis,No,Count,Atmoic,Willis,"Action ambiguity, Multi-entity attribution",Counter,Readout,FALSE,,,,,,,,,,,,,,,,,,,,No
How many times does the white-shirt and black-vest player return the ball with backhand?,/nas2/benchmarks/vpi/real/processed/tennis/0002_pt2.mp4,tennis,,,,Willis,"Action ambiguity, Multi-entity attribution",Counter,Readout,TRUE,,,,,,,,,,,,,,,,,,,,No
What's the ratio of the white-shirt and black-vest player's forehand to total returns? Round to the nearest integer in percentage.,/nas2/benchmarks/vpi/real/processed/tennis/0002_pt2.mp4,tennis,,,,Willis,"Action ambiguity, Multi-entity attribution",Indexed counters,Aggregate,TRUE,,,,,,,,,,,,,,,,,,,,No
What's the ratio of the white-shirt and black-vest player's backhand to total returns? Round to the nearest integer in percentage.,/nas2/benchmarks/vpi/real/processed/tennis/0002_pt2.mp4,tennis,,,,Willis,"Action ambiguity, Multi-entity attribution",Indexed counters,Aggregate,TRUE,,,,,,,,,,,,,,,,,,,,No
How many total serves occur during the video?,/nas2/benchmarks/vpi/real/processed/tennis/0002_pt3.mp4,tennis,,,,Willis,"Action ambiguity, Multi-entity attribution",Counter,Readout,TRUE,,,,,,,,,,,,,,,,,,,,No
How many times does the black-shirt player score?,/nas2/benchmarks/vpi/real/processed/tennis/0002_pt3.mp4,tennis,,,,Willis,"Action ambiguity, Multi-entity attribution",Counter,Readout,TRUE,,,,,,,,,,,,,,,,,,,,No
How many times does the white-shirt and black-vest player score?,/nas2/benchmarks/vpi/real/processed/tennis/0002_pt3.mp4,tennis,No,Count,Atmoic,Willis,"Action ambiguity, Multi-entity attribution",Counter,Readout,FALSE,,,,,,,,,,,,,,,,,,,,No
How many times does the black-shirt player return the ball?,/nas2/benchmarks/vpi/real/processed/tennis/0002_pt3.mp4,tennis,,,,Willis,"Action ambiguity, Multi-entity attribution",Counter,Readout,TRUE,,,,,,,,,,,,,,,,,,,,No
How many times does the white-shirt and black-vest player return the ball?,/nas2/benchmarks/vpi/real/processed/tennis/0002_pt3.mp4,tennis,No,Count,Atmoic,Willis,"Action ambiguity, Multi-entity attribution",Counter,Readout,FALSE,,,,,,,,,,,,,,,,,,,,No
How many times does the black-shirt player return the ball with forehand?,/nas2/benchmarks/vpi/real/processed/tennis/0002_pt3.mp4,tennis,,,,Willis,"Action ambiguity, Multi-entity attribution",Counter,Readout,TRUE,,,,,,,,,,,,,,,,,,,,No
How many times does the black-shirt player return the ball with backhand?,/nas2/benchmarks/vpi/real/processed/tennis/0002_pt3.mp4,tennis,No,Count,Atmoic,Willis,"Action ambiguity, Multi-entity attribution",Counter,Readout,FALSE,,,,,,,,,,,,,,,,,,,,No
What's the ratio of the black-shirt player's forehand to total returns? Round to the nearest integer in percentage.,/nas2/benchmarks/vpi/real/processed/tennis/0002_pt3.mp4,tennis,No,Count,Dict,Willis,"Action ambiguity, Multi-entity attribution",Indexed counters,Aggregate,FALSE,,,,,,,,,,,,,,,,,,,,No
What's the ratio of the black-shirt player's backhand to total returns? Round to the nearest integer in percentage.,/nas2/benchmarks/vpi/real/processed/tennis/0002_pt3.mp4,tennis,No,Count,Dict,Willis,"Action ambiguity, Multi-entity attribution",Indexed counters,Aggregate,FALSE,,,,,,,,,,,,,,,,,,,,No
How many times does the white-shirt and black-vest player return the ball with forehand?,/nas2/benchmarks/vpi/real/processed/tennis/0002_pt3.mp4,tennis,No,Count,Atmoic,Willis,"Action ambiguity, Multi-entity attribution",Counter,Readout,FALSE,,,,,,,,,,,,,,,,,,,,No
How many times does the white-shirt and black-vest player return the ball with backhand?,/nas2/benchmarks/vpi/real/processed/tennis/0002_pt3.mp4,tennis,,,,Willis,"Action ambiguity, Multi-entity attribution",Counter,Readout,TRUE,,,,,,,,,,,,,,,,,,,,No
What's the ratio of the white-shirt and black-vest player's forehand to total returns? Round to the nearest integer in percentage.,/nas2/benchmarks/vpi/real/processed/tennis/0002_pt3.mp4,tennis,,,,Willis,"Action ambiguity, Multi-entity attribution",Indexed counters,Aggregate,TRUE,,,,,,,,,,,,,,,,,,,,No
What's the ratio of the white-shirt and black-vest player's backhand to total returns? Round to the nearest integer in percentage.,/nas2/benchmarks/vpi/real/processed/tennis/0002_pt3.mp4,tennis,,,,Willis,"Action ambiguity, Multi-entity attribution",Indexed counters,Aggregate,TRUE,,,,,,,,,,,,,,,,,,,,No
How many total serves occur during the video?,/nas2/benchmarks/vpi/real/processed/tennis/0002_pt4.mp4,tennis,,,,Willis,"Action ambiguity, Multi-entity attribution",Counter,Readout,TRUE,,,,,,,,,,,,,,,,,,,,No
How many times does the black-shirt player score?,/nas2/benchmarks/vpi/real/processed/tennis/0002_pt4.mp4,tennis,,,,Willis,"Action ambiguity, Multi-entity attribution",Counter,Readout,TRUE,,,,,,,,,,,,,,,,,,,,No
How many times does the white-shirt and black-vest player score?,/nas2/benchmarks/vpi/real/processed/tennis/0002_pt4.mp4,tennis,No,Count,Atmoic,Willis,"Action ambiguity, Multi-entity attribution",Counter,Readout,FALSE,,,,,,,,,,,,,,,,,,,,No
How many times does the black-shirt player return the ball?,/nas2/benchmarks/vpi/real/processed/tennis/0002_pt4.mp4,tennis,,,,Willis,"Action ambiguity, Multi-entity attribution",Counter,Readout,TRUE,,,,,,,,,,,,,,,,,,,,No
How many times does the white-shirt and black-vest player return the ball?,/nas2/benchmarks/vpi/real/processed/tennis/0002_pt4.mp4,tennis,No,Count,Atmoic,Willis,"Action ambiguity, Multi-entity attribution",Counter,Readout,FALSE,,,,,,,,,,,,,,,,,,,,No
How many times does the black-shirt player return the ball with forehand?,/nas2/benchmarks/vpi/real/processed/tennis/0002_pt4.mp4,tennis,,,,Willis,"Action ambiguity, Multi-entity attribution",Counter,Readout,TRUE,,,,,,,,,,,,,,,,,,,,No
How many times does the black-shirt player return the ball with backhand?,/nas2/benchmarks/vpi/real/processed/tennis/0002_pt4.mp4,tennis,No,Count,Atmoic,Willis,"Action ambiguity, Multi-entity attribution",Counter,Readout,FALSE,,,,,,,,,,,,,,,,,,,,No
What's the ratio of the black-shirt player's forehand to total returns? Round to the nearest integer in percentage.,/nas2/benchmarks/vpi/real/processed/tennis/0002_pt4.mp4,tennis,No,Count,Dict,Willis,"Action ambiguity, Multi-entity attribution",Indexed counters,Aggregate,FALSE,,,,,,,,,,,,,,,,,,,,No
What's the ratio of the black-shirt player's backhand to total returns? Round to the nearest integer in percentage.,/nas2/benchmarks/vpi/real/processed/tennis/0002_pt4.mp4,tennis,No,Count,Dict,Willis,"Action ambiguity, Multi-entity attribution",Indexed counters,Aggregate,FALSE,,,,,,,,,,,,,,,,,,,,No
How many times does the white-shirt and black-vest player return the ball with forehand?,/nas2/benchmarks/vpi/real/processed/tennis/0002_pt4.mp4,tennis,No,Count,Atmoic,Willis,"Action ambiguity, Multi-entity attribution",Counter,Readout,FALSE,,,,,,,,,,,,,,,,,,,,No
How many times does the white-shirt and black-vest player return the ball with backhand?,/nas2/benchmarks/vpi/real/processed/tennis/0002_pt4.mp4,tennis,,,,Willis,"Action ambiguity, Multi-entity attribution",Counter,Readout,TRUE,,,,,,,,,,,,,,,,,,,,No
What's the ratio of the white-shirt and black-vest player's forehand to total returns? Round to the nearest integer in percentage.,/nas2/benchmarks/vpi/real/processed/tennis/0002_pt4.mp4,tennis,,,,Willis,"Action ambiguity, Multi-entity attribution",Indexed counters,Aggregate,TRUE,,,,,,,,,,,,,,,,,,,,No
What's the ratio of the white-shirt and black-vest player's backhand to total returns? Round to the nearest integer in percentage.,/nas2/benchmarks/vpi/real/processed/tennis/0002_pt4.mp4,tennis,,,,Willis,"Action ambiguity, Multi-entity attribution",Indexed counters,Aggregate,TRUE,,,,,,,,,,,,,,,,,,,,No
How many total serves occur during the video?,/nas2/benchmarks/vpi/real/processed/tennis/0002_pt5.mp4,tennis,,,,Willis,"Action ambiguity, Multi-entity attribution",Counter,Readout,TRUE,,,,,,,,,,,,,,,,,,,,No
How many times does the blue player score?,/nas2/benchmarks/vpi/real/processed/tennis/0002_pt5.mp4,tennis,,,,Willis,"Action ambiguity, Multi-entity attribution",Counter,Readout,TRUE,,,,,,,,,,,,,,,,,,,,No
How many times does the orange-shirt player score?,/nas2/benchmarks/vpi/real/processed/tennis/0002_pt5.mp4,tennis,No,Count,Atmoic,Willis,"Action ambiguity, Multi-entity attribution",Counter,Readout,FALSE,,,,,,,,,,,,,,,,,,,,No
How many times does the blue-shirt player return the ball?,/nas2/benchmarks/vpi/real/processed/tennis/0002_pt5.mp4,tennis,,,,Willis,"Action ambiguity, Multi-entity attribution",Counter,Readout,TRUE,,,,,,,,,,,,,,,,,,,,No
How many times does the orange-shirt player return the ball?,/nas2/benchmarks/vpi/real/processed/tennis/0002_pt5.mp4,tennis,,,,Willis,"Action ambiguity, Multi-entity attribution",Counter,Readout,TRUE,,,,,,,,,,,,,,,,,,,,No
How many times does the blue-shirt player return the ball with forehand?,/nas2/benchmarks/vpi/real/processed/tennis/0002_pt5.mp4,tennis,,,,Willis,"Action ambiguity, Multi-entity attribution",Counter,Readout,TRUE,,,,,,,,,,,,,,,,,,,,No
How many times does the blue-shirt player return the ball with backhand?,/nas2/benchmarks/vpi/real/processed/tennis/0002_pt5.mp4,tennis,,,,Willis,"Action ambiguity, Multi-entity attribution",Counter,Readout,TRUE,,,,,,,,,,,,,,,,,,,,No
What's the ratio of the blue-shirt player's forehand to total returns? Round to the nearest integer in percentage.,/nas2/benchmarks/vpi/real/processed/tennis/0002_pt5.mp4,tennis,,,,Willis,"Action ambiguity, Multi-entity attribution",Indexed counters,Aggregate,TRUE,,,,,,,,,,,,,,,,,,,,No
What's the ratio of the blue-shirt player's backhand to total returns? Round to the nearest integer in percentage.,/nas2/benchmarks/vpi/real/processed/tennis/0002_pt5.mp4,tennis,,,,Willis,"Action ambiguity, Multi-entity attribution",Indexed counters,Aggregate,TRUE,,,,,,,,,,,,,,,,,,,,No
How many times does the orange-shirt player return the ball with forehand?,/nas2/benchmarks/vpi/real/processed/tennis/0002_pt5.mp4,tennis,,,,Willis,"Action ambiguity, Multi-entity attribution",Counter,Readout,TRUE,,,,,,,,,,,,,,,,,,,,No
How many times does the orange-shirt player return the ball with backhand?,/nas2/benchmarks/vpi/real/processed/tennis/0002_pt5.mp4,tennis,,,,Willis,"Action ambiguity, Multi-entity attribution",Counter,Readout,TRUE,,,,,,,,,,,,,,,,,,,,No
What's the ratio of the orange-shirt player's forehand to total returns? Round to the nearest integer in percentage.,/nas2/benchmarks/vpi/real/processed/tennis/0002_pt5.mp4,tennis,,,,Willis,"Action ambiguity, Multi-entity attribution",Indexed counters,Aggregate,TRUE,,,,,,,,,,,,,,,,,,,,No
What's the ratio of the orange-shirt player's backhand to total returns? Round to the nearest integer in percentage.,/nas2/benchmarks/vpi/real/processed/tennis/0002_pt5.mp4,tennis,,,,Willis,"Action ambiguity, Multi-entity attribution",Indexed counters,Aggregate,TRUE,,,,,,,,,,,,,,,,,,,,No
How many total serves occur during the video?,/nas2/benchmarks/vpi/real/processed/tennis/0002_pt6.mp4,tennis,,,,Willis,"Action ambiguity, Multi-entity attribution",Counter,Readout,TRUE,,,,,,,,,,,,,,,,,,,,No
How many times does the blue player score?,/nas2/benchmarks/vpi/real/processed/tennis/0002_pt6.mp4,tennis,,,,Willis,"Action ambiguity, Multi-entity attribution",Counter,Readout,TRUE,,,,,,,,,,,,,,,,,,,,No
How many times does the orange-shirt player score?,/nas2/benchmarks/vpi/real/processed/tennis/0002_pt6.mp4,tennis,No,Count,Atmoic,Willis,"Action ambiguity, Multi-entity attribution",Counter,Readout,FALSE,,,,,,,,,,,,,,,,,,,,No
How many times does the blue-shirt player return the ball?,/nas2/benchmarks/vpi/real/processed/tennis/0002_pt6.mp4,tennis,,,,Willis,"Action ambiguity, Multi-entity attribution",Counter,Readout,TRUE,,,,,,,,,,,,,,,,,,,,No
How many times does the orange-shirt player return the ball?,/nas2/benchmarks/vpi/real/processed/tennis/0002_pt6.mp4,tennis,,,,Willis,"Action ambiguity, Multi-entity attribution",Counter,Readout,TRUE,,,,,,,,,,,,,,,,,,,,No
How many times does the blue-shirt player return the ball with forehand?,/nas2/benchmarks/vpi/real/processed/tennis/0002_pt6.mp4,tennis,,,,Willis,"Action ambiguity, Multi-entity attribution",Counter,Readout,TRUE,,,,,,,,,,,,,,,,,,,,No
How many times does the blue-shirt player return the ball with backhand?,/nas2/benchmarks/vpi/real/processed/tennis/0002_pt6.mp4,tennis,,,,Willis,"Action ambiguity, Multi-entity attribution",Counter,Readout,TRUE,,,,,,,,,,,,,,,,,,,,No
What's the ratio of the blue-shirt player's forehand to total returns? Round to the nearest integer in percentage.,/nas2/benchmarks/vpi/real/processed/tennis/0002_pt6.mp4,tennis,,,,Willis,"Action ambiguity, Multi-entity attribution",Indexed counters,Aggregate,TRUE,,,,,,,,,,,,,,,,,,,,No
What's the ratio of the blue-shirt player's backhand to total returns? Round to the nearest integer in percentage.,/nas2/benchmarks/vpi/real/processed/tennis/0002_pt6.mp4,tennis,,,,Willis,"Action ambiguity, Multi-entity attribution",Indexed counters,Aggregate,TRUE,,,,,,,,,,,,,,,,,,,,No
How many times does the orange-shirt player return the ball with forehand?,/nas2/benchmarks/vpi/real/processed/tennis/0002_pt6.mp4,tennis,,,,Willis,"Action ambiguity, Multi-entity attribution",Counter,Readout,TRUE,,,,,,,,,,,,,,,,,,,,No
How many times does the orange-shirt player return the ball with backhand?,/nas2/benchmarks/vpi/real/processed/tennis/0002_pt6.mp4,tennis,,,,Willis,"Action ambiguity, Multi-entity attribution",Counter,Readout,TRUE,,,,,,,,,,,,,,,,,,,,No
What's the ratio of the orange-shirt player's forehand to total returns? Round to the nearest integer in percentage.,/nas2/benchmarks/vpi/real/processed/tennis/0002_pt6.mp4,tennis,,,,Willis,"Action ambiguity, Multi-entity attribution",Indexed counters,Aggregate,TRUE,,,,,,,,,,,,,,,,,,,,No
What's the ratio of the orange-shirt player's backhand to total returns? Round to the nearest integer in percentage.,/nas2/benchmarks/vpi/real/processed/tennis/0002_pt6.mp4,tennis,,,,Willis,"Action ambiguity, Multi-entity attribution",Indexed counters,Aggregate,TRUE,,,,,,,,,,,,,,,,,,,,No
How many total serves occur during the video?,/nas2/benchmarks/vpi/real/processed/tennis/0002_pt7.mp4,tennis,,,,Willis,"Action ambiguity, Multi-entity attribution",Counter,Readout,TRUE,,,,,,,,,,,,,,,,,,,,No
How many times does the blue player score?,/nas2/benchmarks/vpi/real/processed/tennis/0002_pt7.mp4,tennis,,,,Willis,"Action ambiguity, Multi-entity attribution",Counter,Readout,TRUE,,,,,,,,,,,,,,,,,,,,No
How many times does the orange-shirt player score?,/nas2/benchmarks/vpi/real/processed/tennis/0002_pt7.mp4,tennis,No,Count,Atmoic,Willis,"Action ambiguity, Multi-entity attribution",Counter,Readout,FALSE,,,,,,,,,,,,,,,,,,,,No
How many times does the blue-shirt player return the ball?,/nas2/benchmarks/vpi/real/processed/tennis/0002_pt7.mp4,tennis,,,,Willis,"Action ambiguity, Multi-entity attribution",Counter,Readout,TRUE,,,,,,,,,,,,,,,,,,,,No
How many times does the orange-shirt player return the ball?,/nas2/benchmarks/vpi/real/processed/tennis/0002_pt7.mp4,tennis,,,,Willis,"Action ambiguity, Multi-entity attribution",Counter,Readout,TRUE,,,,,,,,,,,,,,,,,,,,No
How many times does the blue-shirt player return the ball with forehand?,/nas2/benchmarks/vpi/real/processed/tennis/0002_pt7.mp4,tennis,,,,Willis,"Action ambiguity, Multi-entity attribution",Counter,Readout,TRUE,,,,,,,,,,,,,,,,,,,,No
How many times does the blue-shirt player return the ball with backhand?,/nas2/benchmarks/vpi/real/processed/tennis/0002_pt7.mp4,tennis,,,,Willis,"Action ambiguity, Multi-entity attribution",Counter,Readout,TRUE,,,,,,,,,,,,,,,,,,,,No
What's the ratio of the blue-shirt player's forehand to total returns? Round to the nearest integer in percentage.,/nas2/benchmarks/vpi/real/processed/tennis/0002_pt7.mp4,tennis,,,,Willis,"Action ambiguity, Multi-entity attribution",Indexed counters,Aggregate,TRUE,,,,,,,,,,,,,,,,,,,,No
What's the ratio of the blue-shirt player's backhand to total returns? Round to the nearest integer in percentage.,/nas2/benchmarks/vpi/real/processed/tennis/0002_pt7.mp4,tennis,,,,Willis,"Action ambiguity, Multi-entity attribution",Indexed counters,Aggregate,TRUE,,,,,,,,,,,,,,,,,,,,No
How many times does the orange-shirt player return the ball with forehand?,/nas2/benchmarks/vpi/real/processed/tennis/0002_pt7.mp4,tennis,,,,Willis,"Action ambiguity, Multi-entity attribution",Counter,Readout,TRUE,,,,,,,,,,,,,,,,,,,,No
How many times does the orange-shirt player return the ball with backhand?,/nas2/benchmarks/vpi/real/processed/tennis/0002_pt7.mp4,tennis,,,,Willis,"Action ambiguity, Multi-entity attribution",Counter,Readout,TRUE,,,,,,,,,,,,,,,,,,,,No
What's the ratio of the orange-shirt player's forehand to total returns? Round to the nearest integer in percentage.,/nas2/benchmarks/vpi/real/processed/tennis/0002_pt7.mp4,tennis,,,,Willis,"Action ambiguity, Multi-entity attribution",Indexed counters,Aggregate,TRUE,,,,,,,,,,,,,,,,,,,,No
What's the ratio of the orange-shirt player's backhand to total returns? Round to the nearest integer in percentage.,/nas2/benchmarks/vpi/real/processed/tennis/0002_pt7.mp4,tennis,,,,Willis,"Action ambiguity, Multi-entity attribution",Indexed counters,Aggregate,TRUE,,,,,,,,,,,,,,,,,,,,No
How many total serves occur during the video?,/nas2/benchmarks/vpi/real/processed/tennis/0002_pt8.mp4,tennis,,,,Willis,"Action ambiguity, Multi-entity attribution",Counter,Readout,TRUE,,,,,,,,,,,,,,,,,,,,No
How many times does the blue player score?,/nas2/benchmarks/vpi/real/processed/tennis/0002_pt8.mp4,tennis,,,,Willis,"Action ambiguity, Multi-entity attribution",Counter,Readout,TRUE,,,,,,,,,,,,,,,,,,,,No
How many times does the orange-shirt player score?,/nas2/benchmarks/vpi/real/processed/tennis/0002_pt8.mp4,tennis,No,Count,Atmoic,Willis,"Action ambiguity, Multi-entity attribution",Counter,Readout,FALSE,,,,,,,,,,,,,,,,,,,,No
How many times does the blue-shirt player return the ball?,/nas2/benchmarks/vpi/real/processed/tennis/0002_pt8.mp4,tennis,,,,Willis,"Action ambiguity, Multi-entity attribution",Counter,Readout,TRUE,,,,,,,,,,,,,,,,,,,,No
How many times does the orange-shirt player return the ball?,/nas2/benchmarks/vpi/real/processed/tennis/0002_pt8.mp4,tennis,,,,Willis,"Action ambiguity, Multi-entity attribution",Counter,Readout,TRUE,,,,,,,,,,,,,,,,,,,,No
How many times does the blue-shirt player return the ball with forehand?,/nas2/benchmarks/vpi/real/processed/tennis/0002_pt8.mp4,tennis,,,,Willis,"Action ambiguity, Multi-entity attribution",Counter,Readout,TRUE,,,,,,,,,,,,,,,,,,,,No
How many times does the blue-shirt player return the ball with backhand?,/nas2/benchmarks/vpi/real/processed/tennis/0002_pt8.mp4,tennis,,,,Willis,"Action ambiguity, Multi-entity attribution",Counter,Readout,TRUE,,,,,,,,,,,,,,,,,,,,No
What's the ratio of the blue-shirt player's forehand to total returns? Round to the nearest integer in percentage.,/nas2/benchmarks/vpi/real/processed/tennis/0002_pt8.mp4,tennis,,,,Willis,"Action ambiguity, Multi-entity attribution",Indexed counters,Aggregate,TRUE,,,,,,,,,,,,,,,,,,,,No
What's the ratio of the blue-shirt player's backhand to total returns? Round to the nearest integer in percentage.,/nas2/benchmarks/vpi/real/processed/tennis/0002_pt8.mp4,tennis,,,,Willis,"Action ambiguity, Multi-entity attribution",Indexed counters,Aggregate,TRUE,,,,,,,,,,,,,,,,,,,,No
How many times does the orange-shirt player return the ball with forehand?,/nas2/benchmarks/vpi/real/processed/tennis/0002_pt8.mp4,tennis,,,,Willis,"Action ambiguity, Multi-entity attribution",Counter,Readout,TRUE,,,,,,,,,,,,,,,,,,,,No
How many times does the orange-shirt player return the ball with backhand?,/nas2/benchmarks/vpi/real/processed/tennis/0002_pt8.mp4,tennis,,,,Willis,"Action ambiguity, Multi-entity attribution",Counter,Readout,TRUE,,,,,,,,,,,,,,,,,,,,No
What's the ratio of the orange-shirt player's forehand to total returns? Round to the nearest integer in percentage.,/nas2/benchmarks/vpi/real/processed/tennis/0002_pt8.mp4,tennis,,,,Willis,"Action ambiguity, Multi-entity attribution",Indexed counters,Aggregate,TRUE,,,,,,,,,,,,,,,,,,,,No
What's the ratio of the orange-shirt player's backhand to total returns? Round to the nearest integer in percentage.,/nas2/benchmarks/vpi/real/processed/tennis/0002_pt8.mp4,tennis,,,,Willis,"Action ambiguity, Multi-entity attribution",Indexed counters,Aggregate,TRUE,,,,,,,,,,,,,,,,,,,,No
How many total serves occur during the video?,/nas2/benchmarks/vpi/real/processed/tennis/0002_pt9.mp4,tennis,,,,Willis,"Action ambiguity, Multi-entity attribution",Counter,Readout,TRUE,,,,,,,,,,,,,,,,,,,,No
How many times does the blue player score?,/nas2/benchmarks/vpi/real/processed/tennis/0002_pt9.mp4,tennis,,,,Willis,"Action ambiguity, Multi-entity attribution",Counter,Readout,TRUE,,,,,,,,,,,,,,,,,,,,No
How many times does the white-shirt player score?,/nas2/benchmarks/vpi/real/processed/tennis/0002_pt9.mp4,tennis,No,Count,Atmoic,Willis,"Action ambiguity, Multi-entity attribution",Counter,Readout,FALSE,,,,,,,,,,,,,,,,,,,,No
How many times does the blue-shirt player return the ball?,/nas2/benchmarks/vpi/real/processed/tennis/0002_pt9.mp4,tennis,,,,Willis,"Action ambiguity, Multi-entity attribution",Counter,Readout,TRUE,,,,,,,,,,,,,,,,,,,,No
How many times does the white-shirt player return the ball?,/nas2/benchmarks/vpi/real/processed/tennis/0002_pt9.mp4,tennis,,,,Willis,"Action ambiguity, Multi-entity attribution",Counter,Readout,TRUE,,,,,,,,,,,,,,,,,,,,No
How many times does the blue-shirt player return the ball with forehand?,/nas2/benchmarks/vpi/real/processed/tennis/0002_pt9.mp4,tennis,,,,Willis,"Action ambiguity, Multi-entity attribution",Counter,Readout,TRUE,,,,,,,,,,,,,,,,,,,,No
How many times does the blue-shirt player return the ball with backhand?,/nas2/benchmarks/vpi/real/processed/tennis/0002_pt9.mp4,tennis,,,,Willis,"Action ambiguity, Multi-entity attribution",Counter,Readout,TRUE,,,,,,,,,,,,,,,,,,,,No
What's the ratio of the blue-shirt player's forehand to total returns? Round to the nearest integer in percentage.,/nas2/benchmarks/vpi/real/processed/tennis/0002_pt9.mp4,tennis,,,,Willis,"Action ambiguity, Multi-entity attribution",Indexed counters,Aggregate,TRUE,,,,,,,,,,,,,,,,,,,,No
What's the ratio of the blue-shirt player's backhand to total returns? Round to the nearest integer in percentage.,/nas2/benchmarks/vpi/real/processed/tennis/0002_pt9.mp4,tennis,,,,Willis,"Action ambiguity, Multi-entity attribution",Indexed counters,Aggregate,TRUE,,,,,,,,,,,,,,,,,,,,No
How many times does the white-shirt player return the ball with forehand?,/nas2/benchmarks/vpi/real/processed/tennis/0002_pt9.mp4,tennis,,,,Willis,"Action ambiguity, Multi-entity attribution",Counter,Readout,TRUE,,,,,,,,,,,,,,,,,,,,No
How many times does the white-shirt player return the ball with backhand?,/nas2/benchmarks/vpi/real/processed/tennis/0002_pt9.mp4,tennis,,,,Willis,"Action ambiguity, Multi-entity attribution",Counter,Readout,TRUE,,,,,,,,,,,,,,,,,,,,No
What's the ratio of the white-shirt player's forehand to total returns? Round to the nearest integer in percentage.,/nas2/benchmarks/vpi/real/processed/tennis/0002_pt9.mp4,tennis,,,,Willis,"Action ambiguity, Multi-entity attribution",Indexed counters,Aggregate,TRUE,,,,,,,,,,,,,,,,,,,,No
What's the ratio of the white-shirt player's backhand to total returns? Round to the nearest integer in percentage.,/nas2/benchmarks/vpi/real/processed/tennis/0002_pt9.mp4,tennis,,,,Willis,"Action ambiguity, Multi-entity attribution",Indexed counters,Aggregate,TRUE,,,,,,,,,,,,,,,,,,,,No
How many times does he jump?,/nas2/benchmarks/vpi/real/processed/wii/0001_pt0.mp4,wii,,,,Edwin,None,Counter,Readout,TRUE,,,,,,,,,,,,,,,,,,,,No
How many king scarecrows does he hit?,/nas2/benchmarks/vpi/real/processed/wii/0001_pt1.mp4,wii,No,Count,Atmoic,Sihyun,Action ambiguity,Counter,Readout,TRUE,,,,,,,,,,,,,,,,,,,,No
How many king scarecrows does he hit?,/nas2/benchmarks/vpi/real/processed/wii/0001_pt2.mp4,wii,No,Count,Atmoic,Sihyun,Action ambiguity,Counter,Readout,TRUE,,,,,,,,,,,,,,,,,,,,No
How many fish are successfully caught?,/nas2/benchmarks/vpi/real/processed/wii/0002_pt0.mp4,wii,No,Count,Atmoic,Sihyun,Action ambiguity,Counter,Readout,TRUE,,,,,,,,,,,,,,,,,,,,No
How many fish were almost caught but got away?,/nas2/benchmarks/vpi/real/processed/wii/0002_pt0.mp4,wii,No,Count,Atmoic,Sihyun,Action ambiguity,Counter,Readout,TRUE,,,,,,,,,,,,,,,,,,,,No
"What is the name of the last fish caught?
 
 (A) Plain Oi' Fish
 (B) Touchy Fish
 (C) Mystery Fish
 (D) Nibbler",/nas2/benchmarks/vpi/real/processed/wii/0002_pt1.mp4,wii,No,Attribute,Dict,Sihyun,"Action ambiguity, Symbolic decoding",Indexed attributes,Readout,TRUE,,,,,,,,,,,,,,,,,,,,No
How many times did the ball hit the table?,/nas2/benchmarks/vpi/real/processed/table_tennis/0001_pt1.mp4,table_tennis,No,Count,Atmoic,Hyunseok,"Action ambiguity, Multi-entity attribution",Counter,Readout,FALSE,,,,,,,,,,,,,,,,,,,,No
How many times did the player on the left side hit the ball?,/nas2/benchmarks/vpi/real/processed/table_tennis/0001_pt10.mp4,table_tennis,No,Count,Atmoic,Hyunseok,"Action ambiguity, Multi-entity attribution",Counter,Readout,FALSE,,,,,,,,,,,,,,,,,,,,No
"Which side won the round, the left side or the right side?
 
 (A) right side
 (B) left side",/nas2/benchmarks/vpi/real/processed/table_tennis/0001_pt2.mp4,table_tennis,No,Location,Atmoic,Hyunseok,"Action ambiguity, Multi-entity attribution",Discrete location,Compare,FALSE,,,,,,,,,,,,,,,,,,,,No
How many time did the player on the left side hit the ball in this match?,/nas2/benchmarks/vpi/real/processed/table_tennis/0001_pt3.mp4,table_tennis,No,Count,Atmoic,Hyunseok,"Action ambiguity, Multi-entity attribution",Counter,Readout,FALSE,,,,,,,,,,,,,,,,,,,,No
"Which side served, the left side or the right side?
 
 (A) right side
 (B) left side",/nas2/benchmarks/vpi/real/processed/table_tennis/0001_pt4.mp4,table_tennis,No,Location,Atmoic,Hyunseok,"Action ambiguity, Multi-entity attribution",Discrete location,Classify,FALSE,,,,,,,,,,,,,,,,,,,,No
How many times did the ball hit the table?,/nas2/benchmarks/vpi/real/processed/table_tennis/0001_pt5.mp4,table_tennis,No,Count,Atmoic,Hyunseok,"Action ambiguity, Multi-entity attribution",Counter,Readout,FALSE,,,,,,,,,,,,,,,,,,,,No
How many times did the ball hit the net?,/nas2/benchmarks/vpi/real/processed/table_tennis/0001_pt6.mp4,table_tennis,No,Count,Atmoic,Hyunseok,"Action ambiguity, Multi-entity attribution",Counter,Readout,FALSE,,,,,,,,,,,,,,,,,,,,No
How many times in total did any of the players hit the ball?,/nas2/benchmarks/vpi/real/processed/table_tennis/0001_pt7.mp4,table_tennis,No,Count,Atmoic,Hyunseok,"Action ambiguity, Multi-entity attribution",Counter,Readout,FALSE,,,,,,,,,,,,,,,,,,,,No
How many times did the player on the right side hit the ball?,/nas2/benchmarks/vpi/real/processed/table_tennis/0001_pt8.mp4,table_tennis,No,Count,Atmoic,Hyunseok,"Action ambiguity, Multi-entity attribution",Counter,Readout,FALSE,,,,,,,,,,,,,,,,,,,,No
How many times did the player on the left side hit the ball until before he missed it?,/nas2/benchmarks/vpi/real/processed/table_tennis/0001_pt9.mp4,table_tennis,No,Count,Atmoic,Hyunseok,"Action ambiguity, Multi-entity attribution",Counter,Readout,FALSE,,,,,,,,,,,,,,,,,,,,No
How many times did any of the players hit the ball?,/nas2/benchmarks/vpi/real/processed/table_tennis/0002_pt1.mp4,table_tennis,No,Count,Atmoic,Hyunseok,"Action ambiguity, Multi-entity attribution",Counter,Readout,FALSE,,,,,,,,,,,,,,,,,,,,No
How many times did the players on the near side to the camera hit the ball in total?,/nas2/benchmarks/vpi/real/processed/table_tennis/0002_pt10.mp4,table_tennis,No,Count,Atmoic,Hyunseok,"Action ambiguity, Multi-entity attribution",Counter,Readout,FALSE,,,,,,,,,,,,,,,,,,,,No
How many times did the female player on the far side hit the ball?,/nas2/benchmarks/vpi/real/processed/table_tennis/0002_pt2.mp4,table_tennis,No,Count,Atmoic,Hyunseok,"Action ambiguity, Multi-entity attribution",Counter,Readout,FALSE,,,,,,,,,,,,,,,,,,,,No
How many times did the male player on the far side hit the ball?,/nas2/benchmarks/vpi/real/processed/table_tennis/0002_pt3.mp4,table_tennis,No,Count,Atmoic,Hyunseok,"Action ambiguity, Multi-entity attribution",Counter,Readout,FALSE,,,,,,,,,,,,,,,,,,,,No
How many times did the female player on the near side to the camera hit the ball?,/nas2/benchmarks/vpi/real/processed/table_tennis/0002_pt4.mp4,table_tennis,No,Count,Atmoic,Hyunseok,"Action ambiguity, Multi-entity attribution",Counter,Readout,FALSE,,,,,,,,,,,,,,,,,,,,No
How many times did the male player on the near side to the camera hit the ball?,/nas2/benchmarks/vpi/real/processed/table_tennis/0002_pt5.mp4,table_tennis,No,Count,Atmoic,Hyunseok,"Action ambiguity, Multi-entity attribution",Counter,Readout,FALSE,,,,,,,,,,,,,,,,,,,,No
How many times did the ball hit the table?,/nas2/benchmarks/vpi/real/processed/table_tennis/0002_pt6.mp4,table_tennis,No,Count,Atmoic,Hyunseok,"Action ambiguity, Multi-entity attribution",Counter,Readout,FALSE,,,,,,,,,,,,,,,,,,,,No
"Which player hit the ball into the net, male player or the female player of which side (on the near side to the camera or on the far side)?
 
 (A) male player on the near side
 (B) male player on the far side
 (C) female player on the near side
 (D) female player on the far side",/nas2/benchmarks/vpi/real/processed/table_tennis/0002_pt7.mp4,table_tennis,No,Attribute,Dict,Hyunseok,"Action ambiguity, Multi-entity attribution",Indexed attributes,Classify,FALSE,,,,,,,,,,,,,,,,,,,,No
How many times did any of the players hit the ball?,/nas2/benchmarks/vpi/real/processed/table_tennis/0002_pt8.mp4,table_tennis,No,Count,Atmoic,Hyunseok,"Action ambiguity, Multi-entity attribution",Counter,Readout,FALSE,,,,,,,,,,,,,,,,,,,,No
How many times did the players on the far side hit the ball in total?,/nas2/benchmarks/vpi/real/processed/table_tennis/0002_pt9.mp4,table_tennis,No,Count,Atmoic,Hyunseok,"Action ambiguity, Multi-entity attribution",Counter,Readout,FALSE,,,,,,,,,,,,,,,,,,,,No
How many times did any of the players hit the ball in total?,/nas2/benchmarks/vpi/real/processed/table_tennis/0003_pt1.mp4,table_tennis,No,Count,Atmoic,Hyunseok,"Action ambiguity, Multi-entity attribution",Counter,Readout,FALSE,,,,,,,,,,,,,,,,,,,,No
How many times did the ball hit the table?,/nas2/benchmarks/vpi/real/processed/table_tennis/0003_pt10.mp4,table_tennis,No,Count,Atmoic,Hyunseok,"Action ambiguity, Multi-entity attribution",Counter,Readout,FALSE,,,,,,,,,,,,,,,,,,,,No
"Which player hit the ball into the net, the player in the green uniform or the player in the blue uniform?
 
 (A) the player in the green uniform
 (B) the player in the blue uniform",/nas2/benchmarks/vpi/real/processed/table_tennis/0003_pt2.mp4,table_tennis,No,Attribute,Dict,Hyunseok,"Action ambiguity, Multi-entity attribution",Indexed attributes,Classify,FALSE,,,,,,,,,,,,,,,,,,,,No
"Which player served, the player in the green uniform or the player in the blue uniform?
 
 (A) the player in the green uniform
 (B) the player in the blue uniform",/nas2/benchmarks/vpi/real/processed/table_tennis/0003_pt3.mp4,table_tennis,No,Attribute,Dict,Hyunseok,"Action ambiguity, Multi-entity attribution",Indexed attributes,Classify,FALSE,,,,,,,,,,,,,,,,,,,,No
How many time the player in the green uniform hit the ball?,/nas2/benchmarks/vpi/real/processed/table_tennis/0003_pt4.mp4,table_tennis,No,Count,Atmoic,Hyunseok,"Action ambiguity, Multi-entity attribution",Counter,Readout,FALSE,,,,,,,,,,,,,,,,,,,,No
How many time the player in the blue uniform hit the ball?,/nas2/benchmarks/vpi/real/processed/table_tennis/0003_pt5.mp4,table_tennis,No,Count,Atmoic,Hyunseok,"Action ambiguity, Multi-entity attribution",Counter,Readout,FALSE,,,,,,,,,,,,,,,,,,,,No
How many times did the ball hit the table?,/nas2/benchmarks/vpi/real/processed/table_tennis/0003_pt6.mp4,table_tennis,No,Count,Atmoic,Hyunseok,"Action ambiguity, Multi-entity attribution",Counter,Readout,FALSE,,,,,,,,,,,,,,,,,,,,No
"Which player won the round, the player in the blue uniform or the player in the green uniform?
 
 (A) the player in the green uniform
 (B) the player in the blue uniform",/nas2/benchmarks/vpi/real/processed/table_tennis/0003_pt7.mp4,table_tennis,No,Attribute,Dict,Hyunseok,"Action ambiguity, Multi-entity attribution",Indexed attributes,Classify,FALSE,,,,,,,,,,,,,,,,,,,,No
"Which player won the round, the player in the green uniform or the player in the blue uniform?
 
 (A) the player in the green uniform
 (B) the player in the blue uniform",/nas2/benchmarks/vpi/real/processed/table_tennis/0003_pt8.mp4,table_tennis,No,Attribute,Dict,Hyunseok,"Action ambiguity, Multi-entity attribution",Indexed attributes,Classify,FALSE,,,,,,,,,,,,,,,,,,,,No
How many time did any of the players hit the ball in total excluding the hit that made the ball hit the net?,/nas2/benchmarks/vpi/real/processed/table_tennis/0003_pt9.mp4,table_tennis,No,Count,Atmoic,Hyunseok,"Action ambiguity, Multi-entity attribution",Counter,Readout,FALSE,,,,,,,,,,,,,,,,,,,,No
"Where does the cubie with the orange sticker (at the top-left of the front face from the viewer's perspective) end up?
 
 (A) bottom-right
 (B) top-right
 (C) bottom-left
 (D) top-left",/nas2/benchmarks/vpi/real/processed/cube/0003_pt1.mp4,cube,No,Location,Atmoic,Sihyun,"Occlusion, Homogeneity",Discrete location,Readout,FALSE,,,,,,,,,,,,,,,,,,,,No
"Where does the cubie with the red sticker (at the top-right of the front face from the viewer's perspective) end up?
 
 (A) bottom-left
 (B) top-left
 (C) top-right
 (D) bottom-right",/nas2/benchmarks/vpi/real/processed/cube/0003_pt1.mp4,cube,No,Location,Atmoic,Sihyun,"Occlusion, Homogeneity",Discrete location,Readout,FALSE,,,,,,,,,,,,,,,,,,,,No
"Where does the cubie with the green sticker (at the top-right of the front face from the viewer's perspective) end up?
 
 (A) top-right
 (B) top-left
 (C) bottom-left
 (D) bottom-right",/nas2/benchmarks/vpi/real/processed/cube/0003_pt2.mp4,cube,No,Location,Atmoic,Sihyun,"Occlusion, Homogeneity",Discrete location,Readout,FALSE,,,,,,,,,,,,,,,,,,,,No
Where does the cubie with the green sticker (at the top-center of the front face from the viewer's perspective) end up?,/nas2/benchmarks/vpi/real/processed/cube/0003_pt2.mp4,cube,No,Location,Atmoic,Sihyun,"Occlusion, Homogeneity",Discrete location,Readout,FALSE,,,,,,,,,,,,,,,,,,,,Yes
"Where does the cubie with the orange sticker (at the bottom-left of the front face from the viewer's perspective) end up?
 
 (A) top-right
 (B) top-left
 (C) bottom-right
 (D) bottom-left",/nas2/benchmarks/vpi/real/processed/cube/0003_pt3.mp4,cube,No,Location,Atmoic,Sihyun,"Occlusion, Homogeneity",Discrete location,Readout,FALSE,,,,,,,,,,,,,,,,,,,,No
"Where does the cubie with the orange sticker (at the top-left of the front face from the viewer's perspective) end up?
 
 (A) top-right
 (B) top-left
 (C) bottom-right
 (D) bottom-left",/nas2/benchmarks/vpi/real/processed/cube/0003_pt4.mp4,cube,No,Location,Atmoic,Sihyun,"Occlusion, Homogeneity",Discrete location,Readout,FALSE,,,,,,,,,,,,,,,,,,,,No
"Where does the cubie with the black sticker (at the bottom-left of the front face from the viewer's perspective) end up?
 
 (A) bottom-left
 (B) top-left
 (C) top-right
 (D) bottom-right",/nas2/benchmarks/vpi/real/processed/cube/0004_pt1.mp4,cube,No,Location,Atmoic,Sihyun,"Occlusion, Homogeneity",Discrete location,Readout,FALSE,,,,,,,,,,,,,,,,,,,,No
"Where does the cubie with the blue sticker (at the top-left of the front face from the viewer's perspective) end up?
 
 (A) top-right
 (B) top-left
 (C) bottom-right
 (D) bottom-left",/nas2/benchmarks/vpi/real/processed/cube/0004_pt1.mp4,cube,No,Location,Atmoic,Sihyun,"Occlusion, Homogeneity",Discrete location,Readout,FALSE,,,,,,,,,,,,,,,,,,,,No
"Where does the cubie with the yellow sticker (at the bottom-right of the front face from the viewer's perspective) end up?
 
 (A) top-right
 (B) bottom-right
 (C) bottom-left
 (D) top-left",/nas2/benchmarks/vpi/real/processed/cube/0004_pt1.mp4,cube,No,Location,Atmoic,Sihyun,"Occlusion, Homogeneity",Discrete location,Readout,FALSE,,,,,,,,,,,,,,,,,,,,No
"Where does the cubie with the blue sticker (at the top-left of the front face from the viewer's perspective) end up?
 
 (A) bottom-left
 (B) top-left
 (C) top-right
 (D) bottom-right",/nas2/benchmarks/vpi/real/processed/cube/0004_pt2.mp4,cube,No,Location,Atmoic,Sihyun,"Occlusion, Homogeneity",Discrete location,Readout,FALSE,,,,,,,,,,,,,,,,,,,,No
"Where does the cubie with the green sticker (at the top-right of the front face from the viewer's perspective) end up?
 
 (A) bottom-left
 (B) top-right
 (C) top-left
 (D) bottom-right",/nas2/benchmarks/vpi/real/processed/cube/0004_pt2.mp4,cube,No,Location,Atmoic,Sihyun,"Occlusion, Homogeneity",Discrete location,Readout,FALSE,,,,,,,,,,,,,,,,,,,,No
"Where does the cubie with the red sticker (at the top-left of the front face from the viewer's perspective) end up?
 
 (A) bottom-left
 (B) top-right
 (C) bottom-right
 (D) top-left",/nas2/benchmarks/vpi/real/processed/cube/0004_pt3.mp4,cube,No,Location,Atmoic,Sihyun,"Occlusion, Homogeneity",Discrete location,Readout,FALSE,,,,,,,,,,,,,,,,,,,,No
What's the number of **different** players that attempt a pass in the video? Excluding the ball checking.,/nas2/benchmarks/vpi/real/processed/basketball/0001_pt10.mp4,basketball,No,Attribute,Set,Sihyun,"Action ambiguity, Multi-entity attribution, Occlusion",Set,,FALSE,,,,,,,,,,,,,,,,,,,,
What's the number of **different** players that get possession of the ball in the video? Excluding the ball checking.,/nas2/benchmarks/vpi/real/processed/basketball/0001_pt10.mp4,basketball,No,Attribute,Set,Sihyun,"Action ambiguity, Multi-entity attribution, Occlusion",Set,,FALSE,,,,,,,,,,,,,,,,,,,,
What's the number of **different** players that make a shot attempt in the video?,/nas2/benchmarks/vpi/real/processed/basketball/0001_pt1.mp4,basketball,No,Attribute,Set,Sihyun,"Action ambiguity, Multi-entity attribution, Occlusion",Set,,FALSE,,,,,,,,,,,,,,,,,,,,
What's the number of **different** players that attempt a pass in the video? Excluding the ball checking.,/nas2/benchmarks/vpi/real/processed/basketball/0001_pt1.mp4,basketball,No,Attribute,Set,Sihyun,"Action ambiguity, Multi-entity attribution, Occlusion",Set,,FALSE,,,,,,,,,,,,,,,,,,,,
What's the number of **different** players that get possession of the ball in the video? Excluding the ball checking.,/nas2/benchmarks/vpi/real/processed/basketball/0001_pt1.mp4,basketball,No,Attribute,Set,Sihyun,"Action ambiguity, Multi-entity attribution, Occlusion",Set,,FALSE,,,,,,,,,,,,,,,,,,,,
What's the number of **different** players that make a shot attempt in the video?,/nas2/benchmarks/vpi/real/processed/basketball/0001_pt3.mp4,basketball,No,Attribute,Set,Sihyun,"Action ambiguity, Multi-entity attribution, Occlusion",Set,,FALSE,,,,,,,,,,,,,,,,,,,,
What's the number of **different** players that attempt a pass in the video? Excluding the ball checking.,/nas2/benchmarks/vpi/real/processed/basketball/0001_pt3.mp4,basketball,No,Attribute,Set,Sihyun,"Action ambiguity, Multi-entity attribution, Occlusion",Set,,FALSE,,,,,,,,,,,,,,,,,,,,
What's the number of **different** players that get possession of the ball in the video? Excluding the ball checking.,/nas2/benchmarks/vpi/real/processed/basketball/0001_pt3.mp4,basketball,No,Attribute,Set,Sihyun,"Action ambiguity, Multi-entity attribution, Occlusion",Set,,FALSE,,,,,,,,,,,,,,,,,,,,
What's the number of **different** players that make a shot attempt in the video?,/nas2/benchmarks/vpi/real/processed/basketball/0001_pt4.mp4,basketball,No,Attribute,Set,Sihyun,"Action ambiguity, Multi-entity attribution, Occlusion",Set,,FALSE,,,,,,,,,,,,,,,,,,,,
What's the number of **different** players that attempt a pass in the video? Excluding the ball checking.,/nas2/benchmarks/vpi/real/processed/basketball/0001_pt4.mp4,basketball,No,Attribute,Set,Sihyun,"Action ambiguity, Multi-entity attribution, Occlusion",Set,,FALSE,,,,,,,,,,,,,,,,,,,,
What's the number of **different** players that get possession of the ball in the video? Excluding the ball checking.,/nas2/benchmarks/vpi/real/processed/basketball/0001_pt4.mp4,basketball,No,Attribute,Set,Sihyun,"Action ambiguity, Multi-entity attribution, Occlusion",Set,,FALSE,,,,,,,,,,,,,,,,,,,,
What's the number of **different** players that make a shot attempt in the video?,/nas2/benchmarks/vpi/real/processed/basketball/0001_pt5.mp4,basketball,No,Attribute,Set,Sihyun,"Action ambiguity, Multi-entity attribution, Occlusion",Set,,FALSE,,,,,,,,,,,,,,,,,,,,
What's the number of **different** players that attempt a pass in the video? Excluding the ball checking.,/nas2/benchmarks/vpi/real/processed/basketball/0001_pt5.mp4,basketball,No,Attribute,Set,Sihyun,"Action ambiguity, Multi-entity attribution, Occlusion",Set,,FALSE,,,,,,,,,,,,,,,,,,,,
What's the number of **different** players that get possession of the ball in the video? Excluding the ball checking.,/nas2/benchmarks/vpi/real/processed/basketball/0001_pt5.mp4,basketball,No,Attribute,Set,Sihyun,"Action ambiguity, Multi-entity attribution, Occlusion",Set,,FALSE,,,,,,,,,,,,,,,,,,,,
What's the number of **different** players that make a shot attempt in the video?,/nas2/benchmarks/vpi/real/processed/basketball/0001_pt6.mp4,basketball,No,Attribute,Set,Sihyun,"Action ambiguity, Multi-entity attribution, Occlusion",Set,,FALSE,,,,,,,,,,,,,,,,,,,,
What's the number of **different** players that attempt a pass in the video? Excluding the ball checking.,/nas2/benchmarks/vpi/real/processed/basketball/0001_pt6.mp4,basketball,No,Attribute,Set,Sihyun,"Action ambiguity, Multi-entity attribution, Occlusion",Set,,FALSE,,,,,,,,,,,,,,,,,,,,
What's the number of **different** players that get possession of the ball in the video? Excluding the ball checking.,/nas2/benchmarks/vpi/real/processed/basketball/0001_pt6.mp4,basketball,No,Attribute,Set,Sihyun,"Action ambiguity, Multi-entity attribution, Occlusion",Set,,FALSE,,,,,,,,,,,,,,,,,,,,
What's the number of **different** players that make a shot attempt in the video?,/nas2/benchmarks/vpi/real/processed/basketball/0001_pt7.mp4,basketball,No,Attribute,Set,Sihyun,"Action ambiguity, Multi-entity attribution, Occlusion",Set,,FALSE,,,,,,,,,,,,,,,,,,,,
What's the number of **different** players that attempt a pass in the video? Excluding the ball checking.,/nas2/benchmarks/vpi/real/processed/basketball/0001_pt7.mp4,basketball,No,Attribute,Set,Sihyun,"Action ambiguity, Multi-entity attribution, Occlusion",Set,,FALSE,,,,,,,,,,,,,,,,,,,,
What's the number of **different** players that get possession of the ball in the video? Excluding the ball checking.,/nas2/benchmarks/vpi/real/processed/basketball/0001_pt7.mp4,basketball,No,Attribute,Set,Sihyun,"Action ambiguity, Multi-entity attribution, Occlusion",Set,,FALSE,,,,,,,,,,,,,,,,,,,,
What's the number of **different** players that make a shot attempt in the video?,/nas2/benchmarks/vpi/real/processed/basketball/0001_pt8.mp4,basketball,No,Attribute,Set,Sihyun,"Action ambiguity, Multi-entity attribution, Occlusion",Set,,FALSE,,,,,,,,,,,,,,,,,,,,
What's the number of **different** players that attempt a pass in the video? Excluding the ball checking.,/nas2/benchmarks/vpi/real/processed/basketball/0001_pt8.mp4,basketball,No,Attribute,Set,Sihyun,"Action ambiguity, Multi-entity attribution, Occlusion",Set,,FALSE,,,,,,,,,,,,,,,,,,,,
What's the number of **different** players that get possession of the ball in the video? Excluding the ball checking.,/nas2/benchmarks/vpi/real/processed/basketball/0001_pt8.mp4,basketball,No,Attribute,Set,Sihyun,"Action ambiguity, Multi-entity attribution, Occlusion",Set,,FALSE,,,,,,,,,,,,,,,,,,,,
What's the number of **different** players that make a shot attempt in the video?,/nas2/benchmarks/vpi/real/processed/basketball/0001_pt9.mp4,basketball,No,Attribute,Set,Sihyun,"Action ambiguity, Multi-entity attribution, Occlusion",Set,,FALSE,,,,,,,,,,,,,,,,,,,,
What's the number of **different** players that attempt a pass in the video? Excluding the ball checking.,/nas2/benchmarks/vpi/real/processed/basketball/0001_pt9.mp4,basketball,No,Attribute,Set,Sihyun,"Action ambiguity, Multi-entity attribution, Occlusion",Set,,FALSE,,,,,,,,,,,,,,,,,,,,
What's the number of **different** players that get possession of the ball in the video? Excluding the ball checking.,/nas2/benchmarks/vpi/real/processed/basketball/0001_pt9.mp4,basketball,No,Attribute,Set,Sihyun,"Action ambiguity, Multi-entity attribution, Occlusion",Set,,FALSE,,,,,,,,,,,,,,,,,,,,
What's the number of **different** players that attempt a pass in the video? Excluding the ball checking.,/nas2/benchmarks/vpi/real/processed/basketball/0003_pt10.mp4,basketball,No,Attribute,Set,Sihyun,"Action ambiguity, Multi-entity attribution, Camera motion, Occlusion",Set,,FALSE,,,,,,,,,,,,,,,,,,,,
What's the number of **different** players that get possesion of the ball in the video?,/nas2/benchmarks/vpi/real/processed/basketball/0003_pt10.mp4,basketball,No,Attribute,Set,Sihyun,"Action ambiguity, Multi-entity attribution, Camera motion, Occlusion",Set,,FALSE,,,,,,,,,,,,,,,,,,,,
What's the number of **different** players that attempt a pass in the video? Excluding the ball checking.,/nas2/benchmarks/vpi/real/processed/basketball/0003_pt1.mp4,basketball,No,Attribute,Set,Sihyun,"Action ambiguity, Multi-entity attribution, Camera motion, Occlusion",Set,,FALSE,,,,,,,,,,,,,,,,,,,,
What's the number of **different** players that get possesion of the ball in the video?,/nas2/benchmarks/vpi/real/processed/basketball/0003_pt1.mp4,basketball,No,Attribute,Set,Sihyun,"Action ambiguity, Multi-entity attribution, Camera motion, Occlusion",Set,,FALSE,,,,,,,,,,,,,,,,,,,,
What's the number of **different** players that attempt a pass in the video? Excluding the ball checking.,/nas2/benchmarks/vpi/real/processed/basketball/0003_pt2.mp4,basketball,No,Attribute,Set,Sihyun,"Action ambiguity, Multi-entity attribution, Camera motion, Occlusion",Set,,FALSE,,,,,,,,,,,,,,,,,,,,
What's the number of **different** players that get possesion of the ball in the video?,/nas2/benchmarks/vpi/real/processed/basketball/0003_pt2.mp4,basketball,No,Attribute,Set,Sihyun,"Action ambiguity, Multi-entity attribution, Camera motion, Occlusion",Set,,FALSE,,,,,,,,,,,,,,,,,,,,
What's the number of **different** players that attempt a pass in the video? Excluding the ball checking.,/nas2/benchmarks/vpi/real/processed/basketball/0003_pt3.mp4,basketball,No,Attribute,Set,Sihyun,"Action ambiguity, Multi-entity attribution, Camera motion, Occlusion",Set,,FALSE,,,,,,,,,,,,,,,,,,,,
What's the number of **different** players that get possesion of the ball in the video?,/nas2/benchmarks/vpi/real/processed/basketball/0003_pt3.mp4,basketball,No,Attribute,Set,Sihyun,"Action ambiguity, Multi-entity attribution, Camera motion, Occlusion",Set,,FALSE,,,,,,,,,,,,,,,,,,,,
What's the number of **different** players that attempt a pass in the video? Excluding the ball checking.,/nas2/benchmarks/vpi/real/processed/basketball/0003_pt4.mp4,basketball,No,Attribute,Set,Sihyun,"Action ambiguity, Multi-entity attribution, Camera motion, Occlusion",Set,,FALSE,,,,,,,,,,,,,,,,,,,,
What's the number of **different** players that get possesion of the ball in the video?,/nas2/benchmarks/vpi/real/processed/basketball/0003_pt4.mp4,basketball,No,Attribute,Set,Sihyun,"Action ambiguity, Multi-entity attribution, Camera motion, Occlusion",Set,,FALSE,,,,,,,,,,,,,,,,,,,,
What's the number of **different** players that attempt a pass in the video? Excluding the ball checking.,/nas2/benchmarks/vpi/real/processed/basketball/0003_pt5.mp4,basketball,No,Attribute,Set,Sihyun,"Action ambiguity, Multi-entity attribution, Camera motion, Occlusion",Set,,FALSE,,,,,,,,,,,,,,,,,,,,
What's the number of **different** players that get possesion of the ball in the video?,/nas2/benchmarks/vpi/real/processed/basketball/0003_pt5.mp4,basketball,No,Attribute,Set,Sihyun,"Action ambiguity, Multi-entity attribution, Camera motion, Occlusion",Set,,FALSE,,,,,,,,,,,,,,,,,,,,
What's the number of **different** players that attempt a pass in the video? Excluding the ball checking.,/nas2/benchmarks/vpi/real/processed/basketball/0003_pt6.mp4,basketball,No,Attribute,Set,Sihyun,"Action ambiguity, Multi-entity attribution, Camera motion, Occlusion",Set,,FALSE,,,,,,,,,,,,,,,,,,,,
What's the number of **different** players that get possesion of the ball in the video?,/nas2/benchmarks/vpi/real/processed/basketball/0003_pt6.mp4,basketball,No,Attribute,Set,Sihyun,"Action ambiguity, Multi-entity attribution, Camera motion, Occlusion",Set,,FALSE,,,,,,,,,,,,,,,,,,,,
What's the number of **different** players that attempt a pass in the video? Excluding the ball checking.,/nas2/benchmarks/vpi/real/processed/basketball/0003_pt7.mp4,basketball,No,Attribute,Set,Sihyun,"Action ambiguity, Multi-entity attribution, Camera motion, Occlusion",Set,,FALSE,,,,,,,,,,,,,,,,,,,,
What's the number of **different** players that get possesion of the ball in the video?,/nas2/benchmarks/vpi/real/processed/basketball/0003_pt7.mp4,basketball,No,Attribute,Set,Sihyun,"Action ambiguity, Multi-entity attribution, Camera motion, Occlusion",Set,,FALSE,,,,,,,,,,,,,,,,,,,,
What's the number of **different** players that attempt a pass in the video? Excluding the ball checking.,/nas2/benchmarks/vpi/real/processed/basketball/0003_pt8.mp4,basketball,No,Attribute,Set,Sihyun,"Action ambiguity, Multi-entity attribution, Camera motion, Occlusion",Set,,FALSE,,,,,,,,,,,,,,,,,,,,
What's the number of **different** players that get possesion of the ball in the video?,/nas2/benchmarks/vpi/real/processed/basketball/0003_pt8.mp4,basketball,No,Attribute,Set,Sihyun,"Action ambiguity, Multi-entity attribution, Camera motion, Occlusion",Set,,FALSE,,,,,,,,,,,,,,,,,,,,
What's the number of **different** players that attempt a pass in the video? Excluding the ball checking.,/nas2/benchmarks/vpi/real/processed/basketball/0003_pt9.mp4,basketball,No,Attribute,Set,Sihyun,"Action ambiguity, Multi-entity attribution, Camera motion, Occlusion",Set,,FALSE,,,,,,,,,,,,,,,,,,,,
What's the number of **different** players that get possesion of the ball in the video?,/nas2/benchmarks/vpi/real/processed/basketball/0003_pt9.mp4,basketball,No,Attribute,Set,Sihyun,"Action ambiguity, Multi-entity attribution, Camera motion, Occlusion",Set,,FALSE,,,,,,,,,,,,,,,,,,,,
"What is the order of the punches thrown
 
 (A) [boxer with blue shoes, boxer with blue shoes, boxer with pink shoes, boxer with blue shoes, boxer with blue shoes, boxer with blue shoes, boxer with blue shoes, boxer with pink shoes, boxer with blue shoes]
 (B) [boxer with blue shoes, boxer with blue shoes, boxer with pink shoes, boxer with blue shoes, boxer with blue shoes, boxer with pink shoes, boxer with blue shoes, boxer with blue shoes, boxer with blue shoes]
 (C) [boxer with blue shoes, boxer with blue shoes, boxer with pink shoes, boxer with blue shoes, boxer with blue shoes, boxer with blue shoes, boxer with blue shoes, boxer with blue shoes, boxer with pink shoes]
 (D) [boxer with blue shoes, boxer with blue shoes, boxer with pink shoes, boxer with blue shoes, boxer with blue shoes, boxer with blue shoes, boxer with blue shoes, boxer with blue shoes, boxer with blue shoes]",/nas2/benchmarks/vpi/real/processed/boxing/0001_pt4.mp4,boxing,No,Attribute,Sequence,Sihyun,"Action ambiguity, Multi-entity attribution, Camera motion",Sequence,,FALSE,,,,,,,,,,,,,,,,,,,,
"What is the order of the jabs (left hand punch) (the jab does not have to hit the opponent)
 
 (A) [boxer with black shorts, boxer with black shorts, boxer with black shorts, boxer with black shorts, boxer with red shorts, boxer with black shorts, boxer with red shorts, boxer with red shorts, boxer with black shorts, boxer with black shorts, boxer with black shorts, boxer with black shorts]
 (B) [boxer with red shorts, boxer with black shorts, boxer with black shorts, boxer with black shorts, boxer with red shorts, boxer with black shorts, boxer with red shorts, boxer with red shorts, boxer with black shorts, boxer with black shorts, boxer with black shorts, boxer with black shorts]
 (C) [boxer with black shorts, boxer with black shorts, boxer with black shorts, boxer with black shorts, boxer with red shorts, boxer with black shorts, boxer with black shorts, boxer with red shorts, boxer with black shorts, boxer with black shorts, boxer with black shorts, boxer with black shorts]
 (D) [boxer with black shorts, boxer with red shorts, boxer with black shorts, boxer with black shorts, boxer with red shorts, boxer with black shorts, boxer with red shorts, boxer with red shorts, boxer with black shorts, boxer with black shorts, boxer with black shorts, boxer with black shorts]",/nas2/benchmarks/vpi/real/processed/boxing/0002_pt1.mp4,boxing,No,Attribute,Sequence,Sihyun,"Action ambiguity, Multi-entity attribution, Camera motion",Sequence,,FALSE,,,,,,,,,,,,,,,,,,,,
"what is the order of the side of punch thrown by the boxer with black shorts
 
 (A) [left, left, left, left, left, left, left, left, left]
 (B) [left, left, right, left, left, left, left, right, left]
 (C) [left, right, left, left, left, left, left, right, left]
 (D) [left, left, left, left, left, left, left, right, left]",/nas2/benchmarks/vpi/real/processed/boxing/0002_pt2.mp4,boxing,No,Location,Sequence,Sihyun,"Action ambiguity, Multi-entity attribution, Camera motion",Sequence,,FALSE,,,,,,,,,,,,,,,,,,,,
"what is the order of the side of punch thrown by the boxer with black shorts (does not have to hit/touch the opponent, half way of a punch also counts as a punch)
 
 (A) [left, left, left, left, left, left, left, left, right, left, left, left, left, right]
 (B) [left, right, left, left, left, left, left, left, right, left, left, left, left, right]
 (C) [left, left, left, left, left, left, left, right, right, left, left, left, left, right]
 (D) [left, left, left, right, left, left, left, left, right, left, left, left, left, right]",/nas2/benchmarks/vpi/real/processed/boxing/0002_pt3.mp4,boxing,No,Location,Sequence,Sihyun,"Action ambiguity, Multi-entity attribution, Camera motion",Sequence,,FALSE,,,,,,,,,,,,,,,,,,,,
"what is the order of the side of punch thrown by the boxer with black shorts that hit/touched the opponent
 
 (A) [left, left, left, left, right, right, left, left, right]
 (B) [left, left, left, left, right, left, left, left, left]
 (C) [left, left, left, left, right, left, left, right, right]
 (D) [left, left, left, left, right, left, left, left, right]",/nas2/benchmarks/vpi/real/processed/boxing/0002_pt3.mp4,boxing,No,Location,Sequence,Sihyun,"Action ambiguity, Multi-entity attribution, Camera motion",Sequence,,FALSE,,,,,,,,,,,,,,,,,,,,
"Identify where the boxer in the black shorts is aiming their punches
 
 (A) [glove of the boxer in red shorts, head of the boxer in red shorts, glove of the boxer in red shorts, glove of the boxer in red shorts]
 (B) [glove of the boxer in red shorts, glove of the boxer in red shorts, head of the boxer in red shorts, glove of the boxer in red shorts]
 (C) [glove of the boxer in red shorts, head of the boxer in red shorts, head of the boxer in red shorts, glove of the boxer in red shorts]
 (D) [head of the boxer in red shorts, head of the boxer in red shorts, head of the boxer in red shorts, glove of the boxer in red shorts]",/nas2/benchmarks/vpi/real/processed/boxing/0002_pt4.mp4,boxing,No,Attribute,Sequence,Sihyun,"Action ambiguity, Multi-entity attribution, Camera motion",Sequence,,FALSE,,,,,,,,,,,,,,,,,,,,
"What is the order of the punches thrown
 
 (A) [boxer with green shorts, boxer with black shorts, boxer with black shorts, boxer with green shorts, boxer with green shorts]
 (B) [boxer with black shorts, boxer with black shorts, boxer with black shorts, boxer with green shorts, boxer with green shorts]
 (C) [boxer with green shorts, boxer with green shorts, boxer with black shorts, boxer with green shorts, boxer with green shorts]
 (D) [boxer with green shorts, boxer with black shorts, boxer with black shorts, boxer with black shorts, boxer with green shorts]",/nas2/benchmarks/vpi/real/processed/boxing/0003_pt3.mp4,boxing,No,Attribute,Sequence,Sihyun,"Action ambiguity, Multi-entity attribution, Camera motion",Sequence,,FALSE,,,,,,,,,,,,,,,,,,,,
"What is the order of the left punches thrown
 
 (A) [boxer with black shorts, boxer with green shorts, boxer with black shorts, boxer with black shorts, boxer with green shorts]
 (B) [boxer with black shorts, boxer with black shorts, boxer with black shorts, boxer with black shorts, boxer with green shorts]
 (C) [boxer with black shorts, boxer with black shorts, boxer with black shorts, boxer with green shorts, boxer with green shorts]
 (D) [boxer with black shorts, boxer with black shorts, boxer with green shorts, boxer with black shorts, boxer with green shorts]",/nas2/benchmarks/vpi/real/processed/boxing/0003_pt4.mp4,boxing,No,Attribute,Sequence,Sihyun,"Action ambiguity, Multi-entity attribution, Camera motion",Sequence,,FALSE,,,,,,,,,,,,,,,,,,,,
"What is the order of the punches thrown
 
 (A) [right punch from boxer with white gloves, left punch from boxer with white gloves, left punch from boxer with red shots, right punch from boxer with red shots, right punch from boxer with white gloves, left punch from boxer with red shots, right punch from boxer with white gloves]
 (B) [left punch from boxer with red shots, left punch from boxer with white gloves, left punch from boxer with red shots, right punch from boxer with red shots, right punch from boxer with white gloves, left punch from boxer with white gloves, right punch from boxer with white gloves]
 (C) [right punch from boxer with white gloves, left punch from boxer with red shots, left punch from boxer with red shots, right punch from boxer with red shots, right punch from boxer with white gloves, left punch from boxer with white gloves, right punch from boxer with white gloves]
 (D) [right punch from boxer with white gloves, left punch from boxer with white gloves, left punch from boxer with red shots, right punch from boxer with red shots, right punch from boxer with white gloves, left punch from boxer with white gloves, right punch from boxer with white gloves]",/nas2/benchmarks/vpi/real/processed/boxing/0004_pt1.mp4,boxing,No,Attribute,Sequence,Sihyun,"Action ambiguity, Multi-entity attribution, Camera motion",Sequence,,FALSE,,,,,,,,,,,,,,,,,,,,
"What is the order of the side pf punches thrown by boxer in blue
 
 (A) [right, right, right, left, right, left, left, left, left, right]
 (B) [right, right, right, left, right, left, left, right, left, right]
 (C) [right, right, right, left, left, left, left, left, left, right]
 (D) [right, right, right, left, right, right, left, left, left, right]",/nas2/benchmarks/vpi/real/processed/boxing/0005_pt1.mp4,boxing,No,Location,Sequence,Sihyun,"Action ambiguity, Multi-entity attribution",Sequence,,FALSE,,,,,,,,,,,,,,,,,,,,
"What is the order of the side pf punches thrown by boxer in blue
 
 (A) [left, right, left, right, right, left]
 (B) [left, right, left, right, left, left]
 (C) [right, right, left, right, left, left]
 (D) [left, right, right, right, left, left]",/nas2/benchmarks/vpi/real/processed/boxing/0005_pt2.mp4,boxing,No,Location,Sequence,Sihyun,"Action ambiguity, Multi-entity attribution",Sequence,,FALSE,,,,,,,,,,,,,,,,,,,,
"From the viewer's perspective, what was the order in which the contestants finished eating their burgers?",/nas2/benchmarks/vpi/real/processed/eating_contest/0001_pt1.mp4,eating_contest,No,Attribute,Sequence,Sihyun,"Multi-entity attribution, Action ambiguity",Sequence,,FALSE,,,,,,,,,,,,,,,,,,,,Yes
"In chronological order, from which side of the table did the person pick up each burger and eat it: their right-hand side or their left-hand side?",/nas2/benchmarks/vpi/real/processed/eating_contest/0002_pt1.mp4,eating_contest,No,Attribute,Sequence,Sihyun,"Multi-entity attribution, Action ambiguity",Sequence,,FALSE,,,,,,,,,,,,,,,,,,,,Yes
"In the first point, where did the ball land on its second-to-last bounce? (Note: ""Left"" and ""right"" are from the perspective of the player on that side of the court).
 
 (A) the left service box
 (B) out of bounds
 (C) the backcourt
 (D) the right service box",/nas2/benchmarks/vpi/real/processed/tennis/0001_pt10.mp4,tennis,No,Location,Sequence,Sihyun,"Action ambiguity, Multi-entity attribution",Sequence,,FALSE,,,,,,,,,,,,,,,,,,,,
"In the first point, where did the ball land on its fourth-to-last bounce? (Note: ""Left"" and ""right"" are from the perspective of the player on that side of the court).
 
 (A) the right service box
 (B) the left service box
 (C) the backcourt
 (D) out of bounds",/nas2/benchmarks/vpi/real/processed/tennis/0001_pt10.mp4,tennis,No,Location,Sequence,Sihyun,"Action ambiguity, Multi-entity attribution",Sequence,,FALSE,,,,,,,,,,,,,,,,,,,,
"In the first point, which area was most frequently hit by the ball? (Note: ""Left"" and ""right"" are from the perspective of the player on that side of the court).
 
 (A) the backcourt
 (B) out of bounds
 (C) the right service box
 (D) the left service box",/nas2/benchmarks/vpi/real/processed/tennis/0001_pt10.mp4,tennis,No,Count,Dict,Sihyun,"Action ambiguity, Multi-entity attribution",Indexed counters,,FALSE,,,,,,,,,,,,,,,,,,,,
"In the second-to-last point, where did the ball land on its second-to-last bounce? (Note: ""Left"" and ""right"" are from the perspective of the player on that side of the court).
 
 (A) out of bounds
 (B) the right service box
 (C) the left service box
 (D) the backcourt",/nas2/benchmarks/vpi/real/processed/tennis/0001_pt10.mp4,tennis,No,Location,Sequence,Sihyun,"Action ambiguity, Multi-entity attribution",Sequence,,FALSE,,,,,,,,,,,,,,,,,,,,
"In the second-to-last point, where did the ball land on its fourth-to-last bounce? (Note: ""Left"" and ""right"" are from the perspective of the player on that side of the court).
 
 (A) out of bounds
 (B) the backcourt
 (C) the right service box
 (D) the left service box",/nas2/benchmarks/vpi/real/processed/tennis/0001_pt10.mp4,tennis,No,Location,Sequence,Sihyun,"Action ambiguity, Multi-entity attribution",Sequence,,FALSE,,,,,,,,,,,,,,,,,,,,
"In the second-to-last point, which area was most frequently hit by the ball? (Note: ""Left"" and ""right"" are from the perspective of the player on that side of the court).
 
 (A) the backcourt
 (B) the right service box
 (C) the left service box
 (D) out of bounds",/nas2/benchmarks/vpi/real/processed/tennis/0001_pt10.mp4,tennis,No,Count,Dict,Sihyun,"Action ambiguity, Multi-entity attribution",Indexed counters,,FALSE,,,,,,,,,,,,,,,,,,,,
"In what order do the players score throughout the video?
 
 (A) The white-shirt player -> the red-shirt player -> the red-shirt player
 (B) The white-shirt player -> the white-shirt player -> The white-shirt player
 (C) The white-shirt player -> the white-shirt player -> the red-shirt player
 (D) the red-shirt player -> the white-shirt player -> the red-shirt player",/nas2/benchmarks/vpi/real/processed/tennis/0001_pt10.mp4,tennis,No,Attribute,Sequence,Sihyun,"Action ambiguity, Multi-entity attribution",Sequence,,FALSE,,,,,,,,,,,,,,,,,,,,
"In the first point, where did the ball land on its second-to-last bounce? (Note: ""Left"" and ""right"" are from the perspective of the player on that side of the court).
 
 (A) the right service box
 (B) the left service box
 (C) the backcourt
 (D) out of bounds",/nas2/benchmarks/vpi/real/processed/tennis/0001_pt1.mp4,tennis,,,,Sihyun,"Action ambiguity, Multi-entity attribution",Sequence,,TRUE,,,,,,,,,,,,,,,,,,,,Yes
"In the first point, where did the ball land on its fourth-to-last bounce? (Note: ""Left"" and ""right"" are from the perspective of the player on that side of the court).
 
 (A) the left service box
 (B) the backcourt
 (C) out of bounds
 (D) the right service box",/nas2/benchmarks/vpi/real/processed/tennis/0001_pt1.mp4,tennis,No,Location,Sequence,Sihyun,"Action ambiguity, Multi-entity attribution",Sequence,,FALSE,,,,,,,,,,,,,,,,,,,,Yes
"In the second point, where did the ball land on its second-to-last bounce? (Note: ""Left"" and ""right"" are from the perspective of the player on that side of the court).
 
 (A) the left service box
 (B) the right service box
 (C) the backcourt
 (D) out of bounds",/nas2/benchmarks/vpi/real/processed/tennis/0001_pt1.mp4,tennis,No,Location,Sequence,Sihyun,"Action ambiguity, Multi-entity attribution",Sequence,,FALSE,,,,,,,,,,,,,,,,,,,,Yes
"In the second point, where did the ball land on its fourth-to-last bounce? (Note: ""Left"" and ""right"" are from the perspective of the player on that side of the court).
 
 (A) out of bounds
 (B) the left service box
 (C) the backcourt
 (D) the right service box",/nas2/benchmarks/vpi/real/processed/tennis/0001_pt1.mp4,tennis,No,Location,Sequence,Sihyun,"Action ambiguity, Multi-entity attribution",Sequence,,FALSE,,,,,,,,,,,,,,,,,,,,Yes
"In the second point, which area was most frequently hit by the ball? (Note: ""Left"" and ""right"" are from the perspective of the player on that side of the court).
 
 (A) the backcourt
 (B) the right service box
 (C) the left service box
 (D) out of bounds",/nas2/benchmarks/vpi/real/processed/tennis/0001_pt1.mp4,tennis,No,Count,Dict,Sihyun,"Action ambiguity, Multi-entity attribution",Indexed counters,,FALSE,,,,,,,,,,,,,,,,,,,,Yes
"In what order do the players score throughout the video?
 
 (A) The white-shirt player -> the blue-shirt player
 (B) The blue-shirt player -> the blue-shirt player
 (C) The blue-shirt player -> The white-shirt player",/nas2/benchmarks/vpi/real/processed/tennis/0001_pt1.mp4,tennis,No,Attribute,Sequence,Sihyun,"Action ambiguity, Multi-entity attribution",Sequence,,FALSE,,,,,,,,,,,,,,,,,,,,Yes
"In the third point, where did the ball land on its second-to-last bounce? (Note: ""Left"" and ""right"" are from the perspective of the player on that side of the court).
 
 (A) the left service box
 (B) out of bounds
 (C) the right service box
 (D) the backcourt",/nas2/benchmarks/vpi/real/processed/tennis/0001_pt2.mp4,tennis,,,,Sihyun,"Action ambiguity, Multi-entity attribution",Sequence,,TRUE,,,,,,,,,,,,,,,,,,,,Yes
"In the third point, where did the ball land on its fifth-to-last bounce? (Note: ""Left"" and ""right"" are from the perspective of the player on that side of the court).
 
 (A) out of bounds
 (B) the right service box
 (C) the left service box
 (D) the backcourt",/nas2/benchmarks/vpi/real/processed/tennis/0001_pt2.mp4,tennis,,,,Sihyun,"Action ambiguity, Multi-entity attribution",Sequence,,TRUE,,,,,,,,,,,,,,,,,,,,Yes
"In the third point, which area was most frequently hit by the ball? (Note: ""Left"" and ""right"" are from the perspective of the player on that side of the court).
 
 (A) the right service box
 (B) the backcourt
 (C) out of bounds
 (D) the left service box",/nas2/benchmarks/vpi/real/processed/tennis/0001_pt2.mp4,tennis,,,,Sihyun,"Action ambiguity, Multi-entity attribution",Indexed counters,,TRUE,,,,,,,,,,,,,,,,,,,,Yes
"In the second-to-last point, where did the scoring ball land? (Note: ""Left"" and ""right"" are from the perspective of the player on that side of the court).
 
 (A) the backcourt
 (B) the right service box
 (C) out of bounds
 (D) the left service box",/nas2/benchmarks/vpi/real/processed/tennis/0001_pt2.mp4,tennis,No,Location,Sequence,Sihyun,"Action ambiguity, Multi-entity attribution",Discrete location,,FALSE,,,,,,,,,,,,,,,,,,,,Yes
"In the second-to-last point, where did the ball land on its second-to-last bounce? (Note: ""Left"" and ""right"" are from the perspective of the player on that side of the court).
 
 (A) the left service box
 (B) out of bounds
 (C) the right service box
 (D) the backcourt",/nas2/benchmarks/vpi/real/processed/tennis/0001_pt2.mp4,tennis,No,Location,Sequence,Sihyun,"Action ambiguity, Multi-entity attribution",Sequence,,FALSE,,,,,,,,,,,,,,,,,,,,Yes
"In the second-to-last point, where did the ball land on its fourth-to-last bounce? (Note: ""Left"" and ""right"" are from the perspective of the player on that side of the court).
 
 (A) the right service box
 (B) the left service box
 (C) the backcourt
 (D) out of bounds",/nas2/benchmarks/vpi/real/processed/tennis/0001_pt2.mp4,tennis,No,Location,Sequence,Sihyun,"Action ambiguity, Multi-entity attribution",Sequence,,FALSE,,,,,,,,,,,,,,,,,,,,Yes
"In the second-to-last point, which area was most frequently hit by the ball? (Note: ""Left"" and ""right"" are from the perspective of the player on that side of the court).
 
 (A) the left service box
 (B) the backcourt
 (C) out of bounds
 (D) the right service box",/nas2/benchmarks/vpi/real/processed/tennis/0001_pt2.mp4,tennis,No,Count,Dict,Sihyun,"Action ambiguity, Multi-entity attribution",Sequence,,FALSE,,,,,,,,,,,,,,,,,,,,Yes
"In what order do the players score throughout the video?
 
 (A) The white-shirt player -> the blue-shirt player -> the blue-shirt player
 (B) The blue-shirt player -> the blue-shirt player -> The white-shirt player
 (C) The blue-shirt player -> the blue-shirt player -> the blue-shirt player
 (D) The blue-shirt player -> The white-shirt player -> the blue-shirt player",/nas2/benchmarks/vpi/real/processed/tennis/0001_pt2.mp4,tennis,,,,Sihyun,"Action ambiguity, Multi-entity attribution",Sequence,,TRUE,,,,,,,,,,,,,,,,,,,,
"In the first point, where did the ball land on its second-to-last bounce? (Note: ""Left"" and ""right"" are from the perspective of the player on that side of the court).
 
 (A) the left service box
 (B) out of bounds
 (C) the right service box
 (D) the backcourt",/nas2/benchmarks/vpi/real/processed/tennis/0001_pt3.mp4,tennis,,,,Sihyun,"Action ambiguity, Multi-entity attribution",Sequence,,TRUE,,,,,,,,,,,,,,,,,,,,
"In the first point, where did the ball land on its sixth-to-last bounce? (Note: ""Left"" and ""right"" are from the perspective of the player on that side of the court).
 
 (A) out of bounds
 (B) the left service box
 (C) the backcourt
 (D) the right service box",/nas2/benchmarks/vpi/real/processed/tennis/0001_pt3.mp4,tennis,No,Location,Sequence,Sihyun,"Action ambiguity, Multi-entity attribution",Sequence,,FALSE,,,,,,,,,,,,,,,,,,,,
"In the first point, which area was most frequently hit by the ball? (Note: ""Left"" and ""right"" are from the perspective of the player on that side of the court).
 
 (A) the backcourt
 (B) out of bounds
 (C) the right service box
 (D) the left service box",/nas2/benchmarks/vpi/real/processed/tennis/0001_pt3.mp4,tennis,No,Count,Dict,Sihyun,"Action ambiguity, Multi-entity attribution",Indexed counters,,FALSE,,,,,,,,,,,,,,,,,,,,
"In the last point, where did the scoring ball land? (Note: ""Left"" and ""right"" are from the perspective of the player on that side of the court).
 
 (A) the right service box
 (B) the backcourt
 (C) the left service box
 (D) out of bounds",/nas2/benchmarks/vpi/real/processed/tennis/0001_pt3.mp4,tennis,No,Location,Atmoic,Sihyun,"Action ambiguity, Multi-entity attribution",Discrete location,,FALSE,,,,,,,,,,,,,,,,,,,,
"In the last point, where did the ball land on its second-to-last bounce? (Note: ""Left"" and ""right"" are from the perspective of the player on that side of the court).
 
 (A) out of bounds
 (B) the right service box
 (C) the backcourt
 (D) the left service box",/nas2/benchmarks/vpi/real/processed/tennis/0001_pt3.mp4,tennis,No,Location,Sequence,Sihyun,"Action ambiguity, Multi-entity attribution",Sequence,,FALSE,,,,,,,,,,,,,,,,,,,,
"In the last point, where did the ball land on its fourth-to-last bounce? (Note: ""Left"" and ""right"" are from the perspective of the player on that side of the court).
 
 (A) the backcourt
 (B) the left service box
 (C) out of bounds
 (D) the right service box",/nas2/benchmarks/vpi/real/processed/tennis/0001_pt3.mp4,tennis,No,Location,Sequence,Sihyun,"Action ambiguity, Multi-entity attribution",Sequence,,FALSE,,,,,,,,,,,,,,,,,,,,
"In the last point, which area was most frequently hit by the ball? (Note: ""Left"" and ""right"" are from the perspective of the player on that side of the court).
 
 (A) the right service box
 (B) the backcourt
 (C) out of bounds
 (D) the left service box",/nas2/benchmarks/vpi/real/processed/tennis/0001_pt3.mp4,tennis,No,Count,Dict,Sihyun,"Action ambiguity, Multi-entity attribution",Indexed counters,,FALSE,,,,,,,,,,,,,,,,,,,,
"In what order do the players score throughout the video?
 
 (A) The blue-shirt player -> the blue-shirt player
 (B) The blue-shirt player -> The white-shirt player
 (C) The white-shirt player -> the blue-shirt player",/nas2/benchmarks/vpi/real/processed/tennis/0001_pt3.mp4,tennis,No,Attribute,Sequence,Sihyun,"Action ambiguity, Multi-entity attribution",Sequence,,FALSE,,,,,,,,,,,,,,,,,,,,
"In the first point, where did the ball land on its second-to-last bounce? (Note: ""Left"" and ""right"" are from the perspective of the player on that side of the court).
 
 (A) the right service box
 (B) the left service box
 (C) the backcourt
 (D) out of bounds",/nas2/benchmarks/vpi/real/processed/tennis/0001_pt4.mp4,tennis,,,,Sihyun,"Action ambiguity, Multi-entity attribution",Sequence,,TRUE,,,,,,,,,,,,,,,,,,,,
"In the first point, where did the ball land on its fourth-to-last bounce? (Note: ""Left"" and ""right"" are from the perspective of the player on that side of the court).
 
 (A) the backcourt
 (B) the left service box
 (C) the right service box
 (D) out of bounds",/nas2/benchmarks/vpi/real/processed/tennis/0001_pt4.mp4,tennis,No,Location,Sequence,Sihyun,"Action ambiguity, Multi-entity attribution",Sequence,,FALSE,,,,,,,,,,,,,,,,,,,,
"In the first point, which area was most frequently hit by the ball? (Note: ""Left"" and ""right"" are from the perspective of the player on that side of the court).
 
 (A) the backcourt
 (B) the right service box
 (C) the left service box
 (D) out of bounds",/nas2/benchmarks/vpi/real/processed/tennis/0001_pt4.mp4,tennis,No,Count,Dict,Sihyun,"Action ambiguity, Multi-entity attribution",Indexed counters,,FALSE,,,,,,,,,,,,,,,,,,,,
"In the last point, where did the scoring ball land? (Note: ""Left"" and ""right"" are from the perspective of the player on that side of the court).
 
 (A) the left service box
 (B) out of bounds
 (C) the backcourt
 (D) the right service box",/nas2/benchmarks/vpi/real/processed/tennis/0001_pt4.mp4,tennis,No,Location,Atmoic,Sihyun,"Action ambiguity, Multi-entity attribution",Discrete location,,FALSE,,,,,,,,,,,,,,,,,,,,
"In the last point, where did the ball land on its second-to-last bounce? (Note: ""Left"" and ""right"" are from the perspective of the player on that side of the court).
 
 (A) the backcourt
 (B) out of bounds
 (C) the left service box
 (D) the right service box",/nas2/benchmarks/vpi/real/processed/tennis/0001_pt4.mp4,tennis,No,Location,Sequence,Sihyun,"Action ambiguity, Multi-entity attribution",Sequence,,FALSE,,,,,,,,,,,,,,,,,,,,
"In the last point, where did the ball land on its fourth-to-last bounce? (Note: ""Left"" and ""right"" are from the perspective of the player on that side of the court).
 
 (A) out of bounds
 (B) the left service box
 (C) the backcourt
 (D) the right service box",/nas2/benchmarks/vpi/real/processed/tennis/0001_pt4.mp4,tennis,No,Location,Sequence,Sihyun,"Action ambiguity, Multi-entity attribution",Sequence,,FALSE,,,,,,,,,,,,,,,,,,,,
"In the last point, which area was most frequently hit by the ball? (Note: ""Left"" and ""right"" are from the perspective of the player on that side of the court).
 
 (A) the backcourt
 (B) the right service box
 (C) the left service box
 (D) out of bounds",/nas2/benchmarks/vpi/real/processed/tennis/0001_pt4.mp4,tennis,No,Count,Dict,Sihyun,"Action ambiguity, Multi-entity attribution",Indexed counters,,FALSE,,,,,,,,,,,,,,,,,,,,
"In what order do the players score throughout the video?
 
 (A) The blue-shirt player -> The white-shirt player
 (B) The blue-shirt player -> the blue-shirt player
 (C) The white-shirt player -> the blue-shirt player",/nas2/benchmarks/vpi/real/processed/tennis/0001_pt4.mp4,tennis,No,Attribute,Sequence,Sihyun,"Action ambiguity, Multi-entity attribution",Sequence,,FALSE,,,,,,,,,,,,,,,,,,,,
"In the first point, where did the ball land on its second-to-last bounce? (Note: ""Left"" and ""right"" are from the perspective of the player on that side of the court).
 
 (A) the right service box
 (B) the left service box
 (C) the backcourt
 (D) out of bounds",/nas2/benchmarks/vpi/real/processed/tennis/0001_pt5.mp4,tennis,,,,Sihyun,"Action ambiguity, Multi-entity attribution",Sequence,,TRUE,,,,,,,,,,,,,,,,,,,,
"In the first point, where did the ball land on its fourth-to-last bounce? (Note: ""Left"" and ""right"" are from the perspective of the player on that side of the court).
 
 (A) the right service box
 (B) out of bounds
 (C) the backcourt
 (D) the left service box",/nas2/benchmarks/vpi/real/processed/tennis/0001_pt5.mp4,tennis,No,Location,Sequence,Sihyun,"Action ambiguity, Multi-entity attribution",Sequence,,FALSE,,,,,,,,,,,,,,,,,,,,
"In the first point, which area was most frequently hit by the ball? (Note: ""Left"" and ""right"" are from the perspective of the player on that side of the court).
 
 (A) the right service box
 (B) the backcourt
 (C) the left service box
 (D) out of bounds",/nas2/benchmarks/vpi/real/processed/tennis/0001_pt5.mp4,tennis,No,Count,Dict,Sihyun,"Action ambiguity, Multi-entity attribution",Indexed counters,,FALSE,,,,,,,,,,,,,,,,,,,,
"In the first point, where did the scoring ball land? (Note: ""Left"" and ""right"" are from the perspective of the player on that side of the court).
 
 (A) out of bounds
 (B) the backcourt
 (C) the left service box
 (D) the right service box",/nas2/benchmarks/vpi/real/processed/tennis/0001_pt5.mp4,tennis,No,Location,Atmoic,Sihyun,"Action ambiguity, Multi-entity attribution",Sequence,,FALSE,,,,,,,,,,,,,,,,,,,,
"In the last point, where did the ball land on its second-to-last bounce? (Note: ""Left"" and ""right"" are from the perspective of the player on that side of the court).
 
 (A) out of bounds
 (B) the left service box
 (C) the backcourt
 (D) the right service box",/nas2/benchmarks/vpi/real/processed/tennis/0001_pt5.mp4,tennis,No,Location,Sequence,Sihyun,"Action ambiguity, Multi-entity attribution",Sequence,,FALSE,,,,,,,,,,,,,,,,,,,,
"In the last point, where did the ball land on its fourth-to-last bounce? (Note: ""Left"" and ""right"" are from the perspective of the player on that side of the court).
 
 (A) out of bounds
 (B) the right service box
 (C) the backcourt
 (D) the left service box",/nas2/benchmarks/vpi/real/processed/tennis/0001_pt5.mp4,tennis,No,Location,Sequence,Sihyun,"Action ambiguity, Multi-entity attribution",Sequence,,FALSE,,,,,,,,,,,,,,,,,,,,
"In the last point, which area was most frequently hit by the ball? (Note: ""Left"" and ""right"" are from the perspective of the player on that side of the court).
 
 (A) the backcourt
 (B) the left service box
 (C) out of bounds
 (D) the right service box",/nas2/benchmarks/vpi/real/processed/tennis/0001_pt5.mp4,tennis,No,Count,Dict,Sihyun,"Action ambiguity, Multi-entity attribution",Indexed counters,,FALSE,,,,,,,,,,,,,,,,,,,,
"In what order do the players score throughout the video?
 
 (A) The white-shirt player -> the blue-shirt player
 (B) The blue-shirt player -> the blue-shirt player
 (C) The blue-shirt player -> The white-shirt player",/nas2/benchmarks/vpi/real/processed/tennis/0001_pt5.mp4,tennis,No,Attribute,Sequence,Sihyun,"Action ambiguity, Multi-entity attribution",Sequence,,FALSE,,,,,,,,,,,,,,,,,,,,
"In the last point, where did the ball land on its second-to-last bounce? (Note: ""Left"" and ""right"" are from the perspective of the player on that side of the court).
 
 (A) the backcourt
 (B) out of bounds
 (C) the right service box
 (D) the left service box",/nas2/benchmarks/vpi/real/processed/tennis/0001_pt6.mp4,tennis,,,,Sihyun,"Action ambiguity, Multi-entity attribution",Sequence,,TRUE,,,,,,,,,,,,,,,,,,,,
"In the last point, where did the ball land on its third-to-last bounce? (Note: ""Left"" and ""right"" are from the perspective of the player on that side of the court).
 
 (A) out of bounds
 (B) the backcourt
 (C) the right service box
 (D) the left service box",/nas2/benchmarks/vpi/real/processed/tennis/0001_pt6.mp4,tennis,No,Location,Sequence,Sihyun,"Action ambiguity, Multi-entity attribution",Sequence,,FALSE,,,,,,,,,,,,,,,,,,,,
"In the last point, which area was most frequently hit by the ball? (Note: ""Left"" and ""right"" are from the perspective of the player on that side of the court).
 
 (A) the right service box
 (B) out of bounds
 (C) the left service box
 (D) the backcourt",/nas2/benchmarks/vpi/real/processed/tennis/0001_pt6.mp4,tennis,No,Count,Dict,Sihyun,"Action ambiguity, Multi-entity attribution",Indexed counters,,FALSE,,,,,,,,,,,,,,,,,,,,
"In what order do the players score throughout the video?
 
 (A) the blue-shirt player -> the blue-shirt player -> the blue-shirt player
 (B) The white-shirt player -> The white-shirt player -> the blue-shirt player
 (C) The white-shirt player -> the blue-shirt player -> the blue-shirt player
 (D) The white-shirt player -> the blue-shirt player -> The white-shirt player",/nas2/benchmarks/vpi/real/processed/tennis/0001_pt6.mp4,tennis,No,Attribute,Sequence,Sihyun,"Action ambiguity, Multi-entity attribution",Sequence,,FALSE,,,,,,,,,,,,,,,,,,,,
"In the last point, where did the scoring ball land? (Note: ""Left"" and ""right"" are from the perspective of the player on that side of the court).
 
 (A) out of bounds
 (B) the left service box
 (C) the right service box
 (D) the backcourt",/nas2/benchmarks/vpi/real/processed/tennis/0001_pt7.mp4,tennis,,,,Sihyun,"Action ambiguity, Multi-entity attribution",Discrete location,,TRUE,,,,,,,,,,,,,,,,,,,,
"In the last point, where did the ball land on its second-to-last bounce? (Note: ""Left"" and ""right"" are from the perspective of the player on that side of the court).
 
 (A) out of bounds
 (B) the backcourt
 (C) the right service box
 (D) the left service box",/nas2/benchmarks/vpi/real/processed/tennis/0001_pt7.mp4,tennis,No,Location,Sequence,Sihyun,"Action ambiguity, Multi-entity attribution",Sequence,,FALSE,,,,,,,,,,,,,,,,,,,,
"In the last point, where did the ball land on its third-to-last bounce? (Note: ""Left"" and ""right"" are from the perspective of the player on that side of the court).
 
 (A) out of bounds
 (B) the backcourt
 (C) the right service box
 (D) the left service box",/nas2/benchmarks/vpi/real/processed/tennis/0001_pt7.mp4,tennis,No,Location,Sequence,Sihyun,"Action ambiguity, Multi-entity attribution",Sequence,,FALSE,,,,,,,,,,,,,,,,,,,,
"In the last point, which area was second most frequently hit by the ball? (Note: ""Left"" and ""right"" are from the perspective of the player on that side of the court).
 
 (A) the left service box
 (B) out of bounds
 (C) the right service box
 (D) the backcourt",/nas2/benchmarks/vpi/real/processed/tennis/0001_pt7.mp4,tennis,No,Count,Dict,Sihyun,"Action ambiguity, Multi-entity attribution",Indexed counters,,FALSE,,,,,,,,,,,,,,,,,,,,
"In what order do the players score throughout the video?
 
 (A) The white-shirt player -> The white-shirt player -> the red-shirt player
 (B) The white-shirt player -> the red-shirt player -> The white-shirt player
 (C) the red-shirt player -> the red-shirt player -> the red-shirt player
 (D) The white-shirt player -> the red-shirt player -> the red-shirt player",/nas2/benchmarks/vpi/real/processed/tennis/0001_pt7.mp4,tennis,No,Attribute,Sequence,Sihyun,"Action ambiguity, Multi-entity attribution",Sequence,,FALSE,,,,,,,,,,,,,,,,,,,,
"In the last point, where did the scoring ball land? (Note: ""Left"" and ""right"" are from the perspective of the player on that side of the court).
 
 (A) the left service box
 (B) the backcourt
 (C) the right service box
 (D) out of bounds",/nas2/benchmarks/vpi/real/processed/tennis/0001_pt8.mp4,tennis,,,,Sihyun,"Action ambiguity, Multi-entity attribution",Discrete location,,TRUE,,,,,,,,,,,,,,,,,,,,
"In the last point, where did the ball land on its second-to-last bounce? (Note: ""Left"" and ""right"" are from the perspective of the player on that side of the court).
 
 (A) out of bounds
 (B) the left service box
 (C) the backcourt
 (D) the right service box",/nas2/benchmarks/vpi/real/processed/tennis/0001_pt8.mp4,tennis,No,Location,Sequence,Sihyun,"Action ambiguity, Multi-entity attribution",Sequence,,FALSE,,,,,,,,,,,,,,,,,,,,
"In the last point, where did the ball land on its fourth-to-last bounce? (Note: ""Left"" and ""right"" are from the perspective of the player on that side of the court).
 
 (A) the right service box
 (B) the backcourt
 (C) the left service box
 (D) out of bounds",/nas2/benchmarks/vpi/real/processed/tennis/0001_pt8.mp4,tennis,No,Location,Sequence,Sihyun,"Action ambiguity, Multi-entity attribution",Sequence,,FALSE,,,,,,,,,,,,,,,,,,,,
"In the last point, which area was most frequently hit by the ball? (Note: ""Left"" and ""right"" are from the perspective of the player on that side of the court).
 
 (A) the left service box
 (B) out of bounds
 (C) the right service box
 (D) the backcourt",/nas2/benchmarks/vpi/real/processed/tennis/0001_pt8.mp4,tennis,No,Count,Dict,Sihyun,"Action ambiguity, Multi-entity attribution",Indexed counters,,FALSE,,,,,,,,,,,,,,,,,,,,
"In what order do the players score throughout the video?
 
 (A) The white-shirt player -> The red-shirt player -> the white-shirt player
 (B) The red-shirt player -> the white-shirt player -> the white-shirt player
 (C) The white-shirt player -> the white-shirt player -> The red-shirt player
 (D) The white-shirt player -> the white-shirt player -> the white-shirt player",/nas2/benchmarks/vpi/real/processed/tennis/0001_pt8.mp4,tennis,No,Attribute,Sequence,Sihyun,"Action ambiguity, Multi-entity attribution",Sequence,,FALSE,,,,,,,,,,,,,,,,,,,,
"In the last point, where did the scoring ball land? (Note: ""Left"" and ""right"" are from the perspective of the player on that side of the court).
 
 (A) the right service box
 (B) out of bounds
 (C) the backcourt
 (D) the left service box",/nas2/benchmarks/vpi/real/processed/tennis/0001_pt9.mp4,tennis,,,,Sihyun,"Action ambiguity, Multi-entity attribution",Discrete location,,TRUE,,,,,,,,,,,,,,,,,,,,
"In the last point, where did the ball land on its second-to-last bounce? (Note: ""Left"" and ""right"" are from the perspective of the player on that side of the court).
 
 (A) the right service box
 (B) the left service box
 (C) the backcourt
 (D) out of bounds",/nas2/benchmarks/vpi/real/processed/tennis/0001_pt9.mp4,tennis,No,Location,Sequence,Sihyun,"Action ambiguity, Multi-entity attribution",Sequence,,FALSE,,,,,,,,,,,,,,,,,,,,
"In the last point, where did the ball land on its fourth-to-last bounce? (Note: ""Left"" and ""right"" are from the perspective of the player on that side of the court).
 
 (A) the right service box
 (B) the left service box
 (C) the backcourt
 (D) out of bounds",/nas2/benchmarks/vpi/real/processed/tennis/0001_pt9.mp4,tennis,No,Location,Sequence,Sihyun,"Action ambiguity, Multi-entity attribution",Sequence,,FALSE,,,,,,,,,,,,,,,,,,,,
"In the last point, which area was most frequently hit by the ball? (Note: ""Left"" and ""right"" are from the perspective of the player on that side of the court).
 
 (A) out of bounds
 (B) the right service box
 (C) the backcourt
 (D) the left service box",/nas2/benchmarks/vpi/real/processed/tennis/0001_pt9.mp4,tennis,No,Count,Dict,Sihyun,"Action ambiguity, Multi-entity attribution",Indexed counters,,FALSE,,,,,,,,,,,,,,,,,,,,
"In what order do the players score throughout the video?
 
 (A) The white-shirt player -> the white-shirt player -> The red-shirt player
 (B) The red-shirt player -> the white-shirt player -> the white-shirt player
 (C) The white-shirt player -> The red-shirt player -> the white-shirt player
 (D) The white-shirt player -> the white-shirt player -> the white-shirt player",/nas2/benchmarks/vpi/real/processed/tennis/0001_pt9.mp4,tennis,No,Attribute,Sequence,Sihyun,"Action ambiguity, Multi-entity attribution",Sequence,,FALSE,,,,,,,,,,,,,,,,,,,,
"In the first point, where did the scoring ball land? (Note: ""Left"" and ""right"" are from the perspective of the player on that side of the court).
 
 (A) the left service box
 (B) out of bounds
 (C) the backcourt
 (D) the right service box",/nas2/benchmarks/vpi/real/processed/tennis/0002_pt10.mp4,tennis,,,,Sihyun,"Action ambiguity, Multi-entity attribution",Discrete location,,TRUE,,,,,,,,,,,,,,,,,,,,
"In the second-to-last point, where did the ball land on its second-to-last bounce? (Note: ""Left"" and ""right"" are from the perspective of the player on that side of the court).
 
 (A) the left service box
 (B) the backcourt
 (C) out of bounds
 (D) the right service box",/nas2/benchmarks/vpi/real/processed/tennis/0002_pt10.mp4,tennis,No,Location,Sequence,Sihyun,"Action ambiguity, Multi-entity attribution",Sequence,,FALSE,,,,,,,,,,,,,,,,,,,,
"In the second-to-last point, which area was most frequently hit by the ball? (Note: ""Left"" and ""right"" are from the perspective of the player on that side of the court).
 
 (A) the left service box
 (B) out of bounds
 (C) the right service box
 (D) the backcourt",/nas2/benchmarks/vpi/real/processed/tennis/0002_pt10.mp4,tennis,No,Count,Dict,Sihyun,"Action ambiguity, Multi-entity attribution",Sequence,,FALSE,,,,,,,,,,,,,,,,,,,,
"In what order do the players score throughout the video?
 
 (A) The blue-shirt player -> the blue-shirt player -> the blue-shirt player -> the white-shirt player -> the blue-shirt player
 (B) the white-shirt player -> the blue-shirt player -> the blue-shirt player -> the white-shirt player -> the blue-shirt player
 (C) The blue-shirt player -> the white-shirt player -> the blue-shirt player -> the white-shirt player -> the blue-shirt player
 (D) The blue-shirt player -> the blue-shirt player -> the white-shirt player -> the white-shirt player -> the blue-shirt player",/nas2/benchmarks/vpi/real/processed/tennis/0002_pt10.mp4,tennis,,,,Sihyun,"Action ambiguity, Multi-entity attribution",Sequence,,TRUE,,,,,,,,,,,,,,,,,,,,
"In the second-to-last point, where did the scoring ball land? (Note: ""Left"" and ""right"" are from the perspective of the player on that side of the court).
 
 (A) the backcourt
 (B) out of bounds
 (C) the left service box
 (D) the right service box",/nas2/benchmarks/vpi/real/processed/tennis/0002_pt1.mp4,tennis,,,,Sihyun,"Action ambiguity, Multi-entity attribution",Sequence,,TRUE,,,,,,,,,,,,,,,,,,,,
"In the last point, where did the ball land on its second-to-last bounce? (Note: ""Left"" and ""right"" are from the perspective of the player on that side of the court).
 
 (A) out of bounds
 (B) the left service box
 (C) the right service box
 (D) the backcourt",/nas2/benchmarks/vpi/real/processed/tennis/0002_pt1.mp4,tennis,No,Location,Sequence,Sihyun,"Action ambiguity, Multi-entity attribution",Sequence,,FALSE,,,,,,,,,,,,,,,,,,,,
"In the last point, where did the ball land on its third-to-last bounce? (Note: ""Left"" and ""right"" are from the perspective of the player on that side of the court).
 
 (A) the left service box
 (B) out of bounds
 (C) the backcourt
 (D) the right service box",/nas2/benchmarks/vpi/real/processed/tennis/0002_pt1.mp4,tennis,No,Location,Sequence,Sihyun,"Action ambiguity, Multi-entity attribution",Sequence,,FALSE,,,,,,,,,,,,,,,,,,,,
"In the last point, which area was most frequently hit by the ball? (Note: ""Left"" and ""right"" are from the perspective of the player on that side of the court).
 
 (A) the right service box
 (B) the left service box
 (C) the backcourt
 (D) out of bounds",/nas2/benchmarks/vpi/real/processed/tennis/0002_pt1.mp4,tennis,No,Count,Dict,Sihyun,"Action ambiguity, Multi-entity attribution",Indexed counters,,FALSE,,,,,,,,,,,,,,,,,,,,
"In what order do the players score throughout the video?
 
 (A) The white-shirt and black-vest player -> The white-shirt and black-vest player -> the white-shirt and black-vest player
 (B) The white-shirt and black-vest player -> the black-shirt player -> the black-shirt player
 (C) the black-shirt player -> the black-shirt player -> the white-shirt and black-vest player
 (D) The white-shirt and black-vest player -> the black-shirt player -> the white-shirt and black-vest player",/nas2/benchmarks/vpi/real/processed/tennis/0002_pt1.mp4,tennis,No,Attribute,Sequence,Sihyun,"Action ambiguity, Multi-entity attribution",Sequence,,FALSE,,,,,,,,,,,,,,,,,,,,
"In the first point, where did the scoring ball land? (Note: ""Left"" and ""right"" are from the perspective of the player on that side of the court).
 
 (A) the right service box
 (B) the left service box
 (C) out of bounds
 (D) the backcourt",/nas2/benchmarks/vpi/real/processed/tennis/0002_pt2.mp4,tennis,,,,Sihyun,"Action ambiguity, Multi-entity attribution",Discrete location,,TRUE,,,,,,,,,,,,,,,,,,,,
"In the last point, where did the ball land on its third-to-last bounce? (Note: ""Left"" and ""right"" are from the perspective of the player on that side of the court).
 
 (A) out of bounds
 (B) the left service box
 (C) the backcourt
 (D) the right service box",/nas2/benchmarks/vpi/real/processed/tennis/0002_pt2.mp4,tennis,No,Location,Sequence,Sihyun,"Action ambiguity, Multi-entity attribution",Sequence,,FALSE,,,,,,,,,,,,,,,,,,,,
"In the last point, which area was most frequently hit by the ball? (Note: ""Left"" and ""right"" are from the perspective of the player on that side of the court).
 
 (A) the left service box
 (B) the right service box
 (C) out of bounds
 (D) the backcourt",/nas2/benchmarks/vpi/real/processed/tennis/0002_pt2.mp4,tennis,No,Count,Dict,Sihyun,"Action ambiguity, Multi-entity attribution",Indexed counters,,FALSE,,,,,,,,,,,,,,,,,,,,
"In what order do the players score throughout the video?
 
 (A) The white-shirt and black-vest player -> the white-shirt and black-vest player -> the white-shirt and black-vest player
 (B) The white-shirt player -> the white-shirt and black-vest player -> the white-shirt and black-vest player
 (C) The white-shirt and black-vest player -> the white-shirt and black-vest player -> The white-shirt player
 (D) The white-shirt and black-vest player -> the white-shirt and black-vest player -> The black-vest player",/nas2/benchmarks/vpi/real/processed/tennis/0002_pt2.mp4,tennis,No,Attribute,Sequence,Sihyun,"Action ambiguity, Multi-entity attribution",Sequence,,FALSE,,,,,,,,,,,,,,,,,,,,
"In the last point, where did the scoring ball land? (Note: ""Left"" and ""right"" are from the perspective of the player on that side of the court).
 
 (A) the backcourt
 (B) the left service box
 (C) the right service box
 (D) out of bounds",/nas2/benchmarks/vpi/real/processed/tennis/0002_pt3.mp4,tennis,,,,Sihyun,"Action ambiguity, Multi-entity attribution",Discrete location,,TRUE,,,,,,,,,,,,,,,,,,,,
"In the first point, where did the ball land on its third-to-last bounce? (Note: ""Left"" and ""right"" are from the perspective of the player on that side of the court).
 
 (A) the left service box
 (B) the right service box
 (C) out of bounds
 (D) the backcourt",/nas2/benchmarks/vpi/real/processed/tennis/0002_pt3.mp4,tennis,No,Location,Sequence,Sihyun,"Action ambiguity, Multi-entity attribution",Sequence,,FALSE,,,,,,,,,,,,,,,,,,,,
"In the last point, which area was most frequently hit by the ball? (Note: ""Left"" and ""right"" are from the perspective of the player on that side of the court).
 
 (A) the backcourt
 (B) the right service box
 (C) out of bounds
 (D) the left service box",/nas2/benchmarks/vpi/real/processed/tennis/0002_pt3.mp4,tennis,No,Count,Dict,Sihyun,"Action ambiguity, Multi-entity attribution",Indexed counters,,FALSE,,,,,,,,,,,,,,,,,,,,
"In what order do the players score throughout the video?
 
 (A) the white-shirt and black-vest player -> the white-shirt and black-vest player -> the white-shirt and black-vest player
 (B) The black-shirt player -> The black-shirt player -> the white-shirt and black-vest player
 (C) The black-shirt player -> the white-shirt and black-vest player -> The black-shirt player
 (D) The black-shirt player -> the white-shirt and black-vest player -> the white-shirt and black-vest player",/nas2/benchmarks/vpi/real/processed/tennis/0002_pt3.mp4,tennis,No,Attribute,Sequence,Sihyun,"Action ambiguity, Multi-entity attribution",Sequence,,FALSE,,,,,,,,,,,,,,,,,,,,
"In the last point, where did the scoring ball land? (Note: ""Left"" and ""right"" are from the perspective of the player on that side of the court).
 
 (A) the left service box
 (B) the backcourt
 (C) the right service box
 (D) out of bounds",/nas2/benchmarks/vpi/real/processed/tennis/0002_pt4.mp4,tennis,,,,Sihyun,"Action ambiguity, Multi-entity attribution",Discrete location,,TRUE,,,,,,,,,,,,,,,,,,,,
"In the second-to-last point, where did the ball land on its fourth-to-last bounce? (Note: ""Left"" and ""right"" are from the perspective of the player on that side of the court).
 
 (A) the right service box
 (B) out of bounds
 (C) the backcourt
 (D) the left service box",/nas2/benchmarks/vpi/real/processed/tennis/0002_pt4.mp4,tennis,No,Location,Sequence,Sihyun,"Action ambiguity, Multi-entity attribution",Sequence,,FALSE,,,,,,,,,,,,,,,,,,,,
"In the second-to-last point, which area was most frequently hit by the ball? (Note: ""Left"" and ""right"" are from the perspective of the player on that side of the court).
 
 (A) the right service box
 (B) the left service box
 (C) out of bounds
 (D) the backcourt",/nas2/benchmarks/vpi/real/processed/tennis/0002_pt4.mp4,tennis,No,Location,Sequence,Sihyun,"Action ambiguity, Multi-entity attribution",Indexed counters,,FALSE,,,,,,,,,,,,,,,,,,,,
"In what order do the players score throughout the video?
 
 (A) the white-shirt and black-vest player -> the white-shirt and black-vest player -> the white-shirt and black-vest player
 (B) The blue-shirt player -> The blue-shirt player -> the white-shirt and black-vest player
 (C) The blue-shirt player -> the white-shirt and black-vest player -> The blue-shirt player
 (D) The blue-shirt player -> the white-shirt and black-vest player -> the white-shirt and black-vest player",/nas2/benchmarks/vpi/real/processed/tennis/0002_pt4.mp4,tennis,No,Attribute,Sequence,Sihyun,"Action ambiguity, Multi-entity attribution",Sequence,,FALSE,,,,,,,,,,,,,,,,,,,,
"In the second-to-last point, where did the scoring ball land? (Note: ""Left"" and ""right"" are from the perspective of the player on that side of the court).
 
 (A) out of bounds
 (B) the left service box
 (C) the backcourt
 (D) the right service box",/nas2/benchmarks/vpi/real/processed/tennis/0002_pt5.mp4,tennis,,,,Sihyun,"Action ambiguity, Multi-entity attribution",Sequence,,TRUE,,,,,,,,,,,,,,,,,,,,
"In the second-to-last point, where did the ball land on its third-to-last bounce? (Note: ""Left"" and ""right"" are from the perspective of the player on that side of the court).
 
 (A) the backcourt
 (B) out of bounds
 (C) the left service box
 (D) the right service box",/nas2/benchmarks/vpi/real/processed/tennis/0002_pt5.mp4,tennis,No,Location,Sequence,Sihyun,"Action ambiguity, Multi-entity attribution",Sequence,,FALSE,,,,,,,,,,,,,,,,,,,,
"In the second-to-last point, which area was most frequently hit by the ball? (Note: ""Left"" and ""right"" are from the perspective of the player on that side of the court).
 
 (A) the right service box
 (B) the left service box
 (C) the backcourt
 (D) out of bounds",/nas2/benchmarks/vpi/real/processed/tennis/0002_pt5.mp4,tennis,No,Location,Sequence,Sihyun,"Action ambiguity, Multi-entity attribution",Indexed counters,,FALSE,,,,,,,,,,,,,,,,,,,,
"In what order do the players score throughout the video?
 
 (A) The blue-shirt player -> the blue-shirt player -> The blue-shirt player
 (B) the orange-shirt player -> the blue-shirt player -> the orange-shirt player
 (C) The blue-shirt player -> the blue-shirt player -> the orange-shirt player
 (D) The blue-shirt player -> the orange-shirt player -> the orange-shirt player",/nas2/benchmarks/vpi/real/processed/tennis/0002_pt5.mp4,tennis,No,Attribute,Sequence,Sihyun,"Action ambiguity, Multi-entity attribution",Sequence,,FALSE,,,,,,,,,,,,,,,,,,,,
"In the second point, where did the scoring ball land? (Note: ""Left"" and ""right"" are from the perspective of the player on that side of the court).
 
 (A) out of bounds
 (B) the right service box
 (C) the left service box
 (D) the backcourt",/nas2/benchmarks/vpi/real/processed/tennis/0002_pt6.mp4,tennis,,,,Sihyun,"Action ambiguity, Multi-entity attribution",Discrete location,,TRUE,,,,,,,,,,,,,,,,,,,,Yes
"In the last point, where did the ball land on its second-to-last bounce? (Note: ""Left"" and ""right"" are from the perspective of the player on that side of the court).
 
 (A) out of bounds
 (B) the left service box
 (C) the right service box
 (D) the backcourt",/nas2/benchmarks/vpi/real/processed/tennis/0002_pt6.mp4,tennis,No,Location,Sequence,Sihyun,"Action ambiguity, Multi-entity attribution",Sequence,,FALSE,,,,,,,,,,,,,,,,,,,,
"In the second-to-last point, which area was most frequently hit by the ball? (Note: ""Left"" and ""right"" are from the perspective of the player on that side of the court).
 
 (A) the right service box
 (B) out of bounds
 (C) the left service box
 (D) the backcourt",/nas2/benchmarks/vpi/real/processed/tennis/0002_pt6.mp4,tennis,No,Count,Dict,Sihyun,"Action ambiguity, Multi-entity attribution",Indexed counters,,FALSE,,,,,,,,,,,,,,,,,,,,
"In what order do the players score throughout the video?
 
 (A) The orange-shirt player -> the blue-shirt player -> the blue-shirt player
 (B) The blue-shirt player -> The orange-shirt player -> the blue-shirt player
 (C) The blue-shirt player -> the blue-shirt player -> The orange-shirt player
 (D) The blue-shirt player -> the blue-shirt player -> the blue-shirt player",/nas2/benchmarks/vpi/real/processed/tennis/0002_pt6.mp4,tennis,No,Attribute,Sequence,Sihyun,"Action ambiguity, Multi-entity attribution",Sequence,,FALSE,,,,,,,,,,,,,,,,,,,,
"In the second-to-last point, where did the scoring ball land? (Note: ""Left"" and ""right"" are from the perspective of the player on that side of the court).
 
 (A) the left service box
 (B) the backcourt
 (C) the right service box
 (D) out of bounds",/nas2/benchmarks/vpi/real/processed/tennis/0002_pt7.mp4,tennis,,,,Sihyun,"Action ambiguity, Multi-entity attribution",Sequence,,TRUE,,,,,,,,,,,,,,,,,,,,Yes
"In the second point, where did the ball land on its second-to-last bounce? (Note: ""Left"" and ""right"" are from the perspective of the player on that side of the court).
 
 (A) the left service box
 (B) the backcourt
 (C) out of bounds
 (D) the right service box",/nas2/benchmarks/vpi/real/processed/tennis/0002_pt7.mp4,tennis,No,Location,Sequence,Sihyun,"Action ambiguity, Multi-entity attribution",Discrete location,,FALSE,,,,,,,,,,,,,,,,,,,,Yes
"In the second point, which area was most frequently hit by the ball? (Note: ""Left"" and ""right"" are from the perspective of the player on that side of the court).
 
 (A) out of bounds
 (B) the left service box
 (C) the right service box
 (D) the backcourt",/nas2/benchmarks/vpi/real/processed/tennis/0002_pt7.mp4,tennis,No,Count,Dict,Sihyun,"Action ambiguity, Multi-entity attribution",Indexed counters,,FALSE,,,,,,,,,,,,,,,,,,,,
"In what order do the players score throughout the video?
 
 (A) The orange-shirt player -> the blue-shirt player -> The orange-shirt player -> the orange-shirt player
 (B) The orange-shirt player -> the blue-shirt player -> the blue-shirt player -> the blue-shirt player
 (C) the blue-shirt player -> the blue-shirt player -> the blue-shirt player -> the orange-shirt player
 (D) The orange-shirt player -> the blue-shirt player -> the blue-shirt player -> the orange-shirt player",/nas2/benchmarks/vpi/real/processed/tennis/0002_pt7.mp4,tennis,No,Attribute,Sequence,Sihyun,"Action ambiguity, Multi-entity attribution",Sequence,,FALSE,,,,,,,,,,,,,,,,,,,,
"In the first point, where did the scoring ball land? (Note: ""Left"" and ""right"" are from the perspective of the player on that side of the court).
 
 (A) the left service box
 (B) the right service box
 (C) out of bounds
 (D) the backcourt",/nas2/benchmarks/vpi/real/processed/tennis/0002_pt8.mp4,tennis,,,,Sihyun,"Action ambiguity, Multi-entity attribution",Discrete location,,TRUE,,,,,,,,,,,,,,,,,,,,
"In the last point, where did the ball land on its second-to-last bounce? (Note: ""Left"" and ""right"" are from the perspective of the player on that side of the court).
 
 (A) out of bounds
 (B) the left service box
 (C) the right service box
 (D) the backcourt",/nas2/benchmarks/vpi/real/processed/tennis/0002_pt8.mp4,tennis,No,Location,Sequence,Sihyun,"Action ambiguity, Multi-entity attribution",Sequence,,FALSE,,,,,,,,,,,,,,,,,,,,
"In the last point, which area was most frequently hit by the ball? (Note: ""Left"" and ""right"" are from the perspective of the player on that side of the court).
 
 (A) out of bounds
 (B) the right service box
 (C) the left service box
 (D) the backcourt",/nas2/benchmarks/vpi/real/processed/tennis/0002_pt8.mp4,tennis,No,Count,Dict,Sihyun,"Action ambiguity, Multi-entity attribution",Indexed counters,,FALSE,,,,,,,,,,,,,,,,,,,,
"In what order do the players score throughout the video?
 
 (A) The orange-shirt player -> the blue-shirt player -> The orange-shirt player -> the blue-shirt player
 (B) The orange-shirt player -> the blue-shirt player -> the blue-shirt player -> the blue-shirt player
 (C) the blue-shirt player -> the blue-shirt player -> the blue-shirt player -> the blue-shirt player
 (D) The orange-shirt player -> The orange-shirt player -> the blue-shirt player -> the blue-shirt player",/nas2/benchmarks/vpi/real/processed/tennis/0002_pt8.mp4,tennis,No,Attribute,Sequence,Sihyun,"Action ambiguity, Multi-entity attribution",Sequence,,FALSE,,,,,,,,,,,,,,,,,,,,
"In the last point, where did the scoring ball land? (Note: ""Left"" and ""right"" are from the perspective of the player on that side of the court).
 
 (A) the right service box
 (B) out of bounds
 (C) the backcourt
 (D) the left service box",/nas2/benchmarks/vpi/real/processed/tennis/0002_pt9.mp4,tennis,,,,Sihyun,"Action ambiguity, Multi-entity attribution",Discrete location,,TRUE,,,,,,,,,,,,,,,,,,,,
"In the second point, where did the ball land on its second-to-last bounce? (Note: ""Left"" and ""right"" are from the perspective of the player on that side of the court).
 
 (A) the left service box
 (B) the right service box
 (C) the backcourt
 (D) out of bounds",/nas2/benchmarks/vpi/real/processed/tennis/0002_pt9.mp4,tennis,No,Location,Sequence,Sihyun,"Action ambiguity, Multi-entity attribution",Sequence,,FALSE,,,,,,,,,,,,,,,,,,,,
"In the last point, which area was most frequently hit by the ball? (Note: ""Left"" and ""right"" are from the perspective of the player on that side of the court).
 
 (A) the backcourt
 (B) the left service box
 (C) out of bounds
 (D) the right service box",/nas2/benchmarks/vpi/real/processed/tennis/0002_pt9.mp4,tennis,No,Count,Dict,Sihyun,"Action ambiguity, Multi-entity attribution",Indexed counters,,FALSE,,,,,,,,,,,,,,,,,,,,
"In what order do the players score throughout the video?
 
 (A) The blue-shirt player -> the blue-shirt player -> The blue-shirt player
 (B) The blue-shirt player -> the white-shirt player -> the white-shirt player
 (C) The blue-shirt player -> the blue-shirt player -> the white-shirt player
 (D) the white-shirt player -> the blue-shirt player -> the white-shirt player",/nas2/benchmarks/vpi/real/processed/tennis/0002_pt9.mp4,tennis,No,Attribute,Sequence,Sihyun,"Action ambiguity, Multi-entity attribution",Sequence,,FALSE,,,,,,,,,,,,,,,,,,,,No
How many times is the ball hit in total?,/nas2/benchmarks/vpi/real/processed/volleyball/0001_pt10.mp4,volleyball,,,,Sihyun,"Action ambiguity, Multi-entity attribution, Homogeneity, Camera motion",Counter,,TRUE,,,,,,,,,,,,,,,,,,,,
How many different players on the white team touch the ball,/nas2/benchmarks/vpi/real/processed/volleyball/0001_pt10.mp4,volleyball,No,Attribute,Set,Sihyun,"Action ambiguity, Multi-entity attribution, Homogeneity, Camera motion",Set,,FALSE,,,,,,,,,,,,,,,,,,,,
How many different players on the white team do not touch the ball?,/nas2/benchmarks/vpi/real/processed/volleyball/0001_pt10.mp4,volleyball,No,Attribute,Set,Sihyun,"Action ambiguity, Multi-entity attribution, Homogeneity, Camera motion",Set,,FALSE,,,,,,,,,,,,,,,,,,,,
How many times is the ball hit in total?,/nas2/benchmarks/vpi/real/processed/volleyball/0001_pt1.mp4,volleyball,No,Count,Atmoic,Sihyun,"Action ambiguity, Multi-entity attribution, Homogeneity, Camera motion",Counter,,FALSE,,,,,,,,,,,,,,,,,,,,
How many different players hit the ball in total?,/nas2/benchmarks/vpi/real/processed/volleyball/0001_pt1.mp4,volleyball,No,Attribute,Set,Sihyun,"Action ambiguity, Multi-entity attribution, Homogeneity, Camera motion",Set,,FALSE,,,,,,,,,,,,,,,,,,,,
How many different players on the red team touch the ball,/nas2/benchmarks/vpi/real/processed/volleyball/0001_pt1.mp4,volleyball,No,Attribute,Set,Sihyun,"Action ambiguity, Multi-entity attribution, Homogeneity, Camera motion",Set,,FALSE,,,,,,,,,,,,,,,,,,,,
How many different players on the red team do not touch the ball?,/nas2/benchmarks/vpi/real/processed/volleyball/0001_pt1.mp4,volleyball,No,Attribute,Set,Sihyun,"Action ambiguity, Multi-entity attribution, Homogeneity, Camera motion",Set,,FALSE,,,,,,,,,,,,,,,,,,,,
How many different players on the white team touch the ball,/nas2/benchmarks/vpi/real/processed/volleyball/0001_pt1.mp4,volleyball,No,Attribute,Set,Sihyun,"Action ambiguity, Multi-entity attribution, Homogeneity, Camera motion",Set,,FALSE,,,,,,,,,,,,,,,,,,,,
How many different players on the white team do not touch the ball?,/nas2/benchmarks/vpi/real/processed/volleyball/0001_pt1.mp4,volleyball,No,Attribute,Set,Sihyun,"Action ambiguity, Multi-entity attribution, Homogeneity, Camera motion",Set,,FALSE,,,,,,,,,,,,,,,,,,,,
How many times is the ball hit in total?,/nas2/benchmarks/vpi/real/processed/volleyball/0001_pt2.mp4,volleyball,No,Count,Atmoic,Sihyun,"Action ambiguity, Multi-entity attribution, Homogeneity, Camera motion",Counter,,FALSE,,,,,,,,,,,,,,,,,,,,
How many different players hit the ball in total?,/nas2/benchmarks/vpi/real/processed/volleyball/0001_pt2.mp4,volleyball,No,Attribute,Set,Sihyun,"Action ambiguity, Multi-entity attribution, Homogeneity, Camera motion",Set,,FALSE,,,,,,,,,,,,,,,,,,,,
How many different players on the red team touch the ball,/nas2/benchmarks/vpi/real/processed/volleyball/0001_pt2.mp4,volleyball,No,Attribute,Set,Sihyun,"Action ambiguity, Multi-entity attribution, Homogeneity, Camera motion",Set,,FALSE,,,,,,,,,,,,,,,,,,,,
How many different players on the red team do not touch the ball?,/nas2/benchmarks/vpi/real/processed/volleyball/0001_pt2.mp4,volleyball,No,Attribute,Set,Sihyun,"Action ambiguity, Multi-entity attribution, Homogeneity, Camera motion",Set,,FALSE,,,,,,,,,,,,,,,,,,,,
How many different players on the white team touch the ball,/nas2/benchmarks/vpi/real/processed/volleyball/0001_pt2.mp4,volleyball,No,Attribute,Set,Sihyun,"Action ambiguity, Multi-entity attribution, Homogeneity, Camera motion",Set,,FALSE,,,,,,,,,,,,,,,,,,,,
How many different players on the white team do not touch the ball?,/nas2/benchmarks/vpi/real/processed/volleyball/0001_pt2.mp4,volleyball,No,Attribute,Set,Sihyun,"Action ambiguity, Multi-entity attribution, Homogeneity, Camera motion",Set,,FALSE,,,,,,,,,,,,,,,,,,,,
"In the first point, how many different players hit the ball in total?",/nas2/benchmarks/vpi/real/processed/volleyball/0001_pt3.mp4,volleyball,No,Attribute,Set,Sihyun,"Action ambiguity, Multi-entity attribution, Homogeneity, Camera motion",Set,,FALSE,,,,,,,,,,,,,,,,,,,,
"In the first point, how many different players on the red team touch the ball",/nas2/benchmarks/vpi/real/processed/volleyball/0001_pt3.mp4,volleyball,No,Attribute,Set,Sihyun,"Action ambiguity, Multi-entity attribution, Homogeneity, Camera motion",Set,,FALSE,,,,,,,,,,,,,,,,,,,,
"In the first point, how many different players on the red team do not touch the ball?",/nas2/benchmarks/vpi/real/processed/volleyball/0001_pt3.mp4,volleyball,No,Attribute,Set,Sihyun,"Action ambiguity, Multi-entity attribution, Homogeneity, Camera motion",Set,,FALSE,,,,,,,,,,,,,,,,,,,,
"In the second point, how many different players on the red team touch the ball",/nas2/benchmarks/vpi/real/processed/volleyball/0001_pt3.mp4,volleyball,No,Attribute,Set,Sihyun,"Action ambiguity, Multi-entity attribution, Homogeneity, Camera motion",Set,,FALSE,,,,,,,,,,,,,,,,,,,,
"In the second point, how many different players on the red team do not touch the ball?",/nas2/benchmarks/vpi/real/processed/volleyball/0001_pt3.mp4,volleyball,No,Attribute,Set,Sihyun,"Action ambiguity, Multi-entity attribution, Homogeneity, Camera motion",Set,,FALSE,,,,,,,,,,,,,,,,,,,,
How many times is the ball hit in total?,/nas2/benchmarks/vpi/real/processed/volleyball/0001_pt3.mp4,volleyball,No,Count,Atmoic,Sihyun,"Action ambiguity, Multi-entity attribution, Homogeneity, Camera motion",Counter,,FALSE,,,,,,,,,,,,,,,,,,,,
How many times is the ball hit in total?,/nas2/benchmarks/vpi/real/processed/volleyball/0001_pt4.mp4,volleyball,No,Count,Atmoic,Sihyun,"Action ambiguity, Multi-entity attribution, Homogeneity, Camera motion",Counter,,FALSE,,,,,,,,,,,,,,,,,,,,
How many different players hit the ball in total?,/nas2/benchmarks/vpi/real/processed/volleyball/0001_pt4.mp4,volleyball,No,Attribute,Set,Sihyun,"Action ambiguity, Multi-entity attribution, Homogeneity, Camera motion",Set,,FALSE,,,,,,,,,,,,,,,,,,,,
How many different players on the red team touch the ball,/nas2/benchmarks/vpi/real/processed/volleyball/0001_pt4.mp4,volleyball,No,Attribute,Set,Sihyun,"Action ambiguity, Multi-entity attribution, Homogeneity, Camera motion",Set,,FALSE,,,,,,,,,,,,,,,,,,,,
How many different players on the red team do not touch the ball?,/nas2/benchmarks/vpi/real/processed/volleyball/0001_pt4.mp4,volleyball,No,Attribute,Set,Sihyun,"Action ambiguity, Multi-entity attribution, Homogeneity, Camera motion",Set,,FALSE,,,,,,,,,,,,,,,,,,,,
How many different players on the white team touch the ball,/nas2/benchmarks/vpi/real/processed/volleyball/0001_pt4.mp4,volleyball,No,Attribute,Set,Sihyun,"Action ambiguity, Multi-entity attribution, Homogeneity, Camera motion",Set,,FALSE,,,,,,,,,,,,,,,,,,,,
How many different players on the white team do not touch the ball?,/nas2/benchmarks/vpi/real/processed/volleyball/0001_pt4.mp4,volleyball,No,Attribute,Set,Sihyun,"Action ambiguity, Multi-entity attribution, Homogeneity, Camera motion",Set,,FALSE,,,,,,,,,,,,,,,,,,,,
How many times is the ball hit in total?,/nas2/benchmarks/vpi/real/processed/volleyball/0001_pt5.mp4,volleyball,No,Count,Atmoic,Sihyun,"Action ambiguity, Multi-entity attribution, Homogeneity, Camera motion",Counter,,FALSE,,,,,,,,,,,,,,,,,,,,
How many different players hit the ball in total?,/nas2/benchmarks/vpi/real/processed/volleyball/0001_pt5.mp4,volleyball,No,Attribute,Set,Sihyun,"Action ambiguity, Multi-entity attribution, Homogeneity, Camera motion",Set,,FALSE,,,,,,,,,,,,,,,,,,,,
How many different players on the red team touch the ball,/nas2/benchmarks/vpi/real/processed/volleyball/0001_pt5.mp4,volleyball,No,Attribute,Set,Sihyun,"Action ambiguity, Multi-entity attribution, Homogeneity, Camera motion",Set,,FALSE,,,,,,,,,,,,,,,,,,,,
How many different players on the red team do not touch the ball?,/nas2/benchmarks/vpi/real/processed/volleyball/0001_pt5.mp4,volleyball,No,Attribute,Set,Sihyun,"Action ambiguity, Multi-entity attribution, Homogeneity, Camera motion",Set,,FALSE,,,,,,,,,,,,,,,,,,,,
How many different players on the white team touch the ball,/nas2/benchmarks/vpi/real/processed/volleyball/0001_pt5.mp4,volleyball,No,Attribute,Set,Sihyun,"Action ambiguity, Multi-entity attribution, Homogeneity, Camera motion",Set,,FALSE,,,,,,,,,,,,,,,,,,,,
How many different players on the white team do not touch the ball?,/nas2/benchmarks/vpi/real/processed/volleyball/0001_pt5.mp4,volleyball,No,Attribute,Set,Sihyun,"Action ambiguity, Multi-entity attribution, Homogeneity, Camera motion",Set,,FALSE,,,,,,,,,,,,,,,,,,,,
How many times is the ball hit in total?,/nas2/benchmarks/vpi/real/processed/volleyball/0001_pt6.mp4,volleyball,No,Count,Atmoic,Sihyun,"Action ambiguity, Multi-entity attribution, Homogeneity, Camera motion",Counter,,FALSE,,,,,,,,,,,,,,,,,,,,
"In the first point, how many different players on the red team touch the ball",/nas2/benchmarks/vpi/real/processed/volleyball/0001_pt6.mp4,volleyball,No,Attribute,Set,Sihyun,"Action ambiguity, Multi-entity attribution, Homogeneity, Camera motion",Set,,FALSE,,,,,,,,,,,,,,,,,,,,
"In the first point, how many different players on the red team do not touch the ball?",/nas2/benchmarks/vpi/real/processed/volleyball/0001_pt6.mp4,volleyball,No,Attribute,Set,Sihyun,"Action ambiguity, Multi-entity attribution, Homogeneity, Camera motion",Set,,FALSE,,,,,,,,,,,,,,,,,,,,
"In the second point, how many different players on the white team touch the ball",/nas2/benchmarks/vpi/real/processed/volleyball/0001_pt6.mp4,volleyball,No,Attribute,Set,Sihyun,"Action ambiguity, Multi-entity attribution, Homogeneity, Camera motion",Set,,FALSE,,,,,,,,,,,,,,,,,,,,
"In the second point, how many different players on the white team do not touch the ball?",/nas2/benchmarks/vpi/real/processed/volleyball/0001_pt6.mp4,volleyball,No,Attribute,Set,Sihyun,"Action ambiguity, Multi-entity attribution, Homogeneity, Camera motion",Set,,FALSE,,,,,,,,,,,,,,,,,,,,
How many times is the ball hit in total?,/nas2/benchmarks/vpi/real/processed/volleyball/0001_pt7.mp4,volleyball,No,Count,Atmoic,Sihyun,"Action ambiguity, Multi-entity attribution, Homogeneity, Camera motion",Counter,,FALSE,,,,,,,,,,,,,,,,,,,,
"In the first point, how many different players on the red team touch the ball",/nas2/benchmarks/vpi/real/processed/volleyball/0001_pt7.mp4,volleyball,No,Attribute,Set,Sihyun,"Action ambiguity, Multi-entity attribution, Homogeneity, Camera motion",Set,,FALSE,,,,,,,,,,,,,,,,,,,,
"In the first point, how many different players on the red team do not touch the ball?",/nas2/benchmarks/vpi/real/processed/volleyball/0001_pt7.mp4,volleyball,No,Attribute,Set,Sihyun,"Action ambiguity, Multi-entity attribution, Homogeneity, Camera motion",Set,,FALSE,,,,,,,,,,,,,,,,,,,,
"In the second point, how many different players on the white team touch the ball",/nas2/benchmarks/vpi/real/processed/volleyball/0001_pt7.mp4,volleyball,No,Attribute,Set,Sihyun,"Action ambiguity, Multi-entity attribution, Homogeneity, Camera motion",Set,,FALSE,,,,,,,,,,,,,,,,,,,,
"In the second point, how many different players on the white team do not touch the ball?",/nas2/benchmarks/vpi/real/processed/volleyball/0001_pt7.mp4,volleyball,No,Attribute,Set,Sihyun,"Action ambiguity, Multi-entity attribution, Homogeneity, Camera motion",Set,,FALSE,,,,,,,,,,,,,,,,,,,,
How many times is the ball hit in total?,/nas2/benchmarks/vpi/real/processed/volleyball/0001_pt8.mp4,volleyball,No,Count,Atmoic,Sihyun,"Action ambiguity, Multi-entity attribution, Homogeneity, Camera motion",Counter,,FALSE,,,,,,,,,,,,,,,,,,,,
How many different players hit the ball in total?,/nas2/benchmarks/vpi/real/processed/volleyball/0001_pt8.mp4,volleyball,No,Attribute,Set,Sihyun,"Action ambiguity, Multi-entity attribution, Homogeneity, Camera motion",Set,,FALSE,,,,,,,,,,,,,,,,,,,,
How many different players on the red team touch the ball,/nas2/benchmarks/vpi/real/processed/volleyball/0001_pt8.mp4,volleyball,No,Attribute,Set,Sihyun,"Action ambiguity, Multi-entity attribution, Homogeneity, Camera motion",Set,,FALSE,,,,,,,,,,,,,,,,,,,,
How many different players on the red team do not touch the ball?,/nas2/benchmarks/vpi/real/processed/volleyball/0001_pt8.mp4,volleyball,No,Attribute,Set,Sihyun,"Action ambiguity, Multi-entity attribution, Homogeneity, Camera motion",Set,,FALSE,,,,,,,,,,,,,,,,,,,,
How many different players on the white team touch the ball,/nas2/benchmarks/vpi/real/processed/volleyball/0001_pt8.mp4,volleyball,No,Attribute,Set,Sihyun,"Action ambiguity, Multi-entity attribution, Homogeneity, Camera motion",Set,,FALSE,,,,,,,,,,,,,,,,,,,,
How many different players on the white team do not touch the ball?,/nas2/benchmarks/vpi/real/processed/volleyball/0001_pt8.mp4,volleyball,No,Attribute,Set,Sihyun,"Action ambiguity, Multi-entity attribution, Homogeneity, Camera motion",Set,,FALSE,,,,,,,,,,,,,,,,,,,,
How many times is the ball hit in total?,/nas2/benchmarks/vpi/real/processed/volleyball/0001_pt9.mp4,volleyball,No,Count,Atmoic,Sihyun,"Action ambiguity, Multi-entity attribution, Homogeneity, Camera motion",Counter,,FALSE,,,,,,,,,,,,,,,,,,,,
How many different players on the red team touch the ball,/nas2/benchmarks/vpi/real/processed/volleyball/0001_pt9.mp4,volleyball,No,Attribute,Set,Sihyun,"Action ambiguity, Multi-entity attribution, Homogeneity, Camera motion",Set,,FALSE,,,,,,,,,,,,,,,,,,,,
How many different players on the red team do not touch the ball?,/nas2/benchmarks/vpi/real/processed/volleyball/0001_pt9.mp4,volleyball,No,Attribute,Set,Sihyun,"Action ambiguity, Multi-entity attribution, Homogeneity, Camera motion",Set,,FALSE,,,,,,,,,,,,,,,,,,,,
How many times is the ball hit in total?,/nas2/benchmarks/vpi/real/processed/volleyball/0002_pt1.mp4,volleyball,No,Count,Atmoic,Sihyun,"Action ambiguity, Multi-entity attribution, Homogeneity, Camera motion",Counter,,FALSE,,,,,,,,,,,,,,,,,,,,
How many different players hit the ball in total?,/nas2/benchmarks/vpi/real/processed/volleyball/0002_pt1.mp4,volleyball,No,Attribute,Set,Sihyun,"Action ambiguity, Multi-entity attribution, Homogeneity, Camera motion",Set,,FALSE,,,,,,,,,,,,,,,,,,,,
How many different players on the red team touch the ball,/nas2/benchmarks/vpi/real/processed/volleyball/0002_pt1.mp4,volleyball,No,Attribute,Set,Sihyun,"Action ambiguity, Multi-entity attribution, Homogeneity, Camera motion",Set,,FALSE,,,,,,,,,,,,,,,,,,,,
How many different players on the red team do not touch the ball?,/nas2/benchmarks/vpi/real/processed/volleyball/0002_pt1.mp4,volleyball,No,Attribute,Set,Sihyun,"Action ambiguity, Multi-entity attribution, Homogeneity, Camera motion",Set,,FALSE,,,,,,,,,,,,,,,,,,,,
How many different players on the white team touch the ball,/nas2/benchmarks/vpi/real/processed/volleyball/0002_pt1.mp4,volleyball,No,Attribute,Set,Sihyun,"Action ambiguity, Multi-entity attribution, Homogeneity, Camera motion",Set,,FALSE,,,,,,,,,,,,,,,,,,,,
How many different players on the white team do not touch the ball?,/nas2/benchmarks/vpi/real/processed/volleyball/0002_pt1.mp4,volleyball,No,Attribute,Set,Sihyun,"Action ambiguity, Multi-entity attribution, Homogeneity, Camera motion",Set,,FALSE,,,,,,,,,,,,,,,,,,,,
How many times is the ball hit in total?,/nas2/benchmarks/vpi/real/processed/volleyball/0002_pt2.mp4,volleyball,No,Count,Atmoic,Sihyun,"Action ambiguity, Multi-entity attribution, Homogeneity, Camera motion",Counter,,FALSE,,,,,,,,,,,,,,,,,,,,
How many different players hit the ball in total?,/nas2/benchmarks/vpi/real/processed/volleyball/0002_pt2.mp4,volleyball,No,Attribute,Set,Sihyun,"Action ambiguity, Multi-entity attribution, Homogeneity, Camera motion",Set,,FALSE,,,,,,,,,,,,,,,,,,,,
How many different players on the red team touch the ball,/nas2/benchmarks/vpi/real/processed/volleyball/0002_pt2.mp4,volleyball,No,Attribute,Set,Sihyun,"Action ambiguity, Multi-entity attribution, Homogeneity, Camera motion",Set,,FALSE,,,,,,,,,,,,,,,,,,,,
How many different players on the red team do not touch the ball?,/nas2/benchmarks/vpi/real/processed/volleyball/0002_pt2.mp4,volleyball,No,Attribute,Set,Sihyun,"Action ambiguity, Multi-entity attribution, Homogeneity, Camera motion",Set,,FALSE,,,,,,,,,,,,,,,,,,,,
How many different players on the white team touch the ball,/nas2/benchmarks/vpi/real/processed/volleyball/0002_pt2.mp4,volleyball,No,Attribute,Set,Sihyun,"Action ambiguity, Multi-entity attribution, Homogeneity, Camera motion",Set,,FALSE,,,,,,,,,,,,,,,,,,,,
How many different players on the white team do not touch the ball?,/nas2/benchmarks/vpi/real/processed/volleyball/0002_pt2.mp4,volleyball,No,Attribute,Set,Sihyun,"Action ambiguity, Multi-entity attribution, Homogeneity, Camera motion",Set,,FALSE,,,,,,,,,,,,,,,,,,,,
How many times is the ball hit in total?,/nas2/benchmarks/vpi/real/processed/volleyball/0002_pt3.mp4,volleyball,No,Count,Atmoic,Sihyun,"Action ambiguity, Multi-entity attribution, Homogeneity, Camera motion",Counter,,FALSE,,,,,,,,,,,,,,,,,,,,
How many different players hit the ball in total?,/nas2/benchmarks/vpi/real/processed/volleyball/0002_pt3.mp4,volleyball,No,Attribute,Set,Sihyun,"Action ambiguity, Multi-entity attribution, Homogeneity, Camera motion",Set,,FALSE,,,,,,,,,,,,,,,,,,,,
How many different players on the red team touch the ball,/nas2/benchmarks/vpi/real/processed/volleyball/0002_pt3.mp4,volleyball,No,Attribute,Set,Sihyun,"Action ambiguity, Multi-entity attribution, Homogeneity, Camera motion",Set,,FALSE,,,,,,,,,,,,,,,,,,,,
How many different players on the red team do not touch the ball?,/nas2/benchmarks/vpi/real/processed/volleyball/0002_pt3.mp4,volleyball,No,Attribute,Set,Sihyun,"Action ambiguity, Multi-entity attribution, Homogeneity, Camera motion",Set,,FALSE,,,,,,,,,,,,,,,,,,,,
How many different players on the white team touch the ball,/nas2/benchmarks/vpi/real/processed/volleyball/0002_pt3.mp4,volleyball,No,Attribute,Set,Sihyun,"Action ambiguity, Multi-entity attribution, Homogeneity, Camera motion",Set,,FALSE,,,,,,,,,,,,,,,,,,,,
How many different players on the white team do not touch the ball?,/nas2/benchmarks/vpi/real/processed/volleyball/0002_pt3.mp4,volleyball,No,Attribute,Set,Sihyun,"Action ambiguity, Multi-entity attribution, Homogeneity, Camera motion",Set,,FALSE,,,,,,,,,,,,,,,,,,,,
How many times is the ball hit in total?,/nas2/benchmarks/vpi/real/processed/volleyball/0002_pt4.mp4,volleyball,No,Count,Atmoic,Sihyun,"Action ambiguity, Multi-entity attribution, Homogeneity, Camera motion",Counter,,FALSE,,,,,,,,,,,,,,,,,,,,
How many different players hit the ball in total?,/nas2/benchmarks/vpi/real/processed/volleyball/0002_pt4.mp4,volleyball,No,Attribute,Set,Sihyun,"Action ambiguity, Multi-entity attribution, Homogeneity, Camera motion",Set,,FALSE,,,,,,,,,,,,,,,,,,,,Yes
How many different players on the red team touch the ball,/nas2/benchmarks/vpi/real/processed/volleyball/0002_pt4.mp4,volleyball,No,Attribute,Set,Sihyun,"Action ambiguity, Multi-entity attribution, Homogeneity, Camera motion",Set,,FALSE,,,,,,,,,,,,,,,,,,,,Yes
How many different players on the red team do not touch the ball?,/nas2/benchmarks/vpi/real/processed/volleyball/0002_pt4.mp4,volleyball,No,Attribute,Set,Sihyun,"Action ambiguity, Multi-entity attribution, Homogeneity, Camera motion",Set,,FALSE,,,,,,,,,,,,,,,,,,,,Yes
How many different players on the white team touch the ball,/nas2/benchmarks/vpi/real/processed/volleyball/0002_pt4.mp4,volleyball,No,Attribute,Set,Sihyun,"Action ambiguity, Multi-entity attribution, Homogeneity, Camera motion",Set,,FALSE,,,,,,,,,,,,,,,,,,,,Yes
How many different players on the white team do not touch the ball?,/nas2/benchmarks/vpi/real/processed/volleyball/0002_pt4.mp4,volleyball,No,Attribute,Set,Sihyun,"Action ambiguity, Multi-entity attribution, Homogeneity, Camera motion",Set,,FALSE,,,,,,,,,,,,,,,,,,,,Yes
How many times is the ball hit in total?,/nas2/benchmarks/vpi/real/processed/volleyball/0002_pt5.mp4,volleyball,No,Count,Atmoic,Sihyun,"Action ambiguity, Multi-entity attribution, Homogeneity, Camera motion",Counter,,FALSE,,,,,,,,,,,,,,,,,,,,
How many different players hit the ball in total?,/nas2/benchmarks/vpi/real/processed/volleyball/0002_pt5.mp4,volleyball,No,Attribute,Set,Sihyun,"Action ambiguity, Multi-entity attribution, Homogeneity, Camera motion",Set,,FALSE,,,,,,,,,,,,,,,,,,,,Yes
How many different players on the red team touch the ball,/nas2/benchmarks/vpi/real/processed/volleyball/0002_pt5.mp4,volleyball,No,Attribute,Set,Sihyun,"Action ambiguity, Multi-entity attribution, Homogeneity, Camera motion",Set,,FALSE,,,,,,,,,,,,,,,,,,,,Yes
How many different players on the red team do not touch the ball?,/nas2/benchmarks/vpi/real/processed/volleyball/0002_pt5.mp4,volleyball,No,Attribute,Set,Sihyun,"Action ambiguity, Multi-entity attribution, Homogeneity, Camera motion",Set,,FALSE,,,,,,,,,,,,,,,,,,,,Yes
How many different players on the white team touch the ball,/nas2/benchmarks/vpi/real/processed/volleyball/0002_pt5.mp4,volleyball,No,Attribute,Set,Sihyun,"Action ambiguity, Multi-entity attribution, Homogeneity, Camera motion",Set,,FALSE,,,,,,,,,,,,,,,,,,,,Yes
How many different players on the white team do not touch the ball?,/nas2/benchmarks/vpi/real/processed/volleyball/0002_pt5.mp4,volleyball,No,Attribute,Set,Sihyun,"Action ambiguity, Multi-entity attribution, Homogeneity, Camera motion",Set,,FALSE,,,,,,,,,,,,,,,,,,,,Yes
"From the final state shown in this clip, does the original solution still require more player moves before the level is completed?
 
 (A) Yes
 (B) No",/nas2/benchmarks/vpi/real/processed/sokoban/0001_pt1.mp4,sokoban,Yes,,Atmoic,Hyunseok,,,,TRUE,,,,,,,,,,,,,,,,,,,,
"At the end of this Sokoban clip, has the level already been completed?
 
 (A) No
 (B) Yes",/nas2/benchmarks/vpi/real/processed/sokoban/0001_pt2.mp4,sokoban,Yes,,Atmoic,Hyunseok,,,,TRUE,,,,,,,,,,,,,,,,,,,,
"In the continuation after this clip, what happens next to the level?",/nas2/benchmarks/vpi/real/processed/sokoban/0001_pt2.mp4,sokoban,Yes,,Atmoic,Hyunseok,,,,TRUE,,,,,,,,,,,,,,,,,,,,
"The blue balls are target destinations. At the first frame of the clip, index the three white cross-marked boxes by reading each row from left to right, then moving from the top row to the bottom row (indexing starts from 1). How many indexed boxes are on blue target destinations at the end of this clip?",/nas2/benchmarks/vpi/real/processed/sokoban/0001_pt2.mp4,sokoban,No,Location,Sequence,Hyunseok,Homogeneity,,,FALSE,,,,,,,,,,,,,,,,,,,,
"The blue balls are target destinations. Using the same first-frame box indexing rule, how many indexed boxes are on blue target destinations at the end of this clip?",/nas2/benchmarks/vpi/real/processed/sokoban/0001_pt2.mp4,sokoban,,,Atmoic,Hyunseok,,,,TRUE,,,,,,,,,,,,,,,,,,,,
"The blue balls are target destinations. At the first frame of the clip, index the three white cross-marked boxes by reading each row from left to right, then moving from the top row to the bottom row (indexing starts from 1). Which indexed box is not on a blue target destination at the end of this clip?",/nas2/benchmarks/vpi/real/processed/sokoban/0001_pt2.mp4,sokoban,No,Location,Sequence,Hyunseok,Homogeneity,,,FALSE,,,,,,,,,,,,,,,,,,,,
"In Sokoban, boxes can be pushed but not pulled. How many more optimal moves are needed to win from the final state shown in this clip?",/nas2/benchmarks/vpi/real/processed/sokoban/0001_pt2.mp4,sokoban,No,Location,Atmoic,Hyunseok,Homogeneity,,,FALSE,,,,,,,,,,,,,,,,,,,,
How many total box pushes occur during this clip?,/nas2/benchmarks/vpi/real/processed/sokoban/0002_pt1.mp4,sokoban,No,Count,Atmoic,Hyunseok,Homogeneity,,,FALSE,,,,,,,,,,,,,,,,,,,,
"At the first frame of the clip, index the six boxes by reading each row from left to right, then moving from the top row to the bottom row (indexing starts from 1). How many times is box 1 pushed during this clip?",/nas2/benchmarks/vpi/real/processed/sokoban/0002_pt1.mp4,sokoban,No,Count,Atmoic,Hyunseok,Homogeneity,,,FALSE,,,,,,,,,,,,,,,,,,,,
"At the first frame of the clip, index the six boxes by reading each row from left to right, then moving from the top row to the bottom row (indexing starts from 1). How many times is box 3 pushed during this clip?",/nas2/benchmarks/vpi/real/processed/sokoban/0002_pt1.mp4,sokoban,No,Count,Atmoic,Hyunseok,Homogeneity,,,FALSE,,,,,,,,,,,,,,,,,,,,
"At the first frame of the clip, index the six boxes by reading each row from left to right, then moving from the top row to the bottom row (indexing starts from 1). Which indexed box is pushed most often during this clip?",/nas2/benchmarks/vpi/real/processed/sokoban/0002_pt1.mp4,sokoban,No,Count,Dict,Hyunseok,Homogeneity,,,FALSE,,,,,,,,,,,,,,,,,,,,
"At the first frame of the clip, index the six boxes by reading each row from left to right, then moving from the top row to the bottom row (indexing starts from 1). The green circular markers are target destinations. At the end of this clip, which indexed box is on the leftmost occupied green target marker?",/nas2/benchmarks/vpi/real/processed/sokoban/0002_pt1.mp4,sokoban,No,Location,Sequence,Hyunseok,Homogeneity,,,FALSE,,,,,,,,,,,,,,,,,,,,
"At the first frame of the clip, index the six boxes by reading each row from left to right, then moving from the top row to the bottom row. Has the level been completed by the end of this clip?
 
 (A) No
 (B) Yes",/nas2/benchmarks/vpi/real/processed/sokoban/0002_pt1.mp4,sokoban,,,Atmoic,Hyunseok,,,,TRUE,,,,,,,,,,,,,,,,,,,,
"At the first frame of the clip, index the six boxes by reading each row from left to right, then moving from the top row to the bottom row (indexing starts from 1). How many total box pushes occur during this clip?",/nas2/benchmarks/vpi/real/processed/sokoban/0002_pt2.mp4,sokoban,No,Count,Atmoic,Hyunseok,Homogeneity,,,FALSE,,,,,,,,,,,,,,,,,,,,
"At the first frame of the clip, index the six boxes by reading each row from left to right, then moving from the top row to the bottom row (indexing starts from 1). How many times is box 1 pushed during this clip?",/nas2/benchmarks/vpi/real/processed/sokoban/0002_pt2.mp4,sokoban,No,Count,Atmoic,Hyunseok,Homogeneity,,,FALSE,,,,,,,,,,,,,,,,,,,,
"At the first frame of the clip, index the six boxes by reading each row from left to right, then moving from the top row to the bottom row (indexing starts from 1). How many times is box 4 pushed during this clip?",/nas2/benchmarks/vpi/real/processed/sokoban/0002_pt2.mp4,sokoban,No,Count,Atmoic,Hyunseok,Homogeneity,,,FALSE,,,,,,,,,,,,,,,,,,,,
"At the first frame of the clip, index the six boxes by reading each row from left to right, then moving from the top row to the bottom row (indexing starts from 1). How many times is box 5 pushed during this clip?",/nas2/benchmarks/vpi/real/processed/sokoban/0002_pt2.mp4,sokoban,No,Count,Atmoic,Hyunseok,Homogeneity,,,FALSE,,,,,,,,,,,,,,,,,,,,
"At the first frame of the clip, index the six boxes by reading each row from left to right, then moving from the top row to the bottom row (indexing starts from 1). Which indexed box is never pushed during this clip?",/nas2/benchmarks/vpi/real/processed/sokoban/0002_pt2.mp4,sokoban,No,Count,Set,Hyunseok,Homogeneity,,,FALSE,,,,,,,,,,,,,,,,,,,,
"The green circular markers are the target destinations. At the first frame of the clip, index the six boxes by reading each row from left to right, then moving from the top row to the bottom row (indexing starts from 1). Which indexed box ends on the leftmost green target marker when the level is completed?",/nas2/benchmarks/vpi/real/processed/sokoban/0002_pt2.mp4,sokoban,No,Location,Sequence,Hyunseok,Homogeneity,,,FALSE,,,,,,,,,,,,,,,,,,,,
"The green circular markers are the target destinations. At the first frame of the clip, index the six boxes by reading each row from left to right, then moving from the top row to the bottom row (indexing starts from 1). Which indexed box ends on the rightmost green target marker when the level is completed?",/nas2/benchmarks/vpi/real/processed/sokoban/0002_pt2.mp4,sokoban,No,Location,Sequence,Hyunseok,Homogeneity,,,FALSE,,,,,,,,,,,,,,,,,,,,
"At the first frame of the clip, index the six boxes by reading each row from left to right, then moving from the top row to the bottom row (indexing starts from 1). Which indexed box is pushed last before the level is completed?",/nas2/benchmarks/vpi/real/processed/sokoban/0002_pt2.mp4,sokoban,No,Location,Sequence,Hyunseok,Homogeneity,,,FALSE,,,,,,,,,,,,,,,,,,,,
"At the first frame of the clip, index the six boxes by reading each row from left to right, then moving from the top row to the bottom row (indexing starts from 1). Which indexed box is pushed last before the level is completed?",/nas2/benchmarks/vpi/real/processed/sokoban/0002_pt2.mp4,sokoban,No,Location,Sequence,Hyunseok,Homogeneity,,,FALSE,,,,,,,,,,,,,,,,,,,,
"At the first frame of the clip, index the six boxes by reading each row from left to right, then moving from the top row to the bottom row. Has the level been completed by the end of this clip?
 
 (A) Yes
 (B) No",/nas2/benchmarks/vpi/real/processed/sokoban/0002_pt2.mp4,sokoban,,,Atmoic,Hyunseok,,,,TRUE,,,,,,,,,,,,,,,,,,,,Yes
How many total box pushes occur during this clip?,/nas2/benchmarks/vpi/real/processed/sokoban/0001_pt1.mp4,sokoban,No,Count,Atmoic,Hyunseok,Homogeneity,Counter,,FALSE,,,,,,,,,,,,,,,,,,,,
"Track the four balls highlighted at the very beginning. Among the balls numbered 1-8 shown at the end, which numbers correspond to the originally highlighted balls? Answer in (x,y,z,w) format, ordered from smallest to largest number.",/nas2/benchmarks/vpi/real/processed/neuro_tracker/0001_pt1.mp4,NeuroTracker,No,Location,Set,Willis,"Camera motion, Multi-entity attribution, Homogeneity",Continuous location,,FALSE,,,,,,,,,,,,,,,,,,,,
"Track the balls highlighted at the very beginning. At the end, among those highlighted balls, which numbered ball is at the lowest position?",/nas2/benchmarks/vpi/real/processed/neuro_tracker/0001_pt1.mp4,NeuroTracker,No,Location,Set,Willis,"Camera motion, Multi-entity attribution, Homogeneity",Continuous location,,FALSE,,,,,,,,,,,,,,,,,,,,
"Track the balls highlighted at the very beginning. At the end, among those highlighted balls, which numbered ball is at the leftmost position?",/nas2/benchmarks/vpi/real/processed/neuro_tracker/0001_pt1.mp4,NeuroTracker,No,Location,Set,Willis,"Camera motion, Multi-entity attribution, Homogeneity",Continuous location,,FALSE,,,,,,,,,,,,,,,,,,,,
"Track the balls highlighted at the very beginning. At the end, among those highlighted balls, which numbered ball is at the rightmost position?",/nas2/benchmarks/vpi/real/processed/neuro_tracker/0001_pt1.mp4,NeuroTracker,No,Location,Set,Willis,"Camera motion, Multi-entity attribution, Homogeneity",Continuous location,,FALSE,,,,,,,,,,,,,,,,,,,,
"Track the balls highlighted at the very beginning. At the end, among those highlighted balls, which numbered ball is at the topmost position?",/nas2/benchmarks/vpi/real/processed/neuro_tracker/0001_pt1.mp4,NeuroTracker,No,Location,Set,Willis,"Camera motion, Multi-entity attribution, Homogeneity",Continuous location,,FALSE,,,,,,,,,,,,,,,,,,,,
"Track the four balls highlighted at the very beginning. Among the balls numbered 1-8 shown at the end, which numbers correspond to the originally highlighted balls? Answer in (x,y,z,w) format, ordered from smallest to largest number.",/nas2/benchmarks/vpi/real/processed/neuro_tracker/0002_pt1.mp4,NeuroTracker,No,Location,Set,Willis,"Camera motion, Multi-entity attribution, Homogeneity",Continuous location,,FALSE,,,,,,,,,,,,,,,,,,,,
"Track the balls highlighted at the very beginning. At the end, among those highlighted balls, which numbered ball is at the lowest position?",/nas2/benchmarks/vpi/real/processed/neuro_tracker/0002_pt1.mp4,NeuroTracker,No,Location,Set,Willis,"Camera motion, Multi-entity attribution, Homogeneity",Continuous location,,FALSE,,,,,,,,,,,,,,,,,,,,
"Track the balls highlighted at the very beginning. At the end, among those highlighted balls, which numbered ball is at the leftmost position?",/nas2/benchmarks/vpi/real/processed/neuro_tracker/0002_pt1.mp4,NeuroTracker,No,Location,Set,Willis,"Camera motion, Multi-entity attribution, Homogeneity",Continuous location,,FALSE,,,,,,,,,,,,,,,,,,,,
"Track the balls highlighted at the very beginning. At the end, among those highlighted balls, which numbered ball is at the rightmost position?",/nas2/benchmarks/vpi/real/processed/neuro_tracker/0002_pt1.mp4,NeuroTracker,No,Location,Set,Willis,"Camera motion, Multi-entity attribution, Homogeneity",Continuous location,,FALSE,,,,,,,,,,,,,,,,,,,,
"Track the balls highlighted at the very beginning. At the end, among those highlighted balls, which numbered ball is at the topmost position?",/nas2/benchmarks/vpi/real/processed/neuro_tracker/0002_pt1.mp4,NeuroTracker,No,Location,Set,Willis,"Camera motion, Multi-entity attribution, Homogeneity",Continuous location,,FALSE,,,,,,,,,,,,,,,,,,,,
"Track the four balls highlighted at the very beginning. Among the balls numbered 1-8 shown at the end, which numbers correspond to the originally highlighted balls? Answer in (x,y,z,w) format, ordered from smallest to largest number.",/nas2/benchmarks/vpi/real/processed/neuro_tracker/0003_pt1.mp4,NeuroTracker,No,Location,Set,Willis,"Camera motion, Multi-entity attribution, Homogeneity",Continuous location,,FALSE,,,,,,,,,,,,,,,,,,,,
"Track the balls highlighted at the very beginning. At the end, among those highlighted balls, which numbered ball is at the lowest position?",/nas2/benchmarks/vpi/real/processed/neuro_tracker/0003_pt1.mp4,NeuroTracker,No,Location,Set,Willis,"Camera motion, Multi-entity attribution, Homogeneity",Continuous location,,FALSE,,,,,,,,,,,,,,,,,,,,
"Track the balls highlighted at the very beginning. At the end, among those highlighted balls, which numbered ball is at the leftmost position?",/nas2/benchmarks/vpi/real/processed/neuro_tracker/0003_pt1.mp4,NeuroTracker,No,Location,Set,Willis,"Camera motion, Multi-entity attribution, Homogeneity",Continuous location,,FALSE,,,,,,,,,,,,,,,,,,,,
"Track the balls highlighted at the very beginning. At the end, among those highlighted balls, which numbered ball is at the rightmost position?",/nas2/benchmarks/vpi/real/processed/neuro_tracker/0003_pt1.mp4,NeuroTracker,No,Location,Set,Willis,"Camera motion, Multi-entity attribution, Homogeneity",Continuous location,,FALSE,,,,,,,,,,,,,,,,,,,,
"Track the balls highlighted at the very beginning. At the end, among those highlighted balls, which numbered ball is at the topmost position?",/nas2/benchmarks/vpi/real/processed/neuro_tracker/0003_pt1.mp4,NeuroTracker,No,Location,Set,Willis,"Camera motion, Multi-entity attribution, Homogeneity",Continuous location,,FALSE,,,,,,,,,,,,,,,,,,,,
"Where does the cubie with the red sticker (at the top-left of the front face from the viewer's perspective) end up?
 
 (A) bottom-right
 (B) top-right
 (C) bottom-left
 (D) top-left",/nas2/benchmarks/vpi/real/processed/cube/0005_pt1.mp4,cube,No,Location,Atmoic,,"Occlusion, Homogeneity",Discrete location,,FALSE,,,,,,,,,,,,,,,,,,,,
"Where does the cubie with the yellow sticker (at the top-right of the front face from the viewer's perspective) end up?
 
 (A) bottom-left
 (B) top-left
 (C) top-right
 (D) bottom-right",/nas2/benchmarks/vpi/real/processed/cube/0005_pt1.mp4,cube,No,Location,Atmoic,,"Occlusion, Homogeneity",,,FALSE,,,,,,,,,,,,,,,,,,,,
"Where does the cubie with the yellow sticker (at the top-left of the front face from the viewer's perspective) end up?
 
 (A) bottom-left
 (B) top-right
 (C) bottom-right
 (D) top-left",/nas2/benchmarks/vpi/real/processed/cube/0005_pt2.mp4,cube,No,Location,Atmoic,,"Occlusion, Homogeneity",,,FALSE,,,,,,,,,,,,,,,,,,,,
"Where does the cubie with the yellow sticker (at the top-left of the front face from the viewer's perspective) end up?
 
 (A) top-left
 (B) bottom-left
 (C) bottom-right
 (D) top-right",/nas2/benchmarks/vpi/real/processed/cube/0005_pt3.mp4,cube,No,Location,Atmoic,,"Occlusion, Homogeneity",,,FALSE,,,,,,,,,,,,,,,,,,,,
How many times is the ball hit in total?,/nas2/benchmarks/vpi/real/processed/volleyball/0002_pt10.mp4,volleyball,No,Count,Atmoic,,"Action ambiguity, Multi-entity attribution, Homogeneity, Camera motion",,,FALSE,,,,,,,,,,,,,,,,,,,,
How many different players on the red team touch the ball,/nas2/benchmarks/vpi/real/processed/volleyball/0002_pt10.mp4,volleyball,No,Attribute,Set,,"Action ambiguity, Multi-entity attribution, Homogeneity, Camera motion",,,FALSE,,,,,,,,,,,,,,,,,,,,
How many different players on the red team do not touch the ball?,/nas2/benchmarks/vpi/real/processed/volleyball/0002_pt10.mp4,volleyball,No,Attribute,Set,,"Action ambiguity, Multi-entity attribution, Homogeneity, Camera motion",,,FALSE,,,,,,,,,,,,,,,,,,,,
"What is the chronological sequence of the teams making contact with the ball?
 
 (A) white team -> red team -> red team -> white team
 (B) white team -> white team -> red team -> red team
 (C) white team -> red team -> red team -> red team
 (D) white team -> red team -> white team -> red team",/nas2/benchmarks/vpi/real/processed/volleyball/0002_pt10.mp4,volleyball,No,Attribute,Sequence,,"Action ambiguity, Multi-entity attribution, Homogeneity, Camera motion",,,FALSE,,,,,,,,,,,,,,,,,,,,
How many times is the ball hit in total?,/nas2/benchmarks/vpi/real/processed/volleyball/0002_pt6.mp4,volleyball,No,Count,Atmoic,,"Action ambiguity, Multi-entity attribution, Homogeneity, Camera motion",,,FALSE,,,,,,,,,,,,,,,,,,,,
How many different players hit the ball in total?,/nas2/benchmarks/vpi/real/processed/volleyball/0002_pt6.mp4,volleyball,No,Attribute,Set,,"Action ambiguity, Multi-entity attribution, Homogeneity, Camera motion",,,FALSE,,,,,,,,,,,,,,,,,,,,
How many different players on the red team touch the ball,/nas2/benchmarks/vpi/real/processed/volleyball/0002_pt6.mp4,volleyball,No,Attribute,Set,,"Action ambiguity, Multi-entity attribution, Homogeneity, Camera motion",,,FALSE,,,,,,,,,,,,,,,,,,,,
How many different players on the red team do not touch the ball?,/nas2/benchmarks/vpi/real/processed/volleyball/0002_pt6.mp4,volleyball,No,Attribute,Set,,"Action ambiguity, Multi-entity attribution, Homogeneity, Camera motion",,,FALSE,,,,,,,,,,,,,,,,,,,,
How many different players on the white team touch the ball,/nas2/benchmarks/vpi/real/processed/volleyball/0002_pt6.mp4,volleyball,No,Attribute,Set,,"Action ambiguity, Multi-entity attribution, Homogeneity, Camera motion",,,FALSE,,,,,,,,,,,,,,,,,,,,
How many different players on the white team do not touch the ball?,/nas2/benchmarks/vpi/real/processed/volleyball/0002_pt6.mp4,volleyball,No,Attribute,Set,,"Action ambiguity, Multi-entity attribution, Homogeneity, Camera motion",,,FALSE,,,,,,,,,,,,,,,,,,,,
"What is the chronological sequence of the teams making contact with the ball?
 
 (A) red team -> white team -> red team -> white team
 (B) red team -> red team -> white team -> white team
 (C) red team -> white team -> white team -> white team
 (D) white team -> white team -> white team -> white team",/nas2/benchmarks/vpi/real/processed/volleyball/0002_pt6.mp4,volleyball,No,Attribute,Sequence,,"Action ambiguity, Multi-entity attribution, Homogeneity, Camera motion",,,FALSE,,,,,,,,,,,,,,,,,,,,
How many times is the ball hit in total?,/nas2/benchmarks/vpi/real/processed/volleyball/0002_pt7.mp4,volleyball,No,Count,Atmoic,,"Action ambiguity, Multi-entity attribution, Homogeneity, Camera motion",,,FALSE,,,,,,,,,,,,,,,,,,,,
How many different players on the white team touch the ball,/nas2/benchmarks/vpi/real/processed/volleyball/0002_pt7.mp4,volleyball,No,Attribute,Set,,"Action ambiguity, Multi-entity attribution, Homogeneity, Camera motion",,,FALSE,,,,,,,,,,,,,,,,,,,,
How many different players on the white team do not touch the ball?,/nas2/benchmarks/vpi/real/processed/volleyball/0002_pt7.mp4,volleyball,No,Attribute,Set,,"Action ambiguity, Multi-entity attribution, Homogeneity, Camera motion",,,FALSE,,,,,,,,,,,,,,,,,,,,
"What is the chronological sequence of the teams making contact with the ball?
 
 (A) red team -> white team -> red team -> white team -> red team
 (B) red team -> white team -> white team -> white team -> red team
 (C) red team -> white team -> white team -> red team -> red team
 (D) red team -> white team -> white team -> white team -> white team",/nas2/benchmarks/vpi/real/processed/volleyball/0002_pt7.mp4,volleyball,No,Attribute,Sequence,,"Action ambiguity, Multi-entity attribution, Homogeneity, Camera motion",,,FALSE,,,,,,,,,,,,,,,,,,,,
How many times is the ball hit in total?,/nas2/benchmarks/vpi/real/processed/volleyball/0002_pt8.mp4,volleyball,No,Count,Atmoic,,"Action ambiguity, Multi-entity attribution, Homogeneity, Camera motion",,,FALSE,,,,,,,,,,,,,,,,,,,,
How many different players hit the ball in total?,/nas2/benchmarks/vpi/real/processed/volleyball/0002_pt8.mp4,volleyball,No,Attribute,Set,,"Action ambiguity, Multi-entity attribution, Homogeneity, Camera motion",,,FALSE,,,,,,,,,,,,,,,,,,,,
How many different players on the red team touch the ball,/nas2/benchmarks/vpi/real/processed/volleyball/0002_pt8.mp4,volleyball,No,Attribute,Set,,"Action ambiguity, Multi-entity attribution, Homogeneity, Camera motion",,,FALSE,,,,,,,,,,,,,,,,,,,,
How many different players on the red team do not touch the ball?,/nas2/benchmarks/vpi/real/processed/volleyball/0002_pt8.mp4,volleyball,No,Attribute,Set,,"Action ambiguity, Multi-entity attribution, Homogeneity, Camera motion",,,FALSE,,,,,,,,,,,,,,,,,,,,
How many different players on the white team touch the ball,/nas2/benchmarks/vpi/real/processed/volleyball/0002_pt8.mp4,volleyball,No,Attribute,Set,,"Action ambiguity, Multi-entity attribution, Homogeneity, Camera motion",,,FALSE,,,,,,,,,,,,,,,,,,,,
How many different players on the white team do not touch the ball?,/nas2/benchmarks/vpi/real/processed/volleyball/0002_pt8.mp4,volleyball,No,Attribute,Set,,"Action ambiguity, Multi-entity attribution, Homogeneity, Camera motion",,,FALSE,,,,,,,,,,,,,,,,,,,,
How many times is the ball hit in total?,/nas2/benchmarks/vpi/real/processed/volleyball/0002_pt9.mp4,volleyball,No,Count,Atmoic,,"Action ambiguity, Multi-entity attribution, Homogeneity, Camera motion",,,FALSE,,,,,,,,,,,,,,,,,,,,
How many different players hit the ball in total?,/nas2/benchmarks/vpi/real/processed/volleyball/0002_pt9.mp4,volleyball,No,Attribute,Set,,"Action ambiguity, Multi-entity attribution, Homogeneity, Camera motion",,,FALSE,,,,,,,,,,,,,,,,,,,,
How many different players on the red team touch the ball,/nas2/benchmarks/vpi/real/processed/volleyball/0002_pt9.mp4,volleyball,No,Attribute,Set,,"Action ambiguity, Multi-entity attribution, Homogeneity, Camera motion",,,FALSE,,,,,,,,,,,,,,,,,,,,
How many different players on the red team do not touch the ball?,/nas2/benchmarks/vpi/real/processed/volleyball/0002_pt9.mp4,volleyball,No,Attribute,Set,,"Action ambiguity, Multi-entity attribution, Homogeneity, Camera motion",,,FALSE,,,,,,,,,,,,,,,,,,,,
How many different players on the white team touch the ball,/nas2/benchmarks/vpi/real/processed/volleyball/0002_pt9.mp4,volleyball,No,Attribute,Set,,"Action ambiguity, Multi-entity attribution, Homogeneity, Camera motion",,,FALSE,,,,,,,,,,,,,,,,,,,,
How many different players on the white team do not touch the ball?,/nas2/benchmarks/vpi/real/processed/volleyball/0002_pt9.mp4,volleyball,No,Attribute,Set,,"Action ambiguity, Multi-entity attribution, Homogeneity, Camera motion",,,FALSE,,,,,,,,,,,,,,,,,,,,
"What is the chronological sequence of the teams making contact with the ball?
 
 (A) white team -> red team -> red team -> red team -> red team -> white team -> white team -> white team
 (B) white team -> red team -> red team -> red team -> white team -> white team -> white team -> red team
 (C) white team -> white team -> red team -> red team -> white team -> white team -> white team -> white team
 (D) white team -> red team -> red team -> red team -> white team -> white team -> white team -> white team",/nas2/benchmarks/vpi/real/processed/volleyball/0002_pt9.mp4,volleyball,No,Attribute,Sequence,,"Action ambiguity, Multi-entity attribution, Homogeneity, Camera motion",,,FALSE,,,,,,,,,,,,,,,,,,,,
"Rules: This is a memory card game. Flip two face-down cards with the same value to make a match. Number the cards starting from the top-left (from the viewer's perspective). Count left to right across each row, then move to the next row and start again from the left. The rows are numbered 1-5 and 6-10. Which two face-down positions contain the matching pair? Answer in (x,y) format.",/nas2/benchmarks/vpi/real/processed/memory_card/0001_pt1.mp4,memory_card,No,Attribute,Dict,,Occlusion,,,FALSE,,,,,,,,,,,,,,,,,,,,
"Rules: This is a memory card game. Flip two face-down cards with the same value to make a match. Number the cards starting from the top-left (from the viewer's perspective). Count left to right across each row, then move to the next row and start again from the left. The rows are numbered 1-5 and 6-10. Which two face-down positions contain the matching pair? Answer in (x,y) format.",/nas2/benchmarks/vpi/real/processed/memory_card/0001_pt2.mp4,memory_card,No,Attribute,Dict,,Occlusion,,,FALSE,,,,,,,,,,,,,,,,,,,,
"Rules: This is a memory card game. Flip two face-down cards with the same value to make a match. Number the cards starting from the top-left (from the viewer's perspective). Count left to right across each row, then move to the next row and start again from the left. The rows are numbered 1-5 and 6-10. Up to the end of the clip, which positions have not yet been revealed or flipped face-up?",/nas2/benchmarks/vpi/real/processed/memory_card/0001_pt3.mp4,memory_card,No,Attribute,Set,,Occlusion,,,FALSE,,,,,,,,,,,,,,,,,,,,
"Rules: This is a memory card game. Flip two face-down cards with the same value to make a match. Number the cards starting from the top-left (from the viewer's perspective). Count left to right across each row, then move to the next row and start again from the left. The rows are numbered 1-5 and 6-10. What values should be on the cards that have not yet been revealed or flipped face-up by the end of the clip?",/nas2/benchmarks/vpi/real/processed/memory_card/0001_pt3.mp4,memory_card,No,Attribute,Set,,Occlusion,,,FALSE,,,,,,,,,,,,,,,,,,,,
"Rules: This is a memory card game. Flip two face-down cards with the same value to make a match. Number the cards starting from the top-left (from the viewer's perspective). Count left to right across each row, then move to the next row and start again from the left. The rows are numbered 1-2 and 3-6. What are the optimal next two flips? Answer in (x,y) format.",/nas2/benchmarks/vpi/real/processed/memory_card/0001_pt4.mp4,memory_card,No,Attribute,Dict,,Occlusion,,,FALSE,,,,,,,,,,,,,,,,,,,,
"Rules: This is a memory card game. Flip two face-down cards with the same value to make a match. Number the cards starting from the top-left (from the viewer's perspective). Count left to right across each row, then move to the next row and start again from the left. The rows are numbered 1-2 and 3-6. Which position matches the card placed in position 1 in the clip?",/nas2/benchmarks/vpi/real/processed/memory_card/0001_pt5.mp4,memory_card,No,Attribute,Dict,,Occlusion,,,FALSE,,,,,,,,,,,,,,,,,,,,
"Rules: This is a memory card game. Flip two face-down cards with the same value to make a match. Number the cards starting from the top-left (from the viewer's perspective). Count left to right across each row, then move to the next row and start again from the left. The rows are numbered 1-2 and 3-6. Which position matches the card placed in position 3 in the clip?",/nas2/benchmarks/vpi/real/processed/memory_card/0001_pt5.mp4,memory_card,No,Attribute,Dict,,Occlusion,,,FALSE,,,,,,,,,,,,,,,,,,,,
"Number the cards starting from the top-left (from the viewer's perspective). Count left to right across each row, then move to the next row and start again from the left. The rows are numbered 1-6, 7-13, 14-20, and 21-26. Which numbered card matches the card last flipped over?",/nas2/benchmarks/vpi/real/processed/memory_card/0002_pt1.mp4,memory_card,No,Attribute,Dict,,Occlusion,,,FALSE,,,,,,,,,,,,,,,,,,,,
"Number the six cards as 1-6 from left to right across each row (from the viewer's perspective), then move to the next row and start again from the left. Which positions are A? Answer in (x,y) format.",/nas2/benchmarks/vpi/real/processed/memory_card/0002_pt2.mp4,memory_card,No,Attribute,Dict,,Occlusion,,,FALSE,,,,,,,,,,,,,,,,,,,,
"Number the six cards as 1-6 from left to right across each row (from the viewer's perspective), then move to the next row and start again from the left. Which positions are 10? Answer in (x,y) format.",/nas2/benchmarks/vpi/real/processed/memory_card/0002_pt2.mp4,memory_card,No,Attribute,Dict,,Occlusion,,,FALSE,,,,,,,,,,,,,,,,,,,,
"Rules: This is a memory card game. Use the panel numbers shown on screen. Based on the panels revealed earlier in the clip, which two numbered panels should be selected next to make a matching pair? Answer in (x,y) format.",/nas2/benchmarks/vpi/real/processed/memory_card/0003_pt1.mp4,memory_card,No,Attribute,Dict,,Occlusion,,,FALSE,,,,,,,,,,,,,,,,,,,,
Which numbered card matches the lastly revealed card?,/nas2/benchmarks/vpi/real/processed/memory_card/0003_pt2.mp4,memory_card,No,Attribute,Dict,,Occlusion,,,FALSE,,,,,,,,,,,,,,,,,,,,
"How many matches, including those made with wild cards, were guessed without complete evidence because both (or one of the) cards had not yet been revealed?",/nas2/benchmarks/vpi/real/processed/memory_card/0003_pt2.mp4,memory_card,No,Attribute,Dict,,Occlusion,,,FALSE,,,,,,,,,,,,,,,,,,,,
What's the number of **different** players that attempt a pass in the video? Excluding the ball checking.,/nas2/benchmarks/vpi/real/processed/basketball/0001_pt2.mp4,basketball,No,Attribute,Set,,"Occlusion, Action ambiguity, Multi-entity attribution",,,FALSE,,,,,,,,,,,,,,,,,,,,
What's the number of **different** players that make a shot attempt in the video?,/nas2/benchmarks/vpi/real/processed/basketball/0001_pt2.mp4,basketball,No,Attribute,Set,,"Occlusion, Action ambiguity, Multi-entity attribution",,,FALSE,,,,,,,,,,,,,,,,,,,,
What's the number of **different** players that get possession of the ball in the video? Excluding the ball checking.,/nas2/benchmarks/vpi/real/processed/basketball/0001_pt2.mp4,basketball,No,Attribute,Set,,"Occlusion, Action ambiguity, Multi-entity attribution",,,FALSE,,,,,,,,,,,,,,,,,,,,
What's the number of **different** players that get possesion of the ball in the video?,/nas2/benchmarks/vpi/real/processed/basketball/0003_pt1.mp4,basketball,No,Attribute,Set,,"Occlusion, Action ambiguity, Multi-entity attribution, Camera motion",,,FALSE,,,,,,,,,,,,,,,,,,,,
What's the number of **different** players that make a shot attempt in the video?,/nas2/benchmarks/vpi/real/processed/basketball/0003_pt1.mp4,basketball,No,Attribute,Set,,"Occlusion, Action ambiguity, Multi-entity attribution, Camera motion",,,FALSE,,,,,,,,,,,,,,,,,,,,